# Blender 5.1.1
# www.blender.org
mtllib car.mtl
o Object_2
v 29.474087 10.755911 177.352493
v 31.223572 9.941700 182.003510
v 27.356155 9.650625 183.480072
v 25.548353 10.492860 178.674011
v 33.058689 10.464165 186.683762
v 29.252438 10.191393 188.316330
v 34.700047 13.116898 190.680725
v 30.948513 12.944273 192.446518
v 34.700047 13.116898 190.680725
v 35.897774 17.268818 193.385864
v 32.186169 17.234604 195.241852
v 30.948513 12.944273 192.446518
v 36.469528 22.234806 194.387421
v 32.776981 22.366127 196.276794
v 36.328262 27.258823 193.532837
v 32.631008 27.557619 195.393723
v 35.495487 31.576006 190.952271
v 31.770470 32.018715 192.727142
v 34.097977 34.529106 187.038559
v 30.326374 35.070259 188.682953
v 32.348492 35.668541 182.387543
v 28.518574 36.247677 183.876907
v 30.513382 34.820839 177.707275
v 26.622288 35.371719 179.040634
v 28.872017 32.115059 173.710327
v 24.926214 32.575741 174.910431
v 27.674290 27.963135 171.005173
v 23.688557 28.285406 172.115097
v 27.102535 22.997154 170.003632
v 23.097748 23.153891 171.080185
v 27.243801 17.973137 170.858215
v 23.243721 17.962399 171.963242
v 28.076576 13.655955 173.438797
v 24.104261 13.501299 174.629837
v 24.304758 22.895954 185.078201
v 24.769949 18.248587 184.754196
v 25.419853 18.548782 186.411682
v 26.001129 19.507027 187.827194
v 26.425304 20.977417 188.785217
v 26.627789 22.736107 189.139923
v 26.577763 24.515331 188.837265
v 26.282829 26.044249 187.923370
v 25.787910 27.090084 186.537338
v 25.168339 27.493612 184.890198
v 24.518435 27.193398 183.232697
v 23.937151 26.235159 181.817200
v 23.512985 24.764771 180.859177
v 23.310503 23.006088 180.504501
v 23.360529 21.226852 180.807129
v 23.655453 19.697926 181.721039
v 24.150377 18.652109 183.107071
v 32.502766 12.782912 181.606674
v 31.223572 9.941700 182.003510
v 29.474087 10.755911 177.352493
v 31.164433 13.488176 178.048691
v 33.058689 10.464165 186.683762
v 33.906609 13.264995 185.187012
v 34.700047 13.116898 190.680725
v 35.162228 15.306368 188.244629
v 35.897774 17.268818 193.385864
v 36.078480 18.482533 190.314056
v 36.469528 22.234806 194.387421
v 36.515865 22.281464 191.080215
v 36.328262 27.258823 193.532837
v 36.407799 26.124777 190.426483
v 35.495487 31.576006 190.952271
v 35.770729 29.427370 188.452362
v 34.097977 34.529106 187.038559
v 34.701653 31.686459 185.458435
v 32.348492 35.668541 182.387543
v 33.363316 32.558113 181.900452
v 30.513382 34.820839 177.707275
v 31.959476 31.909632 178.320099
v 28.872017 32.115059 173.710327
v 30.703854 29.839743 175.262482
v 27.674290 27.963135 171.005173
v 29.787613 26.663572 173.193069
v 27.102535 22.997154 170.003632
v 29.350224 22.864647 172.426910
v 27.243801 17.973137 170.858215
v 29.458286 19.021330 173.080643
v 28.076576 13.655955 173.438797
v 30.095360 15.718739 175.054764
v 21.964649 11.036940 180.246033
v 23.714128 10.222729 184.897034
v 22.699303 13.149792 185.384125
v 21.360966 13.855057 181.826141
v 25.549238 10.745195 189.577286
v 24.103144 13.631883 188.964478
v 27.190605 13.397927 193.574249
v 25.358765 15.673247 192.022095
v 28.388329 17.549856 196.279404
v 26.275009 18.849413 194.091522
v 28.960091 22.515837 197.280945
v 26.712395 22.648338 194.857666
v 28.818817 27.539850 196.426361
v 26.604336 26.491657 194.203949
v 27.986042 31.857035 193.845795
v 25.967243 29.794252 192.229828
v 26.588531 34.810135 189.932083
v 24.898188 32.053341 189.235886
v 24.839048 35.949570 185.281067
v 23.559845 32.924988 185.677887
v 23.003935 35.101868 180.600815
v 22.156010 32.276520 182.097565
v 21.362577 32.396091 176.603851
v 20.900375 30.206629 179.039948
v 20.164845 28.244165 173.898697
v 19.984140 27.030455 176.970520
v 19.593092 23.278183 172.897156
v 19.546755 23.231524 176.204361
v 19.734360 18.254168 173.751740
v 19.654819 19.388210 176.858093
v 20.567139 13.936985 176.332321
v 20.291889 16.085615 178.832214
v 31.489418 14.833895 182.064758
v 30.440514 15.472695 179.276230
v 32.589661 15.297771 184.870804
v 33.573734 16.919273 187.267181
v 34.291840 19.408560 188.889069
v 34.634636 22.385929 189.489548
v 34.549934 25.398077 188.977173
v 34.050644 27.986454 187.429993
v 33.212769 29.756981 185.083527
v 32.163860 30.440134 182.294998
v 31.063622 29.931900 179.488953
v 30.079536 28.309645 177.092560
v 29.361435 25.820351 175.470688
v 29.018646 22.842993 174.870224
v 29.103344 19.830837 175.382584
v 29.602638 17.242474 176.929779
v 19.734360 18.254168 173.751740
v 20.567139 13.936985 176.332321
v 19.593092 23.278183 172.897156
v 20.164845 28.244165 173.898697
v 21.362577 32.396091 176.603851
v 23.003935 35.101868 180.600815
v 24.839048 35.949570 185.281067
v 26.588531 34.810135 189.932083
v 27.986042 31.857035 193.845795
v 28.818817 27.539850 196.426361
v 28.960091 22.515837 197.280945
v 28.388329 17.549856 196.279404
v 27.190605 13.397927 193.574249
v 27.190605 13.397927 193.574249
v 25.549238 10.745195 189.577286
v 23.714128 10.222729 184.897034
v 21.964649 11.036940 180.246033
v 31.269661 15.725607 179.092789
v 32.277058 15.095358 181.770981
v 33.333755 15.557611 184.465973
v 34.278893 17.115675 186.767517
v 34.968567 19.506451 188.325211
v 35.297810 22.365997 188.901932
v 35.216457 25.258947 188.409851
v 34.736923 27.744890 186.923874
v 33.932209 29.445358 184.670258
v 32.924809 30.101479 181.992096
v 31.868103 29.613350 179.297089
v 30.922970 28.055294 176.995544
v 30.233284 25.664509 175.437836
v 29.904064 22.804981 174.861145
v 29.985401 19.912014 175.353226
v 30.464939 17.426085 176.839188
v 30.455528 17.287897 180.138443
v 31.239586 16.777239 182.222900
v 32.062031 17.157135 184.320435
v 32.797638 18.369801 186.111755
v 33.334419 20.230560 187.324127
v 33.590664 22.456169 187.772980
v 33.527355 24.707779 187.389999
v 33.154125 26.642607 186.233459
v 32.527813 27.966103 184.479446
v 31.743740 28.476763 182.395004
v 30.921303 28.096849 180.297455
v 30.185692 26.884207 178.506149
v 29.648899 25.023428 177.293762
v 29.392666 22.797832 176.844925
v 29.455978 20.546213 177.227905
v 29.829197 18.611391 178.384460
v 31.871586 19.379230 180.617462
v 32.343014 19.072195 181.870773
v 32.837524 19.300615 183.131958
v 33.279819 20.029749 184.209030
v 33.602570 21.148567 184.937988
v 33.756638 22.486740 185.207855
v 33.718575 23.840576 184.977585
v 33.494160 25.003927 184.282196
v 33.117577 25.799702 183.227570
v 32.646133 26.106737 181.974243
v 32.151638 25.878317 180.713058
v 31.709339 25.149193 179.636002
v 31.386581 24.030365 178.907043
v 31.232510 22.692184 178.637161
v 31.270588 21.338356 178.867432
v 31.494987 20.175003 179.562836
v 33.232319 22.561863 181.638245
v -45.597485 10.755910 179.831558
v -41.800011 10.492861 178.177185
v -39.915478 9.650626 182.953659
v -43.773754 9.941703 184.453949
v -38.076279 10.191394 187.811920
v -41.993893 10.464166 189.155487
v -36.562424 12.944273 192.012329
v -40.528866 13.116898 193.220398
v -40.528866 13.116898 193.220398
v -36.562424 12.944273 192.012329
v -35.604370 17.234602 194.915405
v -39.601723 17.268818 196.029816
v -35.347984 22.366129 196.079193
v -39.353603 22.234808 197.156067
v -35.832294 27.557619 195.326492
v -39.822289 27.258823 196.427643
v -36.983562 32.018719 192.771927
v -40.936428 31.576006 193.955475
v -38.626530 35.070259 188.804382
v -42.526386 34.529106 190.115936
v -40.511063 36.247677 184.027893
v -44.350128 35.668541 185.493530
v -42.350262 35.371719 179.169617
v -46.130001 34.820839 180.791992
v -43.864120 32.575745 174.969208
v -47.595020 32.115059 176.727081
v -44.822174 28.285406 172.066132
v -48.522160 27.963135 173.917664
v -45.078556 23.153889 170.902374
v -48.770275 22.997154 172.791428
v -44.594246 17.962399 171.655060
v -48.301590 17.973137 173.519836
v -43.442970 13.501300 174.209625
v -47.187454 13.655956 175.992004
v -36.580673 22.895954 182.091064
v -35.993813 19.507027 185.267593
v -36.512657 18.548782 183.828018
v -37.142982 18.248587 182.162994
v -35.577602 22.736107 186.661392
v -35.665474 20.977417 186.262543
v -36.138153 26.044249 185.527924
v -35.743595 24.515335 186.403427
v -37.347107 27.493612 182.531143
v -36.701233 27.090084 184.168152
v -38.496269 26.235157 179.426544
v -37.977436 27.193399 180.866119
v -38.912479 23.006088 178.032761
v -38.824612 24.764771 178.431595
v -38.351933 19.697926 179.166214
v -38.746498 21.226852 178.290710
v -37.788849 18.652109 180.525986
v -44.988491 12.782911 185.018082
v -46.383625 13.488178 181.481995
v -45.597485 10.755910 179.831558
v -43.773754 9.941703 184.453949
v -41.993893 10.464166 189.155487
v -43.626915 13.264996 188.614700
v -40.528866 13.116898 193.220398
v -42.506184 15.306368 191.724304
v -39.601723 17.268818 196.029816
v -41.796932 18.482534 193.873474
v -39.353603 22.234808 197.156067
v -41.607128 22.281466 194.735046
v -39.822289 27.258823 196.427643
v -41.965664 26.124777 194.177826
v -40.936428 31.576006 193.955475
v -42.817963 29.427372 192.286636
v -42.526386 34.529106 190.115936
v -44.034271 31.686460 189.349426
v -44.350128 35.668541 185.493530
v -45.429409 32.558113 185.813324
v -46.130001 34.820839 180.791992
v -46.790989 31.909634 182.216705
v -47.595020 32.115059 176.727081
v -47.911713 29.839743 179.107101
v -48.522160 27.963135 173.917664
v -48.620968 26.663574 176.957932
v -48.770275 22.997154 172.791428
v -48.810772 22.864647 176.096375
v -48.301590 17.973137 173.519836
v -48.452232 19.021332 176.653595
v -47.187454 13.655956 175.992004
v -47.599934 15.718740 178.544785
v -38.088043 11.036939 176.938019
v -36.580162 13.855057 177.704529
v -35.185020 13.149791 181.240616
v -36.264313 10.222732 181.560425
v -33.823441 13.631883 184.837250
v -34.484440 10.745194 186.261963
v -32.702717 15.673247 187.946838
v -33.019417 13.397926 190.326874
v -31.993462 18.849413 190.096024
v -32.092270 17.549854 193.136292
v -31.803659 22.648338 190.957581
v -31.844158 22.515839 194.262543
v -32.162193 26.491657 190.400360
v -32.312843 27.539852 193.534119
v -33.014488 29.794250 188.509171
v -33.426979 31.857035 191.061951
v -34.230801 32.053337 185.571960
v -35.016945 34.810135 187.222397
v -35.625946 32.924988 182.035858
v -36.840683 35.949574 182.599991
v -36.987518 32.276516 178.439255
v -38.620552 35.101868 177.898453
v -38.108231 30.206631 175.329651
v -40.085575 32.396088 173.833557
v -38.817497 27.030453 173.180481
v -41.012714 28.244167 171.024139
v -39.007305 23.231524 172.318909
v -41.260830 23.278183 169.897903
v -38.648766 19.388210 172.876144
v -40.792145 18.254166 170.626312
v -37.796463 16.085615 174.767319
v -39.678009 13.936985 173.098480
v -43.929760 14.833895 184.677750
v -45.023186 15.472696 181.906387
v -42.862637 15.297773 187.496567
v -41.984283 16.919275 189.933685
v -41.428413 19.408562 191.618073
v -41.279652 22.385929 192.293304
v -41.560658 25.398077 191.856598
v -42.228634 27.986456 190.374405
v -43.181900 29.756983 188.072388
v -44.275326 30.440134 185.301025
v -45.342449 29.931900 182.482208
v -46.220806 28.309645 180.045090
v -46.776672 25.820354 178.360703
v -46.925434 22.842991 177.685471
v -46.644428 19.830837 178.122192
v -45.976448 17.242474 179.604385
v -40.792145 18.254166 170.626312
v -39.678009 13.936985 173.098480
v -41.260830 23.278183 169.897903
v -41.012714 28.244167 171.024139
v -40.085575 32.396088 173.833557
v -38.620552 35.101868 177.898453
v -36.840683 35.949574 182.599991
v -35.016945 34.810135 187.222397
v -33.426979 31.857035 191.061951
v -32.312843 27.539852 193.534119
v -31.844158 22.515839 194.262543
v -32.092270 17.549854 193.136292
v -33.019417 13.397926 190.326874
v -34.484440 10.745194 186.261963
v -33.019417 13.397926 190.326874
v -36.264313 10.222732 181.560425
v -38.088043 11.036939 176.938019
v -44.710876 15.095358 184.988449
v -45.761040 15.725607 182.326736
v -43.685997 15.557612 187.695694
v -42.842396 17.115677 190.036377
v -42.308521 19.506451 191.654099
v -42.165653 22.365997 192.302628
v -42.435532 25.258947 191.883179
v -43.077080 27.744890 190.459641
v -43.992622 29.445358 188.248749
v -45.042778 30.101479 185.587036
v -46.067669 29.613352 182.879776
v -46.911266 28.055294 180.539093
v -47.445137 25.664513 178.921356
v -47.588005 22.804985 178.272858
v -47.318127 19.912014 178.692291
v -46.676579 17.426086 180.115845
v -43.638412 16.777239 184.627365
v -44.455769 17.287897 182.555740
v -42.840729 17.157135 186.734451
v -42.184147 18.369801 188.556229
v -41.768627 20.230560 189.815323
v -41.657436 22.456169 190.320068
v -41.867481 24.707779 189.993622
v -42.366806 26.642611 188.885666
v -43.079380 27.966101 187.164886
v -43.896729 28.476763 185.093262
v -44.694408 28.096848 182.986176
v -45.350986 26.884205 181.164429
v -45.766506 25.023430 179.905304
v -45.877705 22.797832 179.400574
v -45.667660 20.546213 179.727020
v -45.168324 18.611389 180.834976
v -44.692825 19.072195 185.106689
v -45.184277 19.379230 183.861099
v -44.213203 19.300617 186.373627
v -43.818420 20.029751 187.468994
v -43.568584 21.148567 188.226044
v -43.501728 22.486740 188.529526
v -43.628021 23.840576 188.333252
v -43.928249 25.003929 187.667068
v -44.356693 25.799702 186.632431
v -44.848148 26.106737 185.386810
v -45.327763 25.878317 184.119904
v -45.722546 25.149195 183.024536
v -45.972382 24.030365 182.267471
v -46.039242 22.692184 181.963989
v -45.912956 21.338356 182.160278
v -45.612717 20.175003 182.826447
v -45.508221 22.561865 185.531036
v -43.904285 10.755898 90.977325
v -39.765934 10.492848 90.798958
v -39.724815 9.650615 95.933617
v -43.864498 9.941691 95.946320
v -39.755405 10.191382 101.128265
v -43.894108 10.464153 100.973404
v -39.853043 12.944262 105.592072
v -43.988594 13.116886 105.293221
v -43.988594 13.116886 105.293221
v -39.853043 12.944262 105.592072
v -40.002865 17.234591 108.645470
v -44.133583 17.268806 108.248116
v -40.182060 22.366117 109.823616
v -44.306992 22.234797 109.388245
v -40.363350 27.557608 108.947121
v -44.482433 27.258812 108.540039
v -40.519138 32.018707 106.149452
v -44.633202 31.575994 105.832603
v -40.625698 35.070248 101.856506
v -44.736328 34.529095 101.678154
v -40.666817 36.247665 96.721848
v -44.776115 35.668533 96.709137
v -40.636227 35.371704 91.527191
v -44.746517 34.820824 91.682053
v -40.538586 32.575729 87.063385
v -44.652020 32.115047 87.362244
v -40.388767 28.285395 84.009979
v -44.507038 27.963123 84.407349
v -40.209568 23.153877 82.831848
v -44.333622 22.997143 83.267220
v -40.028278 17.962387 83.708344
v -44.158176 17.973125 84.115440
v -39.872494 13.501287 86.506027
v -44.007412 13.655944 86.822861
v -36.302876 22.895943 96.327728
v -36.897388 19.507015 99.502831
v -36.863930 18.548771 97.972977
v -36.853443 18.248575 96.192673
v -37.010151 22.736095 100.953072
v -36.948738 20.977406 100.549294
v -37.125675 26.044237 99.693848
v -37.072292 24.515324 100.652679
v -37.176289 27.493601 96.462814
v -37.162193 27.090073 98.222565
v -37.132339 26.235146 93.152634
v -37.165802 27.193388 94.682480
v -37.019577 23.006077 91.702408
v -37.080994 24.764757 92.106171
v -36.904053 19.697914 92.961617
v -36.957447 21.226839 92.002800
v -36.867538 18.652098 94.432915
v -45.200836 12.782900 96.035965
v -45.231270 13.488166 92.234726
v -43.904285 10.755898 90.977325
v -43.864498 9.941691 95.946320
v -43.894108 10.464153 100.973404
v -45.223480 13.264984 99.881622
v -43.988594 13.116886 105.293221
v -45.295757 15.306356 103.186234
v -44.133583 17.268806 108.248116
v -45.406677 18.482521 105.446693
v -44.306992 22.234797 109.388245
v -45.539341 22.281452 106.318886
v -44.482433 27.258812 108.540039
v -45.673550 26.124765 105.670006
v -44.633202 31.575994 105.832603
v -45.788879 29.427359 103.598846
v -44.736328 34.529095 101.678154
v -45.867771 31.686447 100.420738
v -44.776115 35.668533 96.709137
v -45.898209 32.558105 96.619507
v -44.746517 34.820824 91.682053
v -45.875561 31.909622 92.773849
v -44.652020 32.115047 87.362244
v -45.803280 29.839731 89.469238
v -44.507038 27.963123 84.407349
v -45.692368 26.663561 87.208771
v -44.333622 22.997143 83.267220
v -45.559700 22.864635 86.336594
v -44.158176 17.973125 84.115440
v -45.425491 19.021320 86.985466
v -44.007412 13.655944 86.822861
v -45.310162 15.718728 89.056618
v -35.856667 11.036927 90.977325
v -34.725216 13.855045 92.234726
v -34.694778 13.149779 96.035965
v -35.816875 10.222720 95.946320
v -34.717422 13.631871 99.881622
v -35.846478 10.745183 100.973404
v -34.789703 15.673236 103.186234
v -35.940964 13.397915 105.293221
v -34.900620 18.849401 105.446693
v -36.085953 17.549843 108.248123
v -35.033279 22.648327 106.318878
v -36.259369 22.515827 109.388245
v -35.167496 26.491646 105.670006
v -36.434811 27.539841 108.540039
v -35.282814 29.794239 103.598846
v -36.585571 31.857023 105.832603
v -35.361713 32.053329 100.420738
v -36.688694 34.810123 101.678146
v -35.392151 32.924980 96.619492
v -36.728485 35.949562 96.709137
v -35.369507 32.276505 92.773849
v -36.698883 35.101860 91.682053
v -35.297211 30.206619 89.469238
v -36.604397 32.396076 87.362244
v -35.186310 27.030441 87.208771
v -36.459412 28.244156 84.407349
v -35.053646 23.231512 86.336594
v -36.285995 23.278172 83.267220
v -34.919434 19.388199 86.985466
v -36.110550 18.254154 84.115440
v -34.804108 16.085604 89.056625
v -35.959789 13.936974 86.822861
v -44.090546 14.833882 96.099068
v -44.114399 15.472685 93.119888
v -44.108292 15.297761 99.113052
v -44.164944 16.919264 101.703003
v -44.251869 19.408550 103.474609
v -44.355843 22.385918 104.158180
v -44.461029 25.398066 103.649635
v -44.551414 27.986443 102.026398
v -44.613247 29.756971 99.535576
v -44.637104 30.440123 96.556404
v -44.619354 29.931889 93.542419
v -44.562702 28.309633 90.952461
v -44.475777 25.820343 89.180855
v -44.371803 22.842979 88.497284
v -44.266617 19.830826 89.005844
v -44.176231 17.242462 90.629089
v -36.110550 18.254154 84.115440
v -35.959789 13.936974 86.822861
v -36.285995 23.278172 83.267220
v -36.459412 28.244156 84.407349
v -36.604397 32.396076 87.362244
v -36.698883 35.101860 91.682053
v -36.728485 35.949562 96.709137
v -36.688694 34.810123 101.678146
v -36.585571 31.857023 105.832603
v -36.434811 27.539841 108.540039
v -36.259369 22.515827 109.388245
v -36.085953 17.549843 108.248123
v -35.940964 13.397915 105.293221
v -35.846478 10.745183 100.973404
v -35.940964 13.397915 105.293221
v -35.816875 10.222720 95.946320
v -35.856667 11.036927 90.977325
v -44.931141 15.095346 96.108124
v -44.954052 15.725595 93.246826
v -44.948185 15.557600 99.002823
v -45.002594 17.115664 101.490288
v -45.086079 19.506439 103.191788
v -45.185940 22.365986 103.848312
v -45.286961 25.258936 103.359879
v -45.373772 27.744877 101.800873
v -45.433155 29.445347 99.408638
v -45.456066 30.101467 96.547356
v -45.439022 29.613340 93.652634
v -45.384613 28.055283 91.165176
v -45.301121 25.664501 89.463676
v -45.201267 22.804972 88.807175
v -45.100243 19.912003 89.295593
v -45.013432 17.426073 90.854599
v -43.800564 16.777227 96.156807
v -43.818405 17.287886 93.929840
v -43.813831 17.157124 98.409782
v -43.856178 18.369789 100.345802
v -43.921150 20.230549 101.670090
v -43.998875 22.456158 102.181061
v -44.077507 24.707767 101.800919
v -44.145073 26.642597 100.587524
v -44.191288 27.966089 98.725632
v -44.209122 28.476751 96.498665
v -44.195854 28.096836 94.245682
v -44.153507 26.884193 92.309677
v -44.088524 25.023418 90.985367
v -44.010807 22.797821 90.474411
v -43.932190 20.546200 90.854553
v -43.864609 18.611378 92.067947
v -44.956806 19.072184 96.224960
v -44.967541 19.379219 94.885956
v -44.964783 19.300604 97.579605
v -44.990246 20.029737 98.743675
v -45.029320 21.148556 99.539932
v -45.076046 22.486729 99.847153
v -45.123325 23.840565 99.618599
v -45.163948 25.003916 98.889023
v -45.191738 25.799690 97.769516
v -45.202461 26.106726 96.430496
v -45.194485 25.878305 95.075867
v -45.169022 25.149183 93.911797
v -45.129948 24.030354 93.115547
v -45.083221 22.692173 92.808319
v -45.035954 21.338345 93.036880
v -44.995316 20.174992 93.766457
v -45.870247 22.561852 96.327736
v 31.628376 10.755899 90.977318
v 31.588589 9.941689 95.946320
v 27.448910 9.650614 95.933609
v 27.490028 10.492848 90.798965
v 31.618198 10.464153 100.973404
v 27.479500 10.191381 101.128265
v 31.712685 13.116886 105.293221
v 27.577137 12.944261 105.592072
v 31.712685 13.116886 105.293221
v 31.857674 17.268806 108.248123
v 27.726959 17.234591 108.645477
v 27.577137 12.944261 105.592072
v 32.031082 22.234795 109.388245
v 27.906155 22.366116 109.823616
v 32.206524 27.258812 108.540031
v 28.087444 27.557608 108.947128
v 32.357292 31.575994 105.832611
v 28.243233 32.018707 106.149445
v 32.460419 34.529095 101.678162
v 28.349792 35.070248 101.856506
v 32.500206 35.668533 96.709137
v 28.390911 36.247665 96.721848
v 32.470608 34.820827 91.682053
v 28.360321 35.371704 91.527191
v 32.376110 32.115051 87.362236
v 28.262680 32.575729 87.063377
v 32.231129 27.963123 84.407341
v 28.112862 28.285395 84.009964
v 32.057713 22.997143 83.267227
v 27.933662 23.153877 82.831856
v 31.882267 17.973125 84.115433
v 27.752373 17.962387 83.708336
v 31.731503 13.655944 86.822861
v 27.596588 13.501287 86.506020
v 24.026966 22.895943 96.327728
v 24.577539 18.248575 96.192665
v 24.588030 18.548769 97.972977
v 24.621485 19.507015 99.502831
v 24.672834 20.977406 100.549294
v 24.734249 22.736095 100.953072
v 24.796389 24.515320 100.652679
v 24.849773 26.044237 99.693848
v 24.886292 27.090073 98.222565
v 24.900385 27.493601 96.462814
v 24.889900 27.193386 94.682487
v 24.856436 26.235147 93.152634
v 24.805092 24.764757 92.106171
v 24.743677 23.006077 91.702408
v 24.681543 21.226839 92.002808
v 24.628153 19.697914 92.961617
v 24.591635 18.652098 94.432915
v 32.924927 12.782901 96.035965
v 31.588589 9.941689 95.946320
v 31.628376 10.755899 90.977318
v 32.955360 13.488165 92.234726
v 31.618198 10.464153 100.973404
v 32.947571 13.264983 99.881622
v 31.712685 13.116886 105.293221
v 33.019848 15.306356 103.186226
v 31.857674 17.268806 108.248123
v 33.130768 18.482521 105.446693
v 32.031082 22.234795 109.388245
v 33.263432 22.281452 106.318886
v 32.206524 27.258812 108.540031
v 33.397640 26.124765 105.670006
v 32.357292 31.575994 105.832611
v 33.512970 29.427359 103.598846
v 32.460419 34.529095 101.678162
v 33.591862 31.686447 100.420746
v 32.500206 35.668533 96.709137
v 33.622299 32.558105 96.619507
v 32.470608 34.820827 91.682053
v 33.599651 31.909620 92.773842
v 32.376110 32.115051 87.362236
v 33.527370 29.839731 89.469238
v 32.231129 27.963123 84.407341
v 33.416458 26.663561 87.208771
v 32.057713 22.997143 83.267227
v 33.283791 22.864635 86.336594
v 31.882267 17.973125 84.115433
v 33.149582 19.021318 86.985458
v 31.731503 13.655944 86.822861
v 33.034252 15.718727 89.056610
v 23.580759 11.036928 90.977318
v 23.540970 10.222717 95.946320
v 22.418873 13.149780 96.035965
v 22.449310 13.855044 92.234726
v 23.570572 10.745183 100.973404
v 22.441519 13.631870 99.881630
v 23.665060 13.397915 105.293221
v 22.513800 15.673235 103.186226
v 23.810047 17.549843 108.248123
v 22.624714 18.849400 105.446693
v 23.983463 22.515825 109.388245
v 22.757376 22.648327 106.318878
v 24.158905 27.539839 108.540039
v 22.891586 26.491646 105.670006
v 24.309668 31.857023 105.832611
v 23.006901 29.794239 103.598846
v 24.412788 34.810120 101.678146
v 23.085806 32.053329 100.420746
v 24.452581 35.949558 96.709137
v 23.116245 32.924976 96.619492
v 24.422979 35.101860 91.682053
v 23.093599 32.276505 92.773842
v 24.328491 32.396080 87.362236
v 23.021299 30.206617 89.469246
v 24.183502 28.244154 84.407341
v 22.910402 27.030441 87.208771
v 24.010086 23.278172 83.267227
v 22.777740 23.231512 86.336594
v 23.834642 18.254154 84.115433
v 22.643530 19.388199 86.985458
v 23.683884 13.936973 86.822861
v 22.528200 16.085604 89.056618
v 31.814640 14.833883 96.099060
v 31.838493 15.472684 93.119888
v 31.832386 15.297760 99.113052
v 31.889038 16.919262 101.703003
v 31.975964 19.408548 103.474609
v 32.079937 22.385918 104.158180
v 32.185123 25.398066 103.649628
v 32.275509 27.986443 102.026390
v 32.337341 29.756969 99.535576
v 32.361195 30.440123 96.556412
v 32.343449 29.931889 93.542419
v 32.286797 28.309633 90.952469
v 32.199871 25.820339 89.180847
v 32.095898 22.842981 88.497292
v 31.990707 19.830826 89.005836
v 31.900326 17.242462 90.629089
v 23.834642 18.254154 84.115433
v 23.683884 13.936973 86.822861
v 24.010086 23.278172 83.267227
v 24.183502 28.244154 84.407341
v 24.328491 32.396080 87.362236
v 24.422979 35.101860 91.682053
v 24.452581 35.949558 96.709137
v 24.412788 34.810120 101.678146
v 24.309668 31.857023 105.832611
v 24.158905 27.539839 108.540039
v 23.983463 22.515825 109.388245
v 23.810047 17.549843 108.248123
v 23.665060 13.397915 105.293221
v 23.665060 13.397915 105.293221
v 23.570572 10.745183 100.973404
v 23.540970 10.222717 95.946320
v 23.580759 11.036928 90.977318
v 32.678150 15.725595 93.246826
v 32.655239 15.095346 96.108124
v 32.672283 15.557600 99.002823
v 32.726688 17.115664 101.490280
v 32.810177 19.506439 103.191788
v 32.910038 22.365986 103.848312
v 33.011059 25.258936 103.359879
v 33.097870 27.744879 101.800873
v 33.157253 29.445347 99.408646
v 33.180164 30.101467 96.547356
v 33.163120 29.613338 93.652634
v 33.108711 28.055283 91.165176
v 33.025219 25.664497 89.463684
v 32.925365 22.804970 88.807175
v 32.824341 19.912003 89.295578
v 32.737530 17.426073 90.854599
v 31.542492 17.287886 93.929832
v 31.524658 16.777227 96.156807
v 31.537926 17.157124 98.409782
v 31.580273 18.369789 100.345802
v 31.645245 20.230549 101.670090
v 31.722969 22.456158 102.181061
v 31.801598 24.707767 101.800919
v 31.869164 26.642595 100.587524
v 31.915382 27.966091 98.725632
v 31.933216 28.476751 96.498665
v 31.919949 28.096838 94.245682
v 31.877602 26.884195 92.309677
v 31.812618 25.023417 90.985367
v 31.734901 22.797821 90.474403
v 31.656277 20.546202 90.854553
v 31.588703 18.611378 92.067947
v 32.691631 19.379219 94.885956
v 32.680897 19.072184 96.224960
v 32.688873 19.300604 97.579605
v 32.714336 20.029737 98.743675
v 32.753410 21.148556 99.539932
v 32.800137 22.486729 99.847153
v 32.847416 23.840565 99.618599
v 32.888039 25.003916 98.889015
v 32.915829 25.799690 97.769516
v 32.926552 26.106726 96.430496
v 32.918575 25.878305 95.075867
v 32.893112 25.149181 93.911812
v 32.854038 24.030354 93.115547
v 32.807312 22.692173 92.808319
v 32.760044 21.338345 93.036880
v 32.719406 20.174992 93.766457
v 33.594337 22.561852 96.327744
v 28.170433 49.036110 59.419113
v 28.207741 45.275169 59.918633
v 25.990788 45.983398 59.826759
v 26.608871 47.779831 59.569473
v 30.448196 45.993317 59.825066
v 28.207741 45.275169 59.918633
v 29.760727 47.835564 59.561592
v 28.216251 51.519119 65.454521
v 30.864815 49.776360 65.462486
v 25.488516 49.667046 65.461365
v 24.480225 46.894981 65.470047
v 28.200043 40.817268 60.534721
v 30.920811 40.767315 60.545166
v 32.182064 45.939636 65.476082
v 25.516462 40.864853 60.531868
v 23.935467 41.075825 65.483742
v 28.200043 40.817268 60.534721
v 32.399349 40.952644 65.492378
v 27.472382 36.848278 208.348694
v 26.081726 37.498817 208.348694
v 26.081726 35.277748 208.801270
v 24.691076 36.848278 208.348694
v 24.115065 35.277740 208.348694
v 24.691076 33.707211 208.348694
v 26.081726 33.056675 208.348694
v 27.472382 33.707207 208.348694
v 28.048397 35.277740 208.348694
v 28.085999 37.541260 205.678879
v 26.081726 38.478844 205.678864
v 24.077471 37.541260 205.678879
v 23.247274 35.277748 205.678879
v 24.077471 33.014229 205.678864
v 26.081726 32.076649 205.678879
v 26.081726 32.076649 205.678879
v 28.085999 33.014229 205.678864
v 28.916191 35.277748 205.678879
v -39.748291 36.848278 208.348694
v -38.357635 35.277748 208.801270
v -38.357635 37.498817 208.348694
v -36.966988 36.848278 208.348694
v -36.390976 35.277740 208.348694
v -36.966988 33.707211 208.348694
v -38.357635 33.056675 208.348694
v -39.748291 33.707207 208.348694
v -40.324306 35.277740 208.348694
v -38.357635 38.478844 205.678864
v -40.361908 37.541260 205.678879
v -36.353378 37.541260 205.678879
v -35.523186 35.277748 205.678879
v -36.353378 33.014229 205.678864
v -38.357635 32.076649 205.678879
v -40.361908 33.014229 205.678864
v -38.357635 32.076649 205.678879
v -41.192101 35.277748 205.678879
v -40.446342 49.036110 59.419113
v -38.884781 47.779831 59.569473
v -38.266697 45.983398 59.826759
v -40.483650 45.275169 59.918633
v -40.492161 51.519119 65.454521
v -42.036636 47.835564 59.561592
v -43.140724 49.776360 65.462486
v -37.764427 49.667046 65.461365
v -36.756134 46.894981 65.470047
v -40.483650 45.275169 59.918633
v -42.724106 45.993317 59.825066
v -37.864243 40.640572 60.562767
v -40.475601 40.612900 60.562965
v -36.220718 41.281715 65.483284
v -40.475601 40.612900 60.562965
v -43.179111 40.676620 60.557671
v -44.457973 45.939636 65.476082
v -44.658356 41.340565 65.491119
v -46.825123 27.172398 168.369278
v -31.499737 27.172398 168.369278
v -33.185188 34.054024 171.300201
v -48.510578 34.054024 171.300201
v -44.732750 19.382763 166.516144
v -29.171444 19.883293 166.516144
v -34.188988 39.382656 179.607025
v -49.514370 39.382656 179.607025
v -29.658831 19.955818 112.905273
v -44.760139 19.385246 112.905273
v -32.315853 30.007734 111.447899
v -47.129101 30.007734 111.447899
v -34.711937 37.252701 106.542091
v -49.525181 37.252701 106.542091
v -6.137955 19.955818 112.905273
v -6.137955 19.883293 166.516144
v -28.703035 19.883293 184.864319
v -33.452759 39.625839 190.128555
v -6.137955 19.883293 184.864319
v -29.596966 28.354290 199.584656
v -36.615097 20.364563 200.163422
v -42.662815 21.900087 199.981049
v -45.724815 28.354290 199.584656
v -31.338919 34.340858 197.048096
v -47.459976 34.340858 197.048096
v -49.156960 39.625839 190.128555
v -28.415659 20.030514 200.410660
v -6.137955 20.517006 202.031845
v -36.615097 20.364563 200.163422
v 34.549213 27.172398 168.369278
v 36.234669 34.054024 171.300201
v 20.909281 34.054024 171.300201
v 19.223827 27.172398 168.369278
v 32.456841 19.382763 166.516144
v 16.895535 19.883293 166.516144
v 21.913078 39.382656 179.607025
v 37.238461 39.382656 179.607025
v 17.382921 19.955818 112.905273
v 32.484230 19.385246 112.905273
v 20.039944 30.007734 111.447899
v 34.853191 30.007734 111.447899
v -6.137955 19.955818 112.905273
v -6.137955 19.883293 166.516144
v 21.176847 39.625839 190.128555
v 16.427126 19.883293 184.864319
v -6.137955 19.883293 184.864319
v 17.321056 28.354290 199.584656
v 33.448906 28.354290 199.584656
v 30.386906 21.900087 199.981049
v 24.339190 20.364563 200.163422
v 19.063009 34.340858 197.048096
v 35.184067 34.340858 197.048096
v 36.881050 39.625839 190.128555
v 16.139750 20.030514 200.410660
v -6.137955 20.517006 202.031845
v 24.339190 20.364563 200.163422
v 24.928806 90.241714 132.048370
v 23.407322 91.689194 132.217834
v 23.475964 91.726265 140.609619
v 24.941469 90.288841 140.087372
v 25.024399 85.392944 109.756523
v 23.204796 87.117622 108.825912
v 22.995014 89.353012 113.983215
v 24.837307 87.709000 114.587944
v 24.858553 89.330750 122.377701
v 23.246567 90.850281 122.120041
v 23.557144 90.650978 146.756714
v 25.006481 89.257645 145.873566
v 20.027874 92.086105 121.914131
v 19.739265 90.672882 113.586685
v 19.606312 88.748001 108.106758
v 21.587488 91.704536 147.354965
v 20.983435 92.867226 140.947540
v 20.560011 92.860176 132.293915
v 17.544834 93.864319 141.280029
v 18.562473 92.606010 147.946823
v 1.653944 91.070183 106.010239
v -6.137955 91.322739 105.642410
v -6.137955 93.395798 111.164124
v 1.735981 93.120903 111.438179
v 16.750454 93.896210 132.374115
v 14.794546 89.966858 107.331352
v 15.080160 91.707008 112.937630
v 15.783396 93.139297 121.655731
v 9.462042 92.568459 111.964554
v 9.281150 90.620995 106.530762
v 1.424483 89.037552 102.019073
v -6.137955 89.118187 101.624512
v 30.889545 53.580696 99.182007
v 29.274242 54.048943 92.493057
v 26.091343 76.311424 102.658798
v 27.685070 73.979630 106.996902
v 25.395811 82.655251 106.692749
v 23.224546 84.600044 105.182671
v -6.137955 95.128914 121.021057
v 1.970188 94.838982 121.289856
v 9.947140 94.194115 121.516815
v 11.393684 94.943146 142.009613
v 12.139418 93.607628 149.188980
v 10.701172 95.020462 132.653397
v 2.752655 95.595047 142.632080
v 2.365938 95.696678 132.905411
v -6.137955 95.988167 132.923401
v -6.137955 95.877403 142.657578
v 3.128524 94.221123 150.259796
v -6.137955 94.576851 150.607361
v 9.094435 88.726860 102.680145
v 27.269535 76.706001 108.240471
v 25.743879 79.476250 104.444969
v 26.776573 80.061340 110.212509
v 26.444489 82.435638 112.283554
v 25.230927 81.756332 112.780380
v 25.551025 79.455345 110.766953
v 25.636616 78.952454 111.248283
v 25.352842 80.990074 113.111214
v 26.380974 86.010323 144.522522
v 26.243587 86.962509 139.374237
v 25.378014 83.976486 146.871902
v 25.175274 85.213028 144.162704
v 26.587990 84.733704 147.314163
v 25.040627 86.136650 139.153381
v 25.269224 84.280655 142.775574
v 25.177418 84.904724 139.162842
v 25.520193 82.903038 146.019012
v 30.214500 56.012375 161.677109
v 26.166119 79.733727 150.459152
v 27.390083 80.374039 150.839813
v 31.498859 56.038742 162.522247
v 29.188229 61.914360 157.748215
v 26.173992 79.558296 149.253769
v 26.166119 79.733727 150.459152
v 30.214500 56.012375 161.677109
v 29.085972 61.473236 147.300812
v 30.086090 55.535011 149.220352
v 29.940315 54.992569 135.065216
v 28.957916 60.921371 134.233337
v 30.203495 55.971458 160.609344
v 29.783665 54.408775 119.831009
v 28.816830 60.314690 119.875587
v 28.786488 60.176231 116.717499
v 29.750191 54.284035 116.575806
v 26.382591 74.874504 117.070961
v 26.363789 75.299149 119.988678
v 25.893818 77.864037 117.142853
v 25.844315 78.454063 120.012558
v 26.180817 86.907997 131.878372
v 24.978846 86.084030 131.854340
v 25.149902 84.715469 131.504395
v 26.067852 85.987267 122.813644
v 26.176533 84.397316 115.646439
v 24.867569 85.192963 123.028320
v 25.064981 84.054962 124.867950
v 24.973936 83.654793 116.050934
v 25.148798 82.484520 115.527504
v 24.912888 84.537598 120.055481
v 25.105886 83.277031 120.046593
v 25.086176 83.083412 117.267029
v 29.650925 53.914101 106.922417
v 28.690636 59.928902 108.552612
v 26.036800 76.153816 108.824913
v 26.024132 76.305901 109.564560
v 26.036800 76.153816 108.824913
v 26.443291 73.499016 107.619850
v 29.579971 53.649330 100.013168
v 26.439369 73.588127 108.232170
v 26.443291 73.499016 107.619850
v 28.111393 63.026184 104.385086
v 28.650764 59.826607 105.176346
v 28.627399 59.766655 103.197838
v 28.514282 60.574585 104.372421
v 29.589931 53.686501 100.983200
v 29.579971 53.649330 100.013168
v 19.470760 90.296364 152.113663
v 12.676260 91.397919 153.427094
v 3.357574 92.229469 154.254578
v -6.137955 92.765640 154.651794
v 3.763110 88.954956 156.808029
v -6.137955 89.373238 157.367752
v 13.223969 88.143517 155.732803
v 4.785651 65.768929 169.593155
v 4.980010 60.732880 172.290665
v 16.239033 59.585991 171.026154
v 15.750216 64.382233 168.506058
v -6.137955 66.575150 170.171539
v -6.137955 61.342339 172.983322
v 20.030632 86.982460 154.282715
v 25.338007 87.588150 149.388107
v 26.321304 82.641678 153.374603
v 30.470364 57.679939 165.564957
v 22.137627 89.592079 151.339874
v 23.913822 88.890648 150.398178
v 22.347393 86.483772 153.588959
v 23.445387 85.600990 153.534210
v 24.996111 57.859428 169.155518
v 24.196264 62.548096 166.801025
v 29.106834 58.110847 166.907272
v 24.924034 83.549667 153.850067
v 24.070723 84.079628 154.225861
v 26.304028 62.177956 166.115875
v 27.511787 58.118683 167.923294
v 28.595989 58.113358 167.232666
v 27.123993 62.418640 165.494995
v 27.547657 64.128754 164.219482
v -6.137955 83.904839 96.830437
v -6.137955 84.908844 97.582230
v 1.303968 84.836441 97.957870
v 1.338730 83.688995 97.107742
v 1.906547 65.988838 86.933029
v 2.293940 54.026703 80.396439
v -6.137955 54.055191 79.817818
v -6.137955 66.205215 86.522453
v 19.511696 86.572708 104.219734
v 14.614370 88.124588 103.697861
v 26.626999 53.813454 87.885437
v 23.885027 77.836670 100.147102
v 23.553555 81.134346 102.356964
v 19.541487 82.835205 100.922440
v 19.779736 79.460800 98.677200
v 9.070124 84.478165 98.606064
v 9.139770 83.402405 97.815308
v 14.822361 84.083031 99.723953
v 12.528362 83.237312 98.531563
v 14.963764 82.570541 98.641327
v 16.201809 81.301331 98.241562
v 16.409088 80.148705 97.517044
v 10.736969 53.924629 81.252548
v 10.096163 65.970924 87.825844
v 21.187519 65.890701 91.333939
v 22.595303 52.320595 83.990662
v 16.969587 69.684822 91.779770
v 17.441240 52.340439 82.142982
v 16.573788 66.977280 90.075058
v 14.741665 65.948982 88.987732
v -37.204716 90.241714 132.048370
v -37.217377 90.288841 140.087372
v -35.751873 91.726265 140.609619
v -35.683231 91.689194 132.217834
v -37.300308 85.392944 109.756523
v -37.113216 87.709000 114.587944
v -35.270924 89.353012 113.983215
v -35.480705 87.117622 108.825912
v -37.134460 89.330750 122.377701
v -35.522476 90.850281 122.120041
v -37.282391 89.257645 145.873566
v -35.833054 90.650978 146.756714
v -32.303783 92.086105 121.914131
v -32.015175 90.672882 113.586685
v -31.882221 88.748001 108.106758
v -33.863396 91.704536 147.354965
v -33.259346 92.867226 140.947540
v -32.835922 92.860176 132.293915
v -29.820744 93.864319 141.280029
v -30.838383 92.606010 147.946823
v -13.929853 91.070183 106.010239
v -14.011890 93.120903 111.438179
v -29.026363 93.896210 132.374115
v -27.356070 91.707008 112.937630
v -27.070456 89.966858 107.331352
v -28.059305 93.139297 121.655731
v -21.557060 90.620995 106.530762
v -21.737951 92.568459 111.964554
v -13.700392 89.037552 102.019073
v -43.165455 53.580696 99.182007
v -39.960979 73.979630 106.996902
v -38.367252 76.311424 102.658798
v -41.550152 54.048943 92.493057
v -37.671722 82.655251 106.692749
v -35.500458 84.600044 105.182671
v -14.246098 94.838982 121.289856
v -22.223049 94.194115 121.516815
v -24.415327 93.607628 149.188980
v -23.669594 94.943146 142.009613
v -22.977081 95.020462 132.653397
v -15.028564 95.595047 142.632080
v -14.641848 95.696678 132.905411
v -15.404433 94.221123 150.259796
v -21.370344 88.726860 102.680145
v -39.545444 76.706001 108.240471
v -38.019791 79.476250 104.444969
v -39.052483 80.061340 110.212509
v -38.720398 82.435638 112.283554
v -37.826935 79.455345 110.766953
v -37.506836 81.756332 112.780380
v -37.912525 78.952454 111.248283
v -37.628754 80.990074 113.111214
v -38.656883 86.010323 144.522522
v -38.519497 86.962509 139.374237
v -37.653923 83.976486 146.871902
v -38.863899 84.733704 147.314163
v -37.451183 85.213028 144.162704
v -37.316536 86.136650 139.153381
v -37.545135 84.280655 142.775574
v -37.453327 84.904724 139.162842
v -37.796104 82.903038 146.019012
v -42.490410 56.012375 161.677109
v -43.774769 56.038742 162.522247
v -39.665993 80.374039 150.839813
v -38.442028 79.733727 150.459152
v -41.464138 61.914360 157.748215
v -42.490410 56.012375 161.677109
v -38.442028 79.733727 150.459152
v -38.449902 79.558296 149.253769
v -41.361881 61.473236 147.300812
v -41.233826 60.921371 134.233337
v -42.216225 54.992569 135.065216
v -42.362000 55.535011 149.220352
v -42.479404 55.971458 160.609344
v -41.092739 60.314690 119.875587
v -42.059574 54.408775 119.831009
v -41.062397 60.176231 116.717499
v -42.026100 54.284035 116.575806
v -38.658501 74.874504 117.070961
v -38.639698 75.299149 119.988678
v -38.169727 77.864037 117.142853
v -38.120224 78.454063 120.012558
v -38.456726 86.907997 131.878372
v -37.254753 86.084030 131.854340
v -37.425812 84.715469 131.504395
v -38.343761 85.987267 122.813644
v -38.452442 84.397316 115.646439
v -37.143478 85.192963 123.028320
v -37.340889 84.054962 124.867950
v -37.249847 83.654793 116.050934
v -37.424706 82.484520 115.527504
v -37.188797 84.537598 120.055481
v -37.381798 83.277031 120.046593
v -37.362083 83.083412 117.267029
v -40.966545 59.928902 108.552612
v -41.926834 53.914101 106.922417
v -38.312710 76.153816 108.824913
v -38.312710 76.153816 108.824913
v -38.300041 76.305901 109.564560
v -41.855881 53.649330 100.013168
v -38.719200 73.499016 107.619850
v -38.719200 73.499016 107.619850
v -38.715279 73.588127 108.232170
v -40.387302 63.026184 104.385086
v -40.926674 59.826607 105.176346
v -40.790192 60.574585 104.372421
v -40.903309 59.766655 103.197838
v -41.865841 53.686501 100.983200
v -41.855881 53.649330 100.013168
v -31.746670 90.296364 152.113663
v -24.952169 91.397919 153.427094
v -15.633484 92.229469 154.254578
v -16.039021 88.954956 156.808029
v -25.499878 88.143517 155.732803
v -17.061562 65.768929 169.593155
v -28.026125 64.382233 168.506058
v -28.514942 59.585991 171.026154
v -17.255920 60.732880 172.290665
v -32.306541 86.982460 154.282715
v -37.613914 87.588150 149.388107
v -38.597214 82.641678 153.374603
v -42.746273 57.679939 165.564957
v -34.413536 89.592079 151.339874
v -36.189732 88.890648 150.398178
v -34.623302 86.483772 153.588959
v -35.721298 85.600990 153.534210
v -36.472176 62.548096 166.801025
v -37.272018 57.859428 169.155518
v -41.382744 58.110847 166.907272
v -37.199944 83.549667 153.850067
v -36.346634 84.079628 154.225861
v -38.579937 62.177956 166.115875
v -39.787697 58.118683 167.923294
v -39.399902 62.418640 165.494995
v -40.871899 58.113358 167.232666
v -39.823566 64.128754 164.219482
v -13.614639 83.688995 97.107742
v -13.579878 84.836441 97.957870
v -14.182456 65.988838 86.933029
v -14.569849 54.026703 80.396439
v -31.787605 86.572708 104.219734
v -26.890280 88.124588 103.697861
v -36.160934 77.836670 100.147102
v -38.902908 53.813454 87.885437
v -35.829464 81.134346 102.356964
v -31.817396 82.835205 100.922440
v -32.055645 79.460800 98.677200
v -21.346033 84.478165 98.606064
v -21.415680 83.402405 97.815308
v -27.098270 84.083031 99.723953
v -24.804272 83.237312 98.531563
v -27.239674 82.570541 98.641327
v -28.477718 81.301331 98.241562
v -28.684998 80.148705 97.517044
v -23.012878 53.924629 81.252548
v -22.372072 65.970924 87.825844
v -33.463428 65.890701 91.333939
v -34.871212 52.320595 83.990662
v -29.245497 69.684822 91.779770
v -29.717150 52.340439 82.142982
v -28.849697 66.977280 90.075058
v -27.017574 65.948982 88.987732
v -35.536102 90.506317 146.553162
v -36.767845 85.213028 143.985077
v -36.634552 86.136650 139.025848
v -35.455734 91.522377 140.467529
v -34.979591 89.279846 114.107391
v -35.187279 87.167595 109.001663
v -31.624779 88.549240 108.289696
v -31.756403 90.143814 113.714821
v -33.586143 90.998436 147.145416
v -32.988129 91.961594 140.802063
v -29.583916 92.787598 141.131226
v -30.591377 91.745209 147.731354
v -13.851934 90.472931 106.214142
v -6.137955 90.682144 105.849991
v -6.137955 92.399475 111.316490
v -13.933150 92.171753 111.587799
v -32.568939 91.955757 132.234985
v -28.797478 92.814011 132.314392
v -26.861130 89.558945 107.522049
v -27.143887 91.000481 113.072258
v -32.042126 91.314529 121.959000
v -27.840092 92.186989 121.703178
v -21.581953 91.714104 112.108917
v -21.402868 90.100830 106.729462
v -13.624768 88.214272 102.399818
v -6.137955 88.269318 102.009201
v -6.137955 93.835182 121.074852
v -14.165016 93.595001 121.340958
v -22.062197 93.060791 121.565651
v -23.494278 93.681290 141.853531
v -24.232553 92.574951 148.961090
v -22.808691 93.745346 132.590866
v -14.939659 94.221313 142.469757
v -14.556808 94.305511 132.840363
v -6.137955 94.546974 132.858170
v -6.137955 94.455238 142.494995
v -15.311768 93.083160 150.021210
v -6.137955 93.377853 150.365295
v -21.218021 88.002213 103.054283
v -35.889214 88.631889 149.774857
v -36.968559 83.976486 147.051743
v -36.841530 84.474472 142.897293
v -36.722908 85.332886 139.031967
v -37.078663 83.136833 146.090500
v -31.490582 89.646858 151.473190
v -24.764027 90.559395 152.773499
v -15.538528 91.248253 153.592697
v -6.137955 91.692406 153.985947
v -15.907181 88.992691 155.913925
v -6.137955 89.574112 156.458817
v -25.259911 88.194756 154.861038
v -16.963997 65.252373 168.939880
v -17.144741 60.521805 171.448425
v -28.291174 59.374924 170.196548
v -27.838133 63.865021 167.860916
v -6.137955 66.058701 169.512939
v -6.137955 61.131264 172.134155
v -31.997080 87.046257 153.435455
v -37.748783 79.733727 150.603119
v -36.889324 83.338600 153.192230
v -34.130783 89.063431 150.707153
v -34.320164 86.538818 152.737671
v -35.458183 85.618668 152.660492
v -36.960678 57.648361 168.344635
v -36.220802 62.029282 166.166672
v -36.296703 83.710373 153.453217
v -38.346481 61.658066 165.471497
v -39.451195 57.907616 167.124725
v -40.524559 57.902290 166.441010
v -39.172604 61.896431 164.845047
v -39.566704 63.605835 163.595840
v -41.030293 57.899780 166.118866
v -6.137955 83.797157 97.317650
v -6.137955 84.646828 97.947517
v -13.505458 84.574432 98.319412
v -13.535221 83.582085 97.591545
v -14.107733 65.548355 87.308258
v -14.485530 53.764694 80.933586
v -6.137955 53.793182 80.360748
v -6.137955 65.765251 86.901123
v -35.206833 84.918091 105.531784
v -31.531109 86.531853 104.578476
v -26.682756 87.591118 104.061813
v -21.193951 84.216148 98.961121
v -16.039021 88.954956 156.808029
v -6.137955 89.373238 157.367752
v -25.499880 88.143517 155.732803
v -32.306541 86.982460 154.282715
v -34.623302 86.483772 153.588959
v -35.721291 85.600990 153.534210
v -36.346626 84.079628 154.225861
v -39.823570 64.128754 164.219482
v -39.399902 62.418640 165.494995
v -38.579941 62.177956 166.115875
v -36.472176 62.548096 166.801025
v -28.026125 64.382233 168.506058
v -17.061562 65.768929 169.593155
v -6.137955 66.575150 170.171539
v -36.573387 86.084030 131.799789
v -35.387779 91.487350 132.159653
v -35.228630 90.694649 122.162849
v -36.692650 85.120171 131.555801
v -37.453331 84.904724 139.162842
v -37.425808 84.715469 131.504395
v -37.545135 84.280655 142.775574
v -37.796104 83.050293 146.019012
v -36.822945 81.756332 112.635406
v -37.139843 79.455338 110.642120
v -36.917297 81.157364 113.111214
v -37.628754 80.990074 113.111214
v -37.912521 78.952454 111.248283
v -37.203346 79.078499 111.209900
v -36.568527 83.654793 115.873260
v -37.620758 76.153816 108.719498
v -35.532555 81.134346 102.597404
v -38.300045 76.305901 109.564560
v -37.611221 76.269524 109.490547
v -36.463226 85.192963 123.062042
v -37.620758 76.153816 108.719498
v -40.793270 61.608856 157.655975
v -37.755009 79.593750 149.344162
v -37.748783 79.733727 150.603119
v -41.756683 56.012375 161.708908
v -40.716671 61.010078 147.240021
v -41.629562 55.535011 148.992157
v -41.361881 61.473236 147.300812
v -41.464134 61.914360 157.748215
v -41.756683 56.012375 161.708908
v -38.449905 79.558296 149.253769
v -38.715275 73.588127 108.232170
v -38.020313 73.565063 108.184235
v -38.023186 73.499016 107.526489
v -35.860703 77.836670 100.409637
v -38.023186 73.499016 107.526489
v -40.265461 59.451012 105.134659
v -40.101074 60.375420 104.306053
v -40.790188 60.574585 104.372421
v -40.926670 59.826607 105.176346
v -39.641800 63.208229 104.324844
v -40.387302 63.026184 104.385086
v -39.575836 63.574173 103.761177
v -41.128498 53.649330 99.995865
v -38.575256 53.813454 88.270592
v -41.138359 53.686501 101.237373
v -41.128498 53.649330 99.995865
v -39.575836 63.574173 103.761177
v -40.966545 59.928902 108.552612
v -40.323109 59.454079 108.603683
v -41.198750 53.914101 107.117203
v -41.485241 54.992569 134.978577
v -40.593864 60.426384 134.223770
v -41.233826 60.921371 134.233337
v -37.424706 82.484520 115.527504
v -36.705578 82.728325 115.685616
v -40.427677 59.687790 117.138748
v -41.297012 54.284035 116.674057
v -37.946712 75.248131 119.705765
v -37.960312 74.938065 117.596573
v -37.471413 77.957886 117.687332
v -37.436150 78.382385 119.731308
v -40.451191 59.795601 119.583420
v -41.330158 54.408775 119.896713
v -41.092739 60.314690 119.875587
v -41.062393 60.176231 116.717499
v -38.658501 74.874504 117.070961
v -38.169727 77.864037 117.142853
v -38.639698 75.299149 119.988678
v -38.120224 78.454063 120.012558
v -36.627621 84.235725 124.593987
v -37.340889 84.054962 124.867950
v -36.637325 83.640503 119.733391
v -36.508083 84.537598 120.118935
v -36.650154 83.333351 117.832848
v -37.362083 83.083412 117.267029
v -37.381798 83.277031 120.046593
v -14.182456 65.988838 86.933029
v -6.137955 66.205215 86.522453
v -6.137955 83.904839 96.830437
v -13.614639 83.688995 97.107742
v -31.560600 82.573196 101.254333
v -21.252935 83.295906 98.291435
v -26.888666 83.821014 100.067825
v -24.768024 83.031311 98.965546
v -27.005888 82.554565 99.170380
v -27.239674 82.570541 98.641327
v -24.804274 83.237312 98.531563
v -28.475340 81.141846 98.777679
v -28.477718 81.301331 98.241562
v -28.750433 79.826721 97.983109
v -28.684996 80.148705 97.517044
v -22.844130 53.662621 81.781136
v -22.219126 65.530495 88.192314
v -31.796469 79.198784 99.031540
v -22.372072 65.970924 87.825844
v -27.017574 65.948982 88.987732
v -26.844130 65.506966 89.349335
v -21.415680 83.402405 97.815308
v -29.245495 69.684822 91.779770
v -29.333418 69.132965 92.169357
v -28.849695 66.977280 90.075058
v -28.965794 66.633621 90.609070
v -29.481358 52.078430 82.662674
v -33.190170 65.628693 91.761703
v -34.583878 52.058586 84.491875
v 23.260195 90.506317 146.553162
v 23.179823 91.522377 140.467529
v 24.358643 86.136650 139.025848
v 24.491941 85.213028 143.985077
v 22.703686 89.279846 114.107391
v 19.480494 90.143814 113.714821
v 19.348869 88.549240 108.289696
v 22.911369 87.167595 109.001663
v 21.310234 90.998436 147.145416
v 20.712221 91.961594 140.802063
v 17.308008 92.787598 141.131226
v 18.315470 91.745209 147.731354
v 1.576024 90.472931 106.214142
v 1.657241 92.171753 111.587799
v 16.521570 92.814011 132.314392
v 20.293032 91.955757 132.234985
v 14.867977 91.000481 113.072258
v 14.585222 89.558945 107.522049
v 19.766216 91.314529 121.959000
v 15.564184 92.186989 121.703178
v 9.126959 90.100830 106.729462
v 9.306042 91.714104 112.108917
v 1.348859 88.214272 102.399818
v 1.889107 93.595001 121.340958
v 9.786287 93.060791 121.565651
v 11.956644 92.574951 148.961090
v 11.218367 93.681290 141.853531
v 10.532782 93.745346 132.590866
v 2.663750 94.221313 142.469757
v 2.280899 94.305511 132.840363
v 3.035858 93.083160 150.021210
v 8.942111 88.002213 103.054283
v 24.692652 83.976486 147.051743
v 23.613304 88.631889 149.774857
v 24.565615 84.474472 142.897293
v 24.446997 85.332886 139.031967
v 24.802753 83.136833 146.090500
v 19.214672 89.646858 151.473190
v 12.488117 90.559395 152.773499
v 3.262620 91.248253 153.592697
v 3.631272 88.992691 155.913925
v 12.984001 88.194756 154.861038
v 4.688087 65.252373 168.939880
v 15.562223 63.865021 167.860916
v 16.015263 59.374924 170.196548
v 4.868831 60.521805 171.448425
v 19.721169 87.046257 153.435455
v 25.472878 79.733727 150.603119
v 24.613415 83.338600 153.192230
v 21.854870 89.063431 150.707153
v 22.044252 86.538818 152.737671
v 23.182274 85.618668 152.660492
v 23.944895 62.029282 166.166672
v 24.684772 57.648361 168.344635
v 24.020794 83.710373 153.453217
v 26.070572 61.658066 165.471497
v 27.175289 57.907616 167.124725
v 26.896690 61.896431 164.845047
v 28.248650 57.902290 166.441010
v 27.290794 63.605835 163.595840
v 28.754387 57.899780 166.118866
v 1.259311 83.582085 97.591545
v 1.229549 84.574432 98.319412
v 1.831823 65.548355 87.308258
v 2.209620 53.764694 80.933586
v 19.255199 86.531853 104.578476
v 22.930922 84.918091 105.531784
v 14.406845 87.591118 104.061813
v 8.918042 84.216148 98.961121
v 3.763110 88.954956 156.808029
v 13.223969 88.143517 155.732803
v 20.030632 86.982460 154.282715
v 22.347393 86.483772 153.588959
v 23.445387 85.600990 153.534210
v 24.070723 84.079628 154.225861
v 27.547657 64.128754 164.219482
v 27.123993 62.418640 165.494995
v 26.304028 62.177956 166.115875
v 24.196264 62.548096 166.801025
v 15.750216 64.382233 168.506058
v 4.785651 65.768929 169.593155
v 23.111870 91.487350 132.159653
v 24.297476 86.084030 131.799789
v 22.952721 90.694649 122.162849
v 24.416744 85.120171 131.555801
v 25.149902 84.715469 131.504395
v 25.177422 84.904724 139.162842
v 25.269224 84.280655 142.775574
v 25.520193 83.050293 146.019012
v 24.863934 79.455338 110.642120
v 24.547035 81.756332 112.635406
v 24.641382 81.157364 113.111214
v 24.927435 79.078499 111.209900
v 25.636616 78.952454 111.248283
v 25.352842 80.990074 113.111214
v 24.292616 83.654793 115.873260
v 25.344852 76.153816 108.719498
v 23.256639 81.134346 102.597404
v 25.335310 76.269524 109.490547
v 26.024132 76.305901 109.564560
v 24.187315 85.192963 123.062042
v 25.344852 76.153816 108.719498
v 28.517361 61.608856 157.655975
v 29.480774 56.012375 161.708908
v 25.472878 79.733727 150.603119
v 25.479095 79.593750 149.344162
v 28.440762 61.010078 147.240021
v 29.353653 55.535011 148.992157
v 29.188229 61.914360 157.748215
v 29.085972 61.473236 147.300812
v 29.480774 56.012375 161.708908
v 26.173992 79.558296 149.253769
v 25.744400 73.565063 108.184235
v 26.439369 73.588127 108.232170
v 25.747276 73.499016 107.526489
v 23.584795 77.836670 100.409637
v 25.747276 73.499016 107.526489
v 27.989552 59.451012 105.134659
v 28.650764 59.826607 105.176346
v 28.514282 60.574585 104.372421
v 27.825165 60.375420 104.306053
v 27.365887 63.208229 104.324844
v 28.111393 63.026184 104.385086
v 27.299931 63.574173 103.761177
v 26.299351 53.813454 88.270592
v 28.852589 53.649330 99.995865
v 28.852589 53.649330 99.995865
v 28.862450 53.686501 101.237373
v 27.299931 63.574173 103.761177
v 28.047199 59.454079 108.603683
v 28.690636 59.928902 108.552612
v 28.922836 53.914101 107.117203
v 29.209332 54.992569 134.978577
v 28.317955 60.426384 134.223770
v 28.957916 60.921371 134.233337
v 25.148798 82.484520 115.527504
v 24.429668 82.728325 115.685616
v 29.021107 54.284035 116.674057
v 28.151768 59.687790 117.138748
v 25.670803 75.248131 119.705765
v 25.160244 78.382385 119.731308
v 25.195503 77.957886 117.687332
v 25.684399 74.938065 117.596573
v 29.054249 54.408775 119.896713
v 28.175282 59.795601 119.583420
v 28.816830 60.314690 119.875587
v 28.786488 60.176231 116.717499
v 25.893818 77.864037 117.142853
v 26.382591 74.874504 117.070961
v 26.363789 75.299149 119.988678
v 25.844315 78.454063 120.012558
v 24.351707 84.235725 124.593987
v 25.064981 84.054962 124.867950
v 24.232178 84.537598 120.118935
v 24.361416 83.640503 119.733391
v 24.374249 83.333351 117.832848
v 25.086176 83.083412 117.267029
v 25.105886 83.277031 120.046593
v 1.906547 65.988838 86.933029
v 1.338730 83.688995 97.107742
v 19.284693 82.573196 101.254333
v 8.977024 83.295906 98.291435
v 14.612759 83.821014 100.067825
v 12.492115 83.031311 98.965546
v 12.528362 83.237312 98.531563
v 14.963764 82.570541 98.641327
v 14.729977 82.554565 99.170380
v 16.199429 81.141846 98.777679
v 16.201809 81.301331 98.241562
v 16.474525 79.826721 97.983109
v 16.409088 80.148705 97.517044
v 10.568220 53.662621 81.781136
v 9.943218 65.530495 88.192314
v 19.520559 79.198784 99.031540
v 10.096163 65.970924 87.825844
v 14.568220 65.506966 89.349335
v 14.741665 65.948982 88.987732
v 9.139770 83.402405 97.815308
v 16.969587 69.684822 91.779770
v 17.057508 69.132965 92.169357
v 16.689884 66.633621 90.609070
v 16.573788 66.977280 90.075058
v 17.205448 52.078430 82.662674
v 20.914265 65.628693 91.761703
v 22.307970 52.058586 84.491875
v 21.115396 50.959877 210.909409
v 22.014254 50.527977 210.792969
v 23.131977 52.369560 211.175751
v 22.458511 53.143761 211.285187
v 26.827194 54.021469 211.624100
v 26.829128 53.922195 209.669342
v 28.820782 53.576591 211.486633
v 30.310333 52.293716 209.669342
v 30.522411 52.369560 211.175751
v 24.833611 53.576591 211.486633
v 26.829128 53.922195 209.669342
v 23.347925 52.293716 209.669342
v 31.640144 46.204323 210.090118
v 32.053020 48.367638 210.407883
v 31.752285 48.362213 209.669342
v 31.640144 50.527977 210.792969
v 26.829128 52.239365 210.749359
v 29.256680 51.103783 210.749359
v 24.401575 51.103783 210.749359
v 26.829128 52.239365 210.749359
v 30.262203 48.362221 210.749359
v 26.829124 48.362206 211.487930
v 26.829124 48.362206 211.487930
v 2.030972 35.198540 64.742081
v 9.024235 35.117020 65.359116
v 8.960940 32.321693 65.131523
v 1.818817 32.324020 64.481148
v -6.137955 32.325584 64.120102
v -6.137955 35.211044 64.384026
v 18.387079 34.773716 66.795998
v 17.863392 32.885525 66.660652
v 19.962992 34.745270 67.047241
v 19.104671 31.560129 66.931572
v 8.286469 21.036980 205.023438
v 8.339635 22.961147 206.108917
v -6.137955 22.947498 207.232483
v -6.137955 21.035538 206.126648
v 8.896147 27.390911 207.378540
v -6.137955 27.345333 208.326813
v 9.581489 30.261639 207.695435
v 10.751249 33.249306 207.902100
v -6.137955 31.754543 208.905090
v -6.137955 30.212908 208.705978
v -6.137955 19.237461 202.649323
v 8.393741 19.237461 202.198059
v 32.604649 52.706474 81.492165
v 33.002666 53.459335 88.384247
v 35.105602 48.804230 89.359070
v 34.737907 48.052711 83.181274
v 28.216251 51.519119 65.454521
v 25.488516 49.667046 65.461365
v 25.262293 51.097305 67.328316
v 28.513264 52.726761 67.394188
v 28.890240 53.496078 71.850975
v 25.064997 52.429520 71.705284
v 25.078810 53.480415 75.802177
v 29.152153 54.109695 75.879410
v 12.562750 22.975744 205.781586
v 13.036860 27.436790 207.074127
v 12.524628 21.039467 204.717438
v 12.643570 19.237461 202.106018
v 34.891399 28.955151 81.326462
v 35.873173 32.838081 83.375259
v 35.803291 31.719875 84.586266
v 34.838070 27.961407 82.736511
v 36.558910 35.111446 87.449615
v 36.656540 36.505798 86.559929
v 35.066833 31.589554 84.727463
v 34.107803 27.845209 82.900940
v 35.803806 34.951576 87.552002
v 36.613655 38.218830 96.202621
v 36.366302 37.233353 91.528175
v 37.129856 37.411240 91.472443
v 37.380180 38.405586 96.194534
v 36.418484 35.698357 105.502701
v 36.771729 37.691978 101.122002
v 37.540531 37.880775 101.155655
v 37.258633 35.876625 105.576622
v 37.456661 37.450954 106.225586
v 36.812607 33.739326 109.691223
v 36.576462 32.432907 108.678284
v 35.602001 28.584539 110.559196
v 35.900303 29.729326 111.863930
v 37.533348 40.049156 96.124619
v 37.714211 39.548141 101.454132
v 37.256462 38.972267 90.984802
v 35.526081 32.283569 108.561157
v 34.380745 28.453396 110.408508
v 35.944275 44.924011 184.471558
v 36.026497 44.046036 178.342560
v 36.200005 51.944893 177.035919
v 36.104530 51.848488 184.359695
v 30.956490 21.230637 199.155090
v 32.282566 22.880127 199.082291
v 31.879147 23.087017 200.719498
v 30.555183 21.341120 200.781738
v 37.704288 37.493706 174.351410
v 37.930244 39.913490 179.086578
v 37.645885 38.035404 179.554947
v 37.399128 35.893364 175.263428
v 37.576019 38.883209 184.402710
v 37.804878 40.820786 184.412170
v 37.546181 40.042595 189.606705
v 37.341526 38.268906 189.141983
v 30.386906 21.664658 198.941666
v 31.448067 23.112122 198.873093
v 32.646439 26.799957 198.545288
v 33.753845 26.851414 198.742035
v 36.729919 38.669849 184.401398
v 36.793591 37.828316 179.607025
v 36.544369 35.715420 175.366287
v 36.654060 36.255405 193.238876
v 35.816216 36.091106 193.136322
v 36.497894 38.071503 189.089172
v 36.082127 29.787399 168.730072
v 36.965385 33.734394 170.928131
v 36.740158 32.624920 172.192932
v 35.923752 28.987183 170.222321
v 35.894108 32.499695 172.339386
v 35.090706 28.895708 170.396667
v 33.080379 22.942215 169.013290
v 34.223961 23.061390 168.835342
v 31.881878 19.981632 111.957581
v 32.938328 20.220835 112.102280
v 31.856800 18.454823 163.086594
v 31.964054 18.448866 147.342957
v 32.828701 18.699448 147.343048
v 32.754250 18.705101 163.086792
v 31.936287 18.962669 167.555313
v 32.846817 19.199179 167.411957
v 24.595709 19.465719 201.003204
v 12.643307 19.359787 200.503143
v 24.654100 19.557396 199.397278
v 24.595709 19.465719 201.003204
v 24.654100 19.557396 199.397278
v 8.393783 19.359901 200.595200
v -6.137955 19.359901 201.046463
v -6.137955 19.879623 200.873535
v 8.394670 19.879620 200.422272
v 12.637341 19.878681 200.330154
v 24.543480 20.069580 199.217865
v 24.543480 20.069580 199.217865
v 35.748493 41.244610 172.156662
v 34.712353 30.912458 166.954651
v 35.200367 35.420013 168.499359
v 34.682529 31.347015 162.663666
v 35.079254 35.445328 162.679733
v 35.020908 42.767403 90.443680
v 35.369717 43.903152 96.103714
v 32.299862 52.083405 75.999603
v 34.284115 47.393883 77.653679
v 29.434292 54.841438 81.319641
v 31.948898 51.504128 71.904251
v 31.307495 50.768486 67.409264
v 30.864815 49.776360 65.462486
v 35.619774 41.023010 162.664398
v 35.237194 35.678261 111.520584
v 34.773994 31.159613 113.434250
v 35.647758 41.206902 108.238434
v 35.340286 35.416553 126.901901
v 34.957771 31.517254 127.271706
v 35.853951 40.903030 126.631165
v 26.748180 40.274124 208.777679
v 25.501642 36.351906 207.351700
v 29.525887 40.916939 208.739151
v 22.281750 35.101208 66.581894
v 23.906431 35.839394 65.499123
v 24.860846 33.017559 65.492043
v 23.169174 32.205990 66.450890
v 26.974766 29.339735 66.156258
v 27.702774 31.047226 65.477058
v 28.747822 18.621878 70.542923
v 27.241180 18.616745 69.282913
v 28.101357 18.838974 68.207275
v 29.798428 18.843870 69.804604
v 25.739857 18.864914 67.616257
v 25.109430 18.616743 68.915421
v 2.579482 18.616751 65.805107
v -6.137955 18.616751 65.401733
v -6.137955 19.020786 64.076546
v 2.580309 19.026928 64.559662
v 25.109430 18.616743 68.915421
v 19.561272 18.616745 68.861839
v 19.832344 19.015507 67.629814
v 25.739857 18.864914 67.616257
v 26.806850 25.688168 66.631195
v 29.362659 25.314243 67.280540
v 28.743965 22.130922 67.607788
v 26.235100 22.381172 66.971809
v 30.492657 22.098082 69.353905
v 31.181854 25.457930 68.918159
v 26.094917 21.292278 67.092758
v 28.573872 21.163513 67.731079
v 30.302254 21.066925 69.473740
v 26.974766 29.339735 66.156258
v 30.265923 29.701509 66.821655
v 26.806850 25.688168 66.631195
v 19.862936 21.853661 67.245026
v 26.094917 21.292278 67.092758
v 34.752308 39.905018 84.467178
v 34.165218 38.844921 78.712204
v 35.610424 43.433212 102.044662
v 33.104462 21.838749 81.238602
v 33.219791 23.554043 79.832367
v 32.100971 21.652306 81.393051
v 31.618366 18.968744 80.051453
v 32.006134 19.196060 79.919960
v 32.282913 21.174921 78.697548
v 31.107368 18.878731 76.160393
v 31.619858 18.887211 78.154724
v 31.183289 18.657776 78.244629
v 30.636475 18.652645 76.291267
v 33.083328 24.260515 79.157913
v 32.814346 24.734203 77.514809
v 33.577461 30.603111 77.331963
v 33.860798 30.122009 79.319305
v 31.574986 20.938942 75.501823
v 32.453682 25.264748 75.045815
v 31.792240 22.027790 75.255394
v 34.037601 34.666615 78.084442
v 34.442055 34.595734 81.112732
v 32.369473 21.984890 78.103638
v 32.146580 21.999054 76.991028
v 31.937019 20.800426 77.362045
v -6.137955 23.428764 63.771568
v 2.580747 23.491047 64.142464
v 2.580832 21.751793 64.155975
v -6.137955 21.701731 63.784012
v 19.892239 23.594690 67.166542
v 26.235100 22.381172 66.971809
v 27.647709 58.424561 198.764755
v 27.455219 57.898491 202.610016
v 32.439789 55.756966 202.528870
v 32.671490 56.133347 198.656219
v 33.071083 56.692436 192.224213
v 28.143471 59.002563 192.294800
v 33.489929 56.953041 184.292679
v 28.987633 59.484261 184.087143
v 8.777869 18.616751 66.520782
v 8.954109 19.032513 65.292290
v -6.137955 30.822655 63.982643
v 2.580125 30.821043 64.344749
v 8.926867 30.817112 65.009018
v 8.972716 23.583395 64.874062
v 8.973868 21.818949 64.896530
v 24.400034 55.788956 208.690567
v 27.146309 56.370461 208.683762
v 27.267059 57.416298 204.856216
v 13.689821 30.250788 207.319565
v 24.631496 27.557522 206.596710
v 24.842522 30.036407 206.883636
v 12.977331 34.293411 207.758774
v 29.732018 55.745155 208.681091
v 32.314823 55.333290 204.823334
v 31.886818 54.075409 208.673462
v 35.453457 50.846291 197.038300
v 35.853191 51.432510 191.377884
v 35.723209 43.877213 190.504883
v 35.106293 50.352463 200.259445
v 15.557253 40.048210 206.740570
v 12.267086 34.979301 206.971313
v 16.267498 39.989353 207.528015
v 15.576805 43.613327 206.131470
v 16.287050 44.296516 206.918915
v 13.360214 45.306870 206.720718
v 13.455050 45.990059 207.508163
v 3.456679 46.202782 208.079254
v 3.503346 46.885971 208.866699
v 34.478451 29.383129 197.971390
v 33.359653 29.306536 197.785339
v 34.679924 32.786518 196.008698
v 35.501637 32.905640 196.159515
v 36.806038 37.708221 194.136368
v 35.156204 40.964317 196.227844
v 35.512653 33.946941 197.467316
v 35.855225 41.016476 147.306656
v 35.279972 35.291199 147.306427
v 34.906803 31.577065 147.306290
v 25.639145 36.423878 61.143661
v 28.193878 37.236889 61.029533
v 28.193871 33.016754 61.607590
v 26.348457 34.227757 61.444908
v 27.702774 31.047226 65.477058
v 31.127548 32.100548 65.499725
v 32.393639 31.579563 68.197945
v 32.436756 35.757683 65.517876
v 32.855972 34.739449 68.191002
v 33.560020 34.646873 73.780876
v 33.217846 31.172575 74.175888
v 30.039276 34.227757 61.444908
v 28.193871 33.016754 61.607590
v 28.193878 37.236889 61.029533
v 30.803680 36.423878 61.143661
v 2.194647 49.346611 64.919754
v 2.356175 51.895798 67.792427
v 3.501329 51.261002 68.016258
v 3.363853 48.037613 66.324257
v 2.519986 54.372482 73.616394
v 3.093286 53.752907 73.764366
v -6.137955 54.837029 73.047310
v -6.137955 52.458794 67.196014
v 3.077566 39.928665 65.189186
v -6.137955 49.999321 64.920387
v -6.137955 40.203201 64.850220
v -6.137955 60.946762 184.776886
v -6.137955 59.127701 194.412369
v 4.064198 58.903511 194.416626
v 4.622399 60.653648 184.580444
v -6.137955 56.811607 202.635864
v 3.605240 56.676094 202.225403
v 3.436719 55.035393 205.021576
v -6.137955 55.176857 205.511429
v -6.137955 52.177574 208.181915
v -6.137955 49.604393 208.996796
v 3.049849 49.504669 208.422546
v 3.221592 52.068298 207.616470
v -6.137955 47.753937 209.344299
v -6.137955 47.070747 208.556854
v 10.656408 33.935196 207.114624
v 12.844580 40.470490 207.300491
v 3.202947 40.788223 208.254730
v -6.137955 32.440434 208.117645
v -6.137955 41.096046 208.893127
v 29.219936 54.567055 211.580841
v 31.221272 53.134186 211.281860
v 26.867500 55.096535 211.710693
v 24.494783 54.572380 211.582214
v 21.968540 54.154404 208.697510
v 20.327206 51.620560 208.700592
v 19.644516 48.587311 208.709808
v 20.609610 48.390923 210.523895
v 21.601370 48.367638 210.407883
v 21.085312 45.807098 210.197723
v 22.406137 43.595039 209.944611
v 23.131977 44.356552 209.847626
v 22.014254 46.204323 210.090118
v 32.543652 45.797600 210.187103
v 33.030643 48.379318 210.514450
v 32.540676 50.948235 210.902893
v 18.164841 39.687050 207.229645
v 21.553780 42.735802 208.763458
v 23.932165 40.944702 208.781708
v 25.501642 36.351906 207.351700
v 26.748180 40.274124 208.777679
v 20.088970 45.454529 208.735138
v 33.363880 45.373550 208.653259
v 33.897732 48.489601 208.637848
v 24.842522 30.036407 206.883636
v 31.385036 30.345068 204.719727
v 32.663689 39.401360 205.437714
v 31.864658 42.680847 208.689789
v 34.397751 49.162117 205.683319
v 33.340382 51.523552 208.651825
v 31.218472 43.588699 209.935104
v 21.905966 48.362213 209.669342
v 23.347925 44.430702 209.669342
v 24.833611 43.142830 209.688339
v 23.396048 48.362221 210.749359
v 24.401575 45.620644 210.749359
v 24.435705 42.141396 209.778290
v 30.310333 44.430702 209.669342
v 30.522411 44.356552 209.847626
v 26.829128 44.485054 210.749359
v 26.829128 42.802223 209.669342
v 29.256680 45.620644 210.749359
v 29.193909 42.138222 209.772797
v 28.820782 43.142830 209.688339
v 26.829128 42.802223 209.669342
v 26.829128 44.485054 210.749359
v 26.817223 41.603386 209.715454
v 26.817223 41.603386 209.715454
v 26.827194 42.694489 209.629486
v 26.827194 42.694489 209.629486
v 10.358585 54.856392 78.878143
v 18.445793 53.420326 80.078621
v 18.431746 51.874344 75.064133
v 9.909973 53.201851 74.159561
v 20.220436 51.692711 75.266373
v 20.227345 53.440056 81.384460
v 10.384825 55.945503 83.670990
v 18.446697 54.615082 85.344910
v 20.229170 54.496895 86.059128
v 2.780784 55.514809 78.219528
v 2.780807 56.630180 83.110359
v 22.967848 54.552902 87.473724
v 22.847656 53.466743 81.385811
v 25.234858 54.437096 81.336121
v 22.672129 51.911896 75.571487
v -6.137955 55.786278 77.842377
v -6.137955 56.930138 82.853622
v 29.707821 55.645645 88.270264
v 25.452106 55.530899 89.815056
v 24.748878 58.792183 184.207764
v 25.901665 59.147560 175.091324
v 22.670586 59.390274 175.446243
v 21.423580 58.420242 184.233490
v 26.590935 59.158936 165.032928
v 23.293808 60.025764 166.774475
v 5.196680 61.759171 175.965988
v 15.729185 59.415184 184.377655
v 16.896235 60.408669 175.691833
v -6.137955 62.160828 176.231583
v 17.815235 61.128304 168.195816
v 5.608838 62.421799 170.147018
v -6.137955 62.895027 170.923813
v 21.544893 55.701218 204.985657
v 21.687277 56.383621 202.724335
v 23.508614 58.185196 192.331009
v 19.841454 57.047440 192.763763
v 14.594809 57.736191 193.555481
v 17.273434 55.309860 200.002869
v 18.467493 55.194733 199.632889
v 13.662117 55.600304 200.936188
v 17.676254 48.831718 205.878662
v 22.404312 57.212082 198.838593
v 13.216757 48.465820 206.964279
v 12.882471 51.019585 206.167267
v 13.319649 53.953461 203.650421
v 17.753956 53.581787 202.202362
v 17.333616 51.461861 204.481293
v 16.139431 53.732994 202.791443
v 14.868193 51.195580 205.496368
v 24.306629 21.233685 204.203796
v 24.354313 23.145510 205.341919
v 29.085957 22.502525 203.381821
v 24.306629 21.233685 204.203796
v 24.631496 27.557522 206.596710
v 24.354313 23.145510 205.341919
v 29.704266 23.888508 203.925995
v 30.907486 27.752050 204.645416
v 24.354313 23.145510 205.341919
v 30.932541 23.648975 202.606400
v 32.393700 27.611973 202.796280
v 33.470001 27.291380 200.419128
v 34.290314 30.045689 199.571060
v 34.352245 40.023354 201.303436
v 34.620850 35.062038 198.675995
v 33.969643 30.739521 200.204727
v 32.966183 30.423206 202.456146
v 9.118008 39.956116 65.759666
v 18.421068 49.452576 69.406372
v 9.584971 50.789536 68.511345
v 9.404640 47.058929 66.673859
v 18.408314 45.330437 67.557182
v 18.393541 39.578300 67.087685
v 18.414692 47.659912 68.233154
v 33.175224 20.264717 163.052612
v 33.273140 20.264431 147.329865
v 34.527645 24.128719 167.275330
v 33.248165 20.855309 166.472504
v 34.442425 28.579742 166.624908
v 33.979996 25.681347 162.794907
v 34.155857 25.638227 147.279526
v 34.159851 25.473907 127.692192
v 31.941898 18.444302 127.040756
v 32.782894 18.694168 127.071014
v 34.173557 25.939529 114.505295
v 33.554928 21.996799 113.162598
v 32.621815 18.691128 113.637985
v 32.502739 18.443338 113.539368
v 33.265812 20.317261 127.312531
v 33.152134 20.436096 114.390358
v 33.764347 57.186691 175.921509
v 29.800125 59.610893 175.028809
v 33.336048 54.178482 96.153511
v 35.387424 49.334229 96.105438
v 29.977230 56.390518 96.159927
v 28.423500 56.229454 96.224556
v 36.049858 50.553299 126.901505
v 36.169258 51.135071 147.294052
v 35.777443 49.900192 109.330849
v 35.629223 49.643967 103.110489
v 35.133488 54.313660 147.296371
v 34.996712 53.616196 127.083702
v 28.905823 58.095833 127.304970
v 29.003826 58.868103 147.301590
v 30.712315 59.143265 147.298691
v 30.803810 58.286049 127.304848
v 29.043587 59.208801 161.806931
v 30.578934 59.352898 161.481979
v 30.262074 59.573227 169.302032
v 36.164318 51.705757 170.703674
v 36.147133 51.641296 162.637115
v 30.459671 57.331818 111.293144
v 28.784332 57.175987 111.293228
v 30.247044 56.944199 104.417236
v 28.735569 56.804893 104.417236
v 33.572773 54.391327 104.277634
v 33.004906 55.490517 110.976776
v 33.306576 56.446335 127.239815
v 33.935860 57.111938 169.372665
v 33.228413 57.726807 161.838623
v 35.084988 54.724930 162.265320
v 33.372738 57.305260 147.298279
v 34.554508 53.167938 110.340332
v -33.391304 50.959877 210.909409
v -34.734421 53.143761 211.285187
v -35.407887 52.369560 211.175751
v -34.290161 50.527977 210.792969
v -39.103104 54.021469 211.624100
v -41.096691 53.576591 211.486633
v -39.105038 53.922195 209.669342
v -42.798321 52.369560 211.175751
v -42.586243 52.293716 209.669342
v -39.105038 53.922195 209.669342
v -37.109520 53.576591 211.486633
v -35.623833 52.293716 209.669342
v -43.916054 46.204323 210.090118
v -44.028194 48.362213 209.669342
v -44.328930 48.367638 210.407883
v -43.916054 50.527977 210.792969
v -41.532589 51.103783 210.749359
v -39.105038 52.239365 210.749359
v -39.105038 52.239365 210.749359
v -36.677483 51.103783 210.749359
v -42.538113 48.362221 210.749359
v -39.105034 48.362206 211.487930
v -39.105034 48.362206 211.487930
v -14.306881 35.198540 64.742081
v -14.094727 32.324020 64.481148
v -21.236851 32.321693 65.131523
v -21.300144 35.117020 65.359116
v -30.139301 32.885525 66.660652
v -30.662989 34.773716 66.795998
v -31.380581 31.560129 66.931572
v -32.238899 34.745270 67.047241
v -20.562378 21.036980 205.023438
v -20.615543 22.961147 206.108917
v -21.172056 27.390911 207.378540
v -21.857399 30.261639 207.695435
v -23.027159 33.249306 207.902100
v -20.669651 19.237461 202.198059
v -44.880558 52.706474 81.492165
v -47.013817 48.052711 83.181274
v -47.381512 48.804230 89.359070
v -45.278576 53.459335 88.384247
v -40.492161 51.519119 65.454521
v -40.789173 52.726761 67.394188
v -37.538200 51.097305 67.328316
v -37.764427 49.667046 65.461365
v -41.166149 53.496078 71.850975
v -41.428062 54.109695 75.879410
v -37.354721 53.480415 75.802177
v -37.340904 52.429520 71.705284
v -25.312769 27.436790 207.074127
v -24.838659 22.975744 205.781586
v -24.800537 21.039467 204.717438
v -24.919479 19.237461 202.106018
v -47.167309 28.955151 81.326462
v -47.113979 27.961407 82.736511
v -48.079201 31.719875 84.586266
v -48.149082 32.838081 83.375259
v -48.834820 35.111446 87.449615
v -48.932449 36.505798 86.559929
v -46.383713 27.845209 82.900940
v -47.342743 31.589554 84.727463
v -48.079716 34.951576 87.552002
v -48.889565 38.218830 96.202621
v -49.656090 38.405586 96.194534
v -49.405766 37.411240 91.472443
v -48.642212 37.233353 91.528175
v -48.694393 35.698357 105.502701
v -49.534542 35.876625 105.576622
v -49.816441 37.880775 101.155655
v -49.047638 37.691978 101.122002
v -49.732571 37.450954 106.225586
v -48.852371 32.432907 108.678284
v -49.088516 33.739326 109.691223
v -47.877911 28.584539 110.559196
v -48.176212 29.729326 111.863930
v -49.809258 40.049156 96.124619
v -49.990120 39.548141 101.454132
v -49.532372 38.972267 90.984802
v -47.801991 32.283569 108.561157
v -46.656654 28.453396 110.408508
v -48.220184 44.924011 184.471558
v -48.380440 51.848488 184.359695
v -48.475914 51.944893 177.035919
v -48.302406 44.046036 178.342560
v -43.232399 21.230637 199.155090
v -42.831093 21.341120 200.781738
v -44.155056 23.087017 200.719498
v -44.558475 22.880127 199.082291
v -49.980198 37.493706 174.351410
v -49.675037 35.893364 175.263428
v -49.921795 38.035404 179.554947
v -50.206154 39.913490 179.086578
v -49.851929 38.883209 184.402710
v -50.080788 40.820786 184.412170
v -49.617435 38.268906 189.141983
v -49.822090 40.042595 189.606705
v -42.662815 21.664658 198.941666
v -43.723976 23.112122 198.873093
v -46.029755 26.851414 198.742035
v -44.922348 26.799957 198.545288
v -49.005829 38.669849 184.401398
v -49.069500 37.828316 179.607025
v -48.820278 35.715420 175.366287
v -48.929970 36.255405 193.238876
v -48.773804 38.071503 189.089172
v -48.092125 36.091106 193.136322
v -48.358036 29.787399 168.730072
v -48.199661 28.987183 170.222321
v -49.016068 32.624920 172.192932
v -49.241295 33.734394 170.928131
v -48.170017 32.499695 172.339386
v -47.366615 28.895708 170.396667
v -46.499870 23.061390 168.835342
v -45.356289 22.942215 169.013290
v -44.157787 19.981632 111.957581
v -45.214237 20.220835 112.102280
v -44.132710 18.454823 163.086594
v -45.030159 18.705101 163.086792
v -45.104610 18.699448 147.343048
v -44.239964 18.448866 147.342957
v -44.212196 18.962669 167.555313
v -45.122726 19.199179 167.411957
v -36.871620 19.465719 201.003204
v -36.930008 19.557396 199.397278
v -24.919216 19.359787 200.503143
v -36.930008 19.557396 199.397278
v -36.871620 19.465719 201.003204
v -20.669693 19.359901 200.595200
v -20.670580 19.879620 200.422272
v -24.913250 19.878681 200.330154
v -36.819389 20.069580 199.217865
v -36.819389 20.069580 199.217865
v -48.024403 41.244610 172.156662
v -46.988262 30.912458 166.954651
v -47.476276 35.420013 168.499359
v -46.958439 31.347015 162.663666
v -47.355164 35.445328 162.679733
v -47.645626 43.903152 96.103714
v -47.296818 42.767403 90.443680
v -44.575771 52.083405 75.999603
v -46.560024 47.393883 77.653679
v -41.710201 54.841438 81.319641
v -47.895683 41.023010 162.664398
v -47.049904 31.159613 113.434250
v -47.513103 35.678261 111.520584
v -47.923668 41.206902 108.238434
v -47.233681 31.517254 127.271706
v -47.616196 35.416553 126.901901
v -48.129860 40.903030 126.631165
v -39.024090 40.274124 208.777679
v -41.801796 40.916939 208.739151
v -37.777550 36.351906 207.351700
v -34.557659 35.101208 66.581894
v -35.445084 32.205990 66.450890
v -37.136757 33.017559 65.492043
v -36.182343 35.839394 65.499123
v -39.250675 29.339735 66.156258
v -39.978683 31.047226 65.477058
v -41.023731 18.621878 70.542923
v -42.074337 18.843870 69.804604
v -40.377266 18.838974 68.207275
v -39.517090 18.616745 69.282913
v -38.015766 18.864914 67.616257
v -37.385338 18.616743 68.915421
v -14.855392 18.616751 65.805107
v -14.856218 19.026928 64.559662
v -37.385338 18.616743 68.915421
v -38.015766 18.864914 67.616257
v -32.108253 19.015507 67.629814
v -31.837181 18.616745 68.861839
v -39.082760 25.688168 66.631195
v -38.511009 22.381172 66.971809
v -41.019875 22.130922 67.607788
v -41.638569 25.314243 67.280540
v -42.768566 22.098082 69.353905
v -43.457764 25.457930 68.918159
v -38.370827 21.292278 67.092758
v -40.849781 21.163513 67.731079
v -42.578163 21.066925 69.473740
v -39.250675 29.339735 66.156258
v -42.541832 29.701509 66.821655
v -39.082760 25.688168 66.631195
v -38.370827 21.292278 67.092758
v -32.138847 21.853661 67.245026
v -47.028217 39.905018 84.467178
v -46.441128 38.844921 78.712204
v -47.886333 43.433212 102.044662
v -45.380371 21.838749 81.238602
v -45.495701 23.554043 79.832367
v -44.376881 21.652306 81.393051
v -44.282043 19.196060 79.919960
v -43.894276 18.968744 80.051453
v -44.558823 21.174921 78.697548
v -43.383278 18.878731 76.160393
v -42.912384 18.652645 76.291267
v -43.459198 18.657776 78.244629
v -43.895767 18.887211 78.154724
v -45.359238 24.260515 79.157913
v -46.136707 30.122009 79.319305
v -45.853371 30.603111 77.331963
v -45.090256 24.734203 77.514809
v -43.850895 20.938942 75.501823
v -44.068150 22.027790 75.255394
v -44.729591 25.264748 75.045815
v -46.717964 34.595734 81.112732
v -46.313511 34.666615 78.084442
v -44.645382 21.984890 78.103638
v -44.422489 21.999054 76.991028
v -44.212929 20.800426 77.362045
v -14.856742 21.751793 64.155975
v -14.856656 23.491047 64.142464
v -32.168148 23.594690 67.166542
v -38.511009 22.381172 66.971809
v -39.923618 58.424561 198.764755
v -44.947399 56.133347 198.656219
v -44.715698 55.756966 202.528870
v -39.731129 57.898491 202.610016
v -40.419380 59.002563 192.294800
v -45.346992 56.692436 192.224213
v -45.765839 56.953041 184.292679
v -41.263542 59.484261 184.087143
v -21.053780 18.616751 66.520782
v -21.230019 19.032513 65.292290
v -14.856034 30.821043 64.344749
v -21.248627 23.583395 64.874062
v -21.202776 30.817112 65.009018
v -21.249779 21.818949 64.896530
v -36.675941 55.788956 208.690567
v -39.542969 57.416298 204.856216
v -39.422218 56.370461 208.683762
v -25.965731 30.250788 207.319565
v -37.118431 30.036407 206.883636
v -36.907406 27.557522 206.596710
v -25.253241 34.293411 207.758774
v -42.007927 55.745155 208.681091
v -44.590733 55.333290 204.823334
v -44.162727 54.075409 208.673462
v -48.129101 51.432510 191.377884
v -47.729366 50.846291 197.038300
v -47.999119 43.877213 190.504883
v -47.382202 50.352463 200.259445
v -27.833162 40.048210 206.740570
v -28.543407 39.989353 207.528015
v -24.542995 34.979301 206.971313
v -27.852715 43.613327 206.131470
v -28.562960 44.296516 206.918915
v -25.636124 45.306870 206.720718
v -25.730959 45.990059 207.508163
v -15.732589 46.202782 208.079254
v -15.779256 46.885971 208.866699
v -46.754360 29.383129 197.971390
v -47.777546 32.905640 196.159515
v -46.955833 32.786518 196.008698
v -45.635563 29.306536 197.785339
v -49.081947 37.708221 194.136368
v -47.432114 40.964317 196.227844
v -47.788563 33.946941 197.467316
v -48.131134 41.016476 147.306656
v -47.555882 35.291199 147.306427
v -47.182713 31.577065 147.306290
v -37.859970 36.423878 61.143661
v -38.624367 34.227757 61.444908
v -40.469780 33.016754 61.607590
v -40.469788 37.236889 61.029533
v -43.403458 32.100548 65.499725
v -39.978683 31.047226 65.477058
v -44.669548 31.579563 68.197945
v -45.131882 34.739449 68.191002
v -44.712666 35.757683 65.517876
v -45.493755 31.172575 74.175888
v -45.835930 34.646873 73.780876
v -45.922096 38.210686 73.357796
v -42.315186 34.227757 61.444908
v -43.079590 36.423878 61.143661
v -40.469788 37.236889 61.029533
v -40.469780 33.016754 61.607590
v -45.263355 37.766151 67.885864
v -14.470556 49.346611 64.919754
v -15.639763 48.037613 66.324257
v -15.777239 51.261002 68.016258
v -14.632085 51.895798 67.792427
v -15.369195 53.752907 73.764366
v -14.795896 54.372482 73.616394
v -36.044052 48.696037 67.162537
v -36.756134 46.894981 65.470047
v -34.948036 51.911896 75.571487
v -35.023502 50.562386 71.207275
v -15.353476 39.928665 65.189186
v -16.898308 60.653648 184.580444
v -16.340107 58.903511 194.416626
v -15.881149 56.676094 202.225403
v -15.712628 55.035393 205.021576
v -15.497501 52.068298 207.616470
v -15.325758 49.504669 208.422546
v -22.932318 33.935196 207.114624
v -15.478856 40.788223 208.254730
v -25.120489 40.470490 207.300491
v -41.495846 54.567055 211.580841
v -43.497181 53.134186 211.281860
v -39.143410 55.096535 211.710693
v -36.770691 54.572380 211.582214
v -34.244450 54.154404 208.697510
v -32.603115 51.620560 208.700592
v -32.885521 48.390923 210.523895
v -31.920425 48.587311 208.709808
v -33.877281 48.367638 210.407883
v -33.361221 45.807098 210.197723
v -34.290161 46.204323 210.090118
v -35.407887 44.356552 209.847626
v -34.682045 43.595039 209.944611
v -44.819561 45.797600 210.187103
v -45.306553 48.379318 210.514450
v -44.816586 50.948235 210.902893
v -30.440750 39.687050 207.229645
v -33.829689 42.735802 208.763458
v -36.208076 40.944702 208.781708
v -37.777550 36.351906 207.351700
v -39.024090 40.274124 208.777679
v -32.364880 45.454529 208.735138
v -46.173641 48.489601 208.637848
v -45.639790 45.373550 208.653259
v -44.939598 39.401360 205.437714
v -43.660946 30.345068 204.719727
v -37.118431 30.036407 206.883636
v -44.140568 42.680847 208.689789
v -46.673660 49.162117 205.683319
v -45.616291 51.523552 208.651825
v -43.494381 43.588699 209.935104
v -34.181877 48.362213 209.669342
v -35.623833 44.430702 209.669342
v -37.109520 43.142830 209.688339
v -35.671959 48.362221 210.749359
v -36.677483 45.620644 210.749359
v -36.711617 42.141396 209.778290
v -42.798321 44.356552 209.847626
v -42.586243 44.430702 209.669342
v -39.105038 44.485054 210.749359
v -41.532589 45.620644 210.749359
v -39.105038 42.802223 209.669342
v -41.469818 42.138222 209.772797
v -41.096691 43.142830 209.688339
v -39.105038 44.485054 210.749359
v -39.105038 42.802223 209.669342
v -39.093132 41.603386 209.715454
v -39.103104 42.694489 209.629486
v -39.093132 41.603386 209.715454
v -39.103104 42.694489 209.629486
v -22.634495 54.856392 78.878143
v -22.185883 53.201851 74.159561
v -30.707655 51.874344 75.064133
v -30.721703 53.420326 80.078621
v -32.496346 51.692711 75.266373
v -32.503254 53.440056 81.384460
v -22.660734 55.945503 83.670990
v -30.722607 54.615082 85.344910
v -32.505081 54.496895 86.059128
v -15.056693 55.514809 78.219528
v -15.056717 56.630180 83.110359
v -35.123566 53.466743 81.385811
v -35.243759 54.552902 87.473724
v -37.510765 54.437096 81.336121
v -41.983730 55.645645 88.270264
v -37.728016 55.530899 89.815056
v -37.024788 58.792183 184.207764
v -33.699490 58.420242 184.233490
v -34.946495 59.390274 175.446243
v -38.177574 59.147560 175.091324
v -35.569717 60.025764 166.774475
v -38.866844 59.158936 165.032928
v -17.472589 61.759171 175.965988
v -29.172144 60.408669 175.691833
v -28.005095 59.415184 184.377655
v -30.091145 61.128304 168.195816
v -17.884747 62.421799 170.147018
v -33.820801 55.701218 204.985657
v -33.963188 56.383621 202.724335
v -35.784523 58.185196 192.331009
v -32.117363 57.047440 192.763763
v -26.870718 57.736191 193.555481
v -30.743402 55.194733 199.632889
v -29.549343 55.309860 200.002869
v -25.938026 55.600304 200.936188
v -29.952164 48.831718 205.878662
v -34.680222 57.212082 198.838593
v -25.492666 48.465820 206.964279
v -25.158381 51.019585 206.167267
v -25.595558 53.953461 203.650421
v -29.609526 51.461861 204.481293
v -30.029865 53.581787 202.202362
v -28.415340 53.732994 202.791443
v -27.144102 51.195580 205.496368
v -36.582539 21.233685 204.203796
v -36.630222 23.145510 205.341919
v -36.582539 21.233685 204.203796
v -41.361866 22.502525 203.381821
v -36.907406 27.557522 206.596710
v -43.183395 27.752050 204.645416
v -41.980175 23.888508 203.925995
v -36.630222 23.145510 205.341919
v -36.630222 23.145510 205.341919
v -43.208450 23.648975 202.606400
v -44.669609 27.611973 202.796280
v -45.745911 27.291380 200.419128
v -46.566223 30.045689 199.571060
v -46.628155 40.023354 201.303436
v -46.896759 35.062038 198.675995
v -46.245552 30.739521 200.204727
v -45.242092 30.423206 202.456146
v -21.393917 39.956116 65.759666
v -21.860882 50.789536 68.511345
v -30.696978 49.452576 69.406372
v -30.669451 39.578300 67.087685
v -30.684223 45.330437 67.557182
v -21.680550 47.058929 66.673859
v -32.350143 39.768700 67.208572
v -30.690601 47.659912 68.233154
v -45.451134 20.264717 163.052612
v -45.549049 20.264431 147.329865
v -46.803555 24.128719 167.275330
v -46.718334 28.579742 166.624908
v -45.524075 20.855309 166.472504
v -46.255905 25.681347 162.794907
v -46.435760 25.473907 127.692192
v -46.431767 25.638227 147.279526
v -45.058804 18.694168 127.071014
v -44.217808 18.444302 127.040756
v -45.830837 21.996799 113.162598
v -46.449467 25.939529 114.505295
v -44.778648 18.443338 113.539368
v -44.897724 18.691128 113.637985
v -45.541721 20.317261 127.312531
v -45.428043 20.436096 114.390358
v -46.040257 57.186691 175.921509
v -42.076035 59.610893 175.028809
v -47.663334 49.334229 96.105438
v -45.611958 54.178482 96.153511
v -42.253139 56.390518 96.159927
v -40.699409 56.229454 96.224556
v -48.325768 50.553299 126.901505
v -48.445168 51.135071 147.294052
v -48.053352 49.900192 109.330849
v -47.905132 49.643967 103.110489
v -47.409397 54.313660 147.296371
v -47.272621 53.616196 127.083702
v -41.181732 58.095833 127.304970
v -43.079720 58.286049 127.304848
v -42.988224 59.143265 147.298691
v -41.279736 58.868103 147.301590
v -42.854843 59.352898 161.481979
v -41.319496 59.208801 161.806931
v -42.537983 59.573227 169.302032
v -48.440228 51.705757 170.703674
v -48.423042 51.641296 162.637115
v -42.735580 57.331818 111.293144
v -41.060242 57.175987 111.293228
v -42.522953 56.944199 104.417236
v -41.011478 56.804893 104.417236
v -45.848682 54.391327 104.277634
v -45.280815 55.490517 110.976776
v -45.582485 56.446335 127.239815
v -46.211769 57.111938 169.372665
v -45.504322 57.726807 161.838623
v -47.360897 54.724930 162.265320
v -45.648647 57.305260 147.298279
v -46.830418 53.167938 110.340332
v -7.163119 55.899086 205.156403
v -7.163119 54.812950 205.518494
v -6.137955 54.574295 205.846954
v -6.137955 55.930801 205.449951
v -5.112790 55.899086 205.156403
v -5.112790 54.812950 205.518494
v -4.752310 56.109985 204.618256
v -4.752310 55.374069 204.372559
v -6.137955 58.662193 204.691376
v -7.992810 58.011734 204.691376
v -7.469865 58.102379 205.891754
v -6.137955 58.141556 206.132324
v -4.283099 58.011734 204.691376
v -4.806045 58.102379 205.891754
v -7.163119 56.391777 205.156403
v -6.137955 56.430962 205.449951
v -5.112790 56.391777 205.156403
v -4.752310 56.343399 204.887512
v -4.806045 56.804314 205.891754
v -4.283099 56.660400 204.742767
v -7.469865 56.804314 205.891754
v -6.137955 56.843498 206.132324
v -4.283099 56.660400 204.742767
v -6.137955 58.662193 201.333862
v -4.357615 58.011734 201.333862
v -6.602097 58.510979 198.293564
v -6.137955 58.614029 198.151794
v -6.137955 57.693893 198.151794
v -6.602123 57.590851 198.293579
v -4.283099 56.271019 204.473526
v -4.357615 56.637131 201.333862
v -4.357615 57.091591 201.333862
v -5.070050 57.377647 198.712738
v -5.070050 58.297775 198.712738
v -4.283099 56.271019 204.473526
v -4.283099 55.374069 204.101456
v -5.688315 58.515709 198.286804
v -5.688290 57.595573 198.286835
v -6.137955 57.693893 198.151794
v -4.283099 55.374069 204.101456
v -7.918294 56.637131 201.333862
v -7.992810 55.374069 204.101456
v -7.992810 56.271019 204.473526
v -7.523600 55.374069 204.372559
v -7.523600 56.109985 204.618256
v -7.992810 56.660400 204.742767
v -7.918294 57.091591 201.333862
v -7.523600 56.343399 204.887512
v -7.918294 58.011734 201.333862
v -7.992810 56.660400 204.742767
v -7.992810 56.271019 204.473526
v -7.992810 55.374069 204.101456
v -7.205859 58.297775 198.712738
v -7.205859 57.377647 198.712738
v 9.358027 53.237427 75.167068
v 8.802465 53.372421 75.612656
v 8.736048 53.794037 75.526459
v 9.326335 53.570099 75.069656
v 8.378105 54.465591 76.984024
v 8.434041 53.788742 77.099670
v 11.258060 53.788742 77.099686
v 10.889013 53.372292 75.612259
v 10.955717 53.794037 75.526459
v 11.312979 54.465576 76.984001
v 11.430435 55.363304 80.414871
v 11.054560 56.017944 80.630951
v 10.998371 54.883781 80.954666
v 11.439835 54.774475 80.615105
v 8.256589 55.363297 80.414871
v 8.250189 54.774269 80.614487
v 8.706514 54.882500 80.950981
v 8.652713 56.015015 80.625198
v 8.258327 54.587914 80.019379
v 8.261312 55.437706 79.865356
v 8.856176 56.199219 79.770737
v 11.427877 55.437714 79.865356
v 10.848942 56.200745 79.771286
v 11.434128 54.587936 80.019440
v 10.728455 55.099060 76.819687
v 8.975022 55.098129 76.817863
v 10.365431 53.570107 75.069656
v 10.333349 53.237267 75.166565
v 10.478249 54.346931 75.498520
v 9.222776 54.348648 75.495453
v -21.633938 53.237427 75.167068
v -21.602245 53.570099 75.069656
v -21.011957 53.794037 75.526459
v -21.078375 53.372421 75.612656
v -20.654015 54.465591 76.984024
v -20.709949 53.788742 77.099670
v -23.533970 53.788742 77.099686
v -23.588888 54.465576 76.984001
v -23.231627 53.794037 75.526459
v -23.164923 53.372292 75.612259
v -23.706345 55.363304 80.414871
v -23.715744 54.774475 80.615105
v -23.274281 54.883781 80.954666
v -23.330469 56.017944 80.630951
v -20.532497 55.363297 80.414871
v -20.928623 56.015015 80.625198
v -20.982424 54.882500 80.950981
v -20.526098 54.774269 80.614487
v -20.537220 55.437706 79.865356
v -20.534237 54.587914 80.019379
v -21.132086 56.199219 79.770737
v -23.124851 56.200745 79.771286
v -23.703787 55.437714 79.865356
v -23.710037 54.587936 80.019440
v -23.004364 55.099060 76.819687
v -21.250931 55.098129 76.817863
v -22.641340 53.570107 75.069656
v -22.609259 53.237267 75.166565
v -22.754158 54.346931 75.498520
v -21.498686 54.348648 75.495453
v -11.671147 46.529137 63.588264
v -11.745306 46.923592 65.006332
v -12.916693 44.874771 65.115692
v -12.827043 44.924301 63.913498
v -0.527643 46.923592 65.006332
v -0.601801 46.529137 63.588264
v 0.554715 44.924301 63.913498
v 0.644367 44.874771 65.115692
v -6.135583 47.323112 65.006332
v -6.136897 46.928650 63.592003
v -13.056873 48.024582 63.364738
v -13.149578 48.942947 64.976776
v -6.137227 49.342468 64.976776
v -6.138874 48.424103 63.364738
v 0.780959 48.024590 63.364738
v 0.873667 48.942947 64.976776
v 2.338412 44.808426 65.111389
v 2.226334 44.920952 63.910126
v -14.502249 44.920952 63.910126
v -14.614317 44.808411 65.111389
v 0.644367 44.874771 65.115692
v -12.916693 44.874771 65.115692
v -20.712849 29.182798 61.664970
v -20.149792 29.725462 65.395630
v -6.137955 29.725243 64.415276
v -6.137955 29.182455 60.674126
v -31.438379 29.181326 63.471176
v -30.910635 29.725578 67.194389
v -32.738327 29.169661 63.558823
v -32.151810 29.725056 67.285439
v -33.742008 29.170584 63.350891
v -33.021782 29.725178 67.213699
v -35.723137 29.148659 63.073494
v -34.917873 29.725515 66.568336
v -39.952240 29.155344 62.291832
v -38.270374 29.724804 66.279655
v -42.129581 29.165628 62.832100
v -39.839012 29.725601 67.023331
v -45.942924 28.936644 68.854935
v -42.600117 29.114796 70.184296
v -41.169605 29.726276 67.654144
v -43.818504 29.174355 64.260719
v -45.858971 28.714945 76.045616
v -43.958748 28.656639 77.069733
v -45.944775 23.753387 68.854721
v -42.600117 23.572796 70.184296
v -43.958778 24.031124 77.069931
v -45.859806 23.974440 76.046303
v -43.820644 23.516272 64.258606
v -41.169605 22.961317 67.654144
v -39.952763 23.535534 62.288261
v -38.270374 22.962788 66.279655
v -39.839012 22.961992 67.023331
v -42.130981 23.525110 62.829308
v -35.722187 23.541645 63.070572
v -34.917873 22.962082 66.568336
v -38.270374 22.962788 66.279655
v -39.952763 23.535534 62.288261
v -33.741051 23.519485 63.348831
v -33.021782 22.962418 67.213699
v -32.738087 23.519728 63.557365
v -32.151810 22.962540 67.285439
v -31.438704 23.508308 63.469589
v -30.910635 22.962017 67.194389
v -20.713131 23.507103 61.663124
v -20.149792 22.962135 65.395630
v -6.137955 22.962353 64.415276
v -6.137955 23.507469 60.672234
v -45.838402 26.312668 76.837769
v -43.956123 26.317148 77.840851
v -43.958748 28.656639 77.069733
v -46.664330 26.304777 68.595200
v -44.672207 26.304665 63.181694
v -40.001831 26.304663 60.748390
v -42.614243 26.304665 61.539925
v -35.559589 26.304811 61.385590
v -33.586754 26.304867 62.106995
v -32.522556 26.305212 62.573929
v -31.005381 26.304728 62.302856
v -20.690512 26.304733 60.490135
v -6.137955 26.304733 59.490654
v -43.958778 24.031124 77.069931
v -6.137955 23.507469 60.672234
v 8.414602 26.304733 60.490135
v 8.437222 23.507103 61.663124
v 32.396297 26.304665 63.181694
v 34.388420 26.304777 68.595200
v 33.668865 23.753387 68.854721
v 31.544735 23.516272 64.258606
v 30.362316 26.304665 61.555748
v 29.910389 23.525864 62.863205
v 18.729471 26.304728 62.302856
v 19.162794 23.508308 63.469589
v 20.246647 26.305212 62.573929
v 21.310843 26.304867 62.106995
v 21.465141 23.519485 63.348831
v 20.462177 23.519728 63.557365
v 34.108143 26.312668 76.837769
v 34.129543 23.974440 76.046303
v 23.283680 26.304811 61.385590
v 27.725922 26.304663 60.748390
v 27.676853 23.535534 62.288261
v 23.446278 23.541645 63.070572
v 8.436940 29.182798 61.664970
v 7.873881 29.725462 65.395630
v 19.162470 29.181326 63.471176
v 18.634726 29.725578 67.194389
v 20.462418 29.169661 63.558823
v 19.875898 29.725056 67.285439
v 21.466099 29.170584 63.350891
v 20.745871 29.725178 67.213699
v 23.447229 29.148659 63.073494
v 22.641964 29.725515 66.568336
v 27.676331 29.155344 62.291832
v 25.994465 29.724804 66.279655
v 31.542595 29.174355 64.260719
v 29.909054 29.164886 62.866043
v 27.449898 29.725544 66.969666
v 28.893696 29.726276 67.654144
v 33.667015 28.936644 68.854935
v 30.324207 29.114796 70.184296
v 34.128712 28.714945 76.045616
v 32.228489 28.656639 77.069733
v 32.225864 26.317148 77.840851
v 32.228519 24.031124 77.069931
v 32.228519 24.031124 77.069931
v 30.324207 23.572796 70.184296
v 28.893696 22.961317 67.654144
v 27.449902 22.962051 66.969658
v 25.994465 22.962788 66.279655
v 22.641964 22.962082 66.568336
v 20.745871 22.962418 67.213699
v 19.875898 22.962540 67.285439
v 18.634726 22.962017 67.194389
v 7.873881 22.962135 65.395630
v -6.137955 22.962353 64.415276
v 32.228489 28.656639 77.069733
v 27.676853 23.535534 62.288261
v 25.994465 22.962788 66.279655
v 33.922298 54.446022 170.628769
v 35.104622 55.031052 170.578278
v 35.128071 54.738968 171.647308
v 34.047653 54.197838 171.634537
v 33.133533 56.514343 171.634491
v 34.205086 57.077911 171.647476
v 34.389030 56.844543 170.578278
v 33.210510 56.249908 170.628769
v 34.761494 55.968498 170.211273
v 33.561504 55.388474 170.211273
v 33.210510 56.249908 170.628769
v 34.389030 56.844543 170.578278
v 34.541077 56.719765 170.828522
v 34.837521 56.001038 170.524796
v 34.436752 56.909523 171.700134
v 34.541077 56.719765 170.828522
v 35.124504 55.238068 170.827362
v 35.173290 55.036545 171.700104
v 35.044350 57.321434 171.497375
v 35.112419 57.140556 170.803146
v 35.328552 56.526527 172.357285
v 35.593197 55.920883 172.156097
v 38.144554 63.784790 170.230606
v 37.712940 63.945808 170.349686
v 35.106556 57.150009 172.135651
v 37.296211 64.137978 170.230606
v 37.181152 64.185387 169.870850
v 37.304523 64.126305 169.475540
v 35.345127 56.547462 170.571808
v 35.112419 57.140556 170.803146
v 37.304523 64.126305 169.475540
v 37.713150 63.953926 169.339844
v 35.590607 55.927124 170.819183
v 38.140903 63.778091 169.475540
v 35.662128 55.757507 171.520920
v 38.259880 63.736290 169.870789
v 34.055958 54.181404 172.945160
v 35.129559 54.720421 172.957886
v 34.985653 55.050781 174.041916
v 33.964687 54.539101 174.160095
v 35.180828 55.238937 172.530151
v 34.940311 55.354523 173.784668
v 33.295582 56.234718 174.160095
v 34.310848 56.760857 174.041916
v 34.193436 57.092697 172.957886
v 33.128429 56.531860 172.945160
v 34.573990 56.779091 172.528717
v 34.880283 56.020500 172.896423
v 33.627308 55.394127 174.542999
v 34.648651 55.904816 174.375885
v 34.476154 56.529205 173.778702
v 34.730740 55.943878 173.990433
v 37.917263 65.594521 170.375641
v 37.272331 65.292824 170.375641
v 37.917255 64.564476 170.689362
v 37.005196 64.564476 170.375641
v 37.272331 63.836128 170.375641
v 37.272331 63.836128 170.375641
v 37.917263 63.534439 170.375641
v 38.562187 65.292824 170.375641
v 38.562187 63.836128 170.375641
v 42.319603 62.505089 166.857925
v 41.297234 60.747299 166.857925
v 37.917255 64.564476 166.839706
v 42.697262 64.564476 166.857925
v 42.697262 64.564476 167.653351
v 42.319603 62.505089 167.653351
v 42.319603 62.505089 166.857925
v 42.697262 64.564476 166.857925
v 38.829323 64.564476 170.375641
v 42.319603 66.623871 166.857925
v 42.319603 66.623871 167.653351
v 39.292130 64.564476 169.347321
v 38.889435 65.662415 169.347321
v 41.297234 68.381668 167.653351
v 41.297234 68.381668 166.857925
v 39.740768 69.536285 166.857925
v 39.740768 69.536285 167.653351
v 42.319603 66.623871 166.857925
v 37.917255 69.962791 166.857925
v 37.917255 69.962791 167.653351
v 36.093750 69.536285 166.857925
v 36.093750 69.536285 167.653351
v 37.917263 66.117188 169.347321
v 36.093750 69.536285 166.857925
v 34.537289 68.381668 166.857925
v 34.537289 68.381668 166.857925
v 34.537289 68.381668 167.653351
v 33.514923 66.623871 166.857925
v 33.514923 66.623871 167.653351
v 36.945091 65.662415 169.347321
v 33.514923 66.623871 166.857925
v 33.137260 64.564476 166.857925
v 33.137260 64.564476 166.857925
v 33.137260 64.564476 167.653351
v 33.514923 62.505089 166.857925
v 33.514923 62.505089 167.653351
v 36.542400 64.564476 169.347321
v 34.537289 60.747299 166.857925
v 33.514923 62.505089 166.857925
v 34.537289 60.747299 166.857925
v 34.537289 60.747299 167.653351
v 34.537289 60.747299 166.857925
v 36.093750 59.592690 166.857925
v 36.093750 59.592690 167.653351
v 34.537289 60.747299 167.653351
v 36.945091 63.466553 169.347321
v 39.740768 59.592690 166.857925
v 37.917255 59.166176 166.857925
v 41.297234 60.747299 167.653351
v 39.740768 59.592690 167.653351
v 39.740768 59.592690 166.857925
v 41.297234 60.747299 166.857925
v 38.889435 63.466553 169.347321
v 36.093750 59.592690 166.857925
v 37.917255 59.166176 166.857925
v 37.917255 59.166176 167.653351
v 37.917263 63.011772 169.347321
v 36.945091 63.466553 169.347321
v 0.393807 29.998497 207.487732
v -6.137964 29.998432 207.948608
v -6.137955 29.350901 211.513428
v 0.395339 29.349886 211.208115
v 7.754857 29.998571 206.968353
v 8.445997 29.348639 210.524460
v 17.157516 29.350843 209.683380
v 16.507093 29.998735 206.138641
v 18.448641 29.338549 209.597763
v 17.736267 29.998217 206.047607
v 19.445641 29.342968 209.540497
v 18.597332 29.997673 205.862946
v 22.083435 29.338835 210.142517
v 21.102701 29.996744 206.126862
v 24.180170 29.996628 205.964462
v 26.048279 29.346075 210.238678
v 25.823828 29.997707 205.497406
v 28.298843 29.350153 209.535309
v 27.091465 29.998541 205.137207
v 30.034542 29.353300 208.242981
v 32.248642 29.094887 204.819748
v 29.163433 29.390238 203.416565
v 32.974506 28.553062 202.383911
v 30.489506 28.561253 201.393692
v 29.163433 23.842346 203.416565
v 30.489964 24.673414 201.389969
v 32.975170 24.483534 202.379700
v 32.250195 23.940681 204.819672
v 27.091465 23.234047 205.137207
v 30.036034 23.682644 208.244293
v 26.048634 23.689896 210.240662
v 24.180170 23.235954 205.964462
v 25.823828 23.234877 205.497406
v 28.299839 23.685801 209.536942
v 21.102701 23.235846 206.126862
v 24.180170 23.235954 205.964462
v 26.048634 23.689896 210.240662
v 22.082977 23.696939 210.144394
v 18.597332 23.234915 205.862946
v 19.444998 23.692619 209.542053
v 18.448420 23.696732 209.599091
v 17.736267 23.234371 206.047607
v 17.157763 23.684692 209.684875
v 16.507093 23.233852 206.138641
v 8.446203 23.687080 210.526169
v 7.754857 23.234016 206.968353
v -6.137955 23.684872 211.515152
v -6.137964 23.234154 207.948608
v 0.393807 23.234089 207.487732
v 0.395339 23.685860 211.209839
v 32.960403 26.485945 201.702209
v 30.789394 26.589874 200.754776
v 30.489506 28.561253 201.393692
v 33.145084 26.477724 205.065063
v 30.821438 26.477928 209.352722
v 26.094402 26.477955 211.771500
v 28.763191 26.477942 210.935593
v 21.768166 26.478102 211.469604
v 19.149780 26.477995 210.747025
v 18.128019 26.478397 210.555878
v 16.730978 26.477896 210.824432
v 8.426900 26.477955 211.669189
v -6.137955 26.477924 212.669952
v 0.394846 26.477938 212.358795
v 30.489964 24.673414 201.389969
v -12.803474 23.685879 211.200867
v -12.784768 26.477940 212.350967
v -20.702808 26.477955 211.669189
v -20.722113 23.687080 210.526169
v -43.097347 26.477928 209.352722
v -45.420994 26.477724 205.065063
v -44.526104 23.940681 204.819672
v -42.311943 23.682644 208.244293
v -41.027512 26.477942 210.851807
v -40.598656 23.686138 209.539764
v -29.006887 26.477896 210.824432
v -29.433672 23.684692 209.684875
v -30.403929 26.478397 210.555878
v -31.425690 26.477995 210.747025
v -31.720907 23.692619 209.542053
v -30.724329 23.696732 209.599091
v -45.236313 26.485945 201.702209
v -45.251080 24.483534 202.379700
v -34.044075 26.478102 211.469604
v -38.370312 26.477955 211.771500
v -38.324543 23.689896 210.240662
v -34.358887 23.696939 210.144394
v -20.030788 29.998571 206.968353
v -20.721907 29.348639 210.524460
v -12.803268 29.349865 211.199158
v -12.113995 29.998491 207.526947
v -28.783020 29.998735 206.138641
v -29.433426 29.350843 209.683380
v -30.012194 29.998217 206.047607
v -30.724550 29.338549 209.597763
v -30.873262 29.997673 205.862946
v -31.721550 29.342968 209.540497
v -33.378632 29.996744 206.126862
v -34.359344 29.338835 210.142517
v -36.456100 29.996628 205.964462
v -38.324188 29.346075 210.238678
v -39.367393 29.998541 205.137207
v -42.310452 29.353300 208.242981
v -40.597713 29.349819 209.538116
v -37.963985 29.997620 205.535995
v -41.439365 29.390238 203.416565
v -44.524551 29.094887 204.819748
v -42.765434 28.561253 201.393692
v -45.250416 28.553062 202.383911
v -43.065327 26.589874 200.754776
v -42.765896 24.673414 201.389969
v -41.439365 23.842346 203.416565
v -42.765896 24.673414 201.389969
v -39.367393 23.234047 205.137207
v -37.963985 23.234966 205.535995
v -33.378632 23.235846 206.126862
v -36.456100 23.235954 205.964462
v -30.873262 23.234915 205.862946
v -30.012194 23.234371 206.047607
v -28.783024 23.233852 206.138641
v -20.030788 23.234016 206.968353
v -12.113995 23.234095 207.526947
v -42.765434 28.561253 201.393692
v -38.324543 23.689896 210.240662
v -36.456100 23.235954 205.964462
v -14.585614 43.874557 65.490601
v -14.164779 44.740677 65.534393
v -14.164779 44.847191 63.904739
v -14.585614 43.981064 63.860947
v 1.941890 32.872520 63.299248
v 1.941890 32.766010 64.928917
v -14.164779 32.766010 64.928917
v -14.164779 32.872520 63.299248
v 1.941890 44.740677 65.534393
v 1.941890 44.847191 63.904739
v 2.362725 43.981064 63.860947
v 2.362725 43.874557 65.490601
v 2.362725 33.822765 63.347298
v 2.362725 33.716255 64.976952
v -14.585614 33.822765 63.347298
v -14.585614 33.716255 64.976952
v -6.100499 44.351311 209.358765
v -11.423557 44.169708 209.062561
v -11.413620 39.825832 208.977203
v -6.063043 39.769325 209.455566
v -10.060159 36.440498 209.132065
v -6.069799 35.083046 209.465378
v -11.231922 37.897278 208.969391
v -0.681386 39.825832 208.948502
v -0.761901 44.169708 209.048218
v -0.871065 37.977913 208.942963
v -2.359412 36.472809 209.141052
v -0.681386 39.825832 207.384125
v -0.764977 44.162514 207.993896
v -11.413620 39.825832 207.412811
v -11.231922 37.897278 207.404999
v -0.871065 37.977913 207.378571
v -11.420482 44.162514 208.008255
v -10.060159 36.440498 207.567688
v -6.069799 35.083046 207.901016
v -6.069799 35.083046 207.901016
v -2.359412 36.472809 207.576691
v -27.776554 39.774162 207.292465
v -27.241491 38.619991 207.368652
v -27.032566 42.991081 208.038147
v -27.767658 43.470184 207.035522
v -24.542719 44.831100 208.740448
v -24.981804 45.626884 207.582321
v -16.242634 44.812492 209.850220
v -16.598951 46.063103 209.965805
v -22.358990 45.387329 209.200653
v -21.787605 44.198021 209.104065
v -22.702652 46.222939 208.065750
v -16.819439 46.928635 208.858521
v -11.763348 46.333748 210.228928
v -11.887618 47.209366 209.133591
v -6.137955 46.513283 210.348572
v -11.564062 45.058792 210.107117
v -6.137955 45.223228 210.225525
v -6.137955 47.393036 209.259460
v -23.356314 43.024612 207.760696
v -23.310282 43.022438 206.892380
v -21.367126 43.469025 207.319580
v -21.400490 43.478462 208.183624
v -15.993353 44.037827 208.035538
v -16.006462 44.051567 208.899353
v -25.272346 41.705635 207.337494
v -25.252729 41.698788 206.451843
v -25.928013 39.722923 207.528412
v -25.900360 39.700401 206.609695
v -27.790527 39.757927 206.410797
v -27.263874 38.572029 206.439819
v -27.778086 43.477737 206.175842
v -24.963894 45.650429 206.716583
v -22.680687 46.243462 207.200378
v -24.963894 45.650429 206.716583
v -16.808287 46.944237 207.994324
v -11.882536 47.224228 208.269440
v -6.137955 47.407661 208.395050
v -23.831505 43.705864 208.658875
v -25.830791 42.250534 208.006165
v -26.377436 38.680008 207.454926
v -26.391457 38.613914 206.515411
v -27.263874 38.572029 206.439819
v 15.500645 39.774162 207.292465
v 15.491749 43.470184 207.035522
v 14.756657 42.991081 208.038147
v 14.965582 38.619991 207.368652
v 12.705894 45.626884 207.582321
v 12.266809 44.831100 208.740448
v 3.966723 44.812492 209.850220
v 9.511697 44.198021 209.104065
v 10.083080 45.387329 209.200653
v 4.323042 46.063103 209.965805
v 10.426743 46.222939 208.065750
v 4.543530 46.928635 208.858521
v -0.388291 47.209366 209.133591
v -0.512562 46.333748 210.228928
v -0.711847 45.058792 210.107117
v 11.080404 43.024612 207.760696
v 9.124580 43.478462 208.183624
v 9.091217 43.469025 207.319580
v 11.034372 43.022438 206.892380
v 3.717443 44.037827 208.035538
v 3.730552 44.051567 208.899353
v 12.976820 41.698788 206.451843
v 12.996437 41.705635 207.337494
v 13.624451 39.700401 206.609695
v 13.652103 39.722923 207.528412
v 14.987965 38.572029 206.439819
v 15.514618 39.757927 206.410797
v 15.502176 43.477737 206.175842
v 12.687984 45.650429 206.716583
v 12.687984 45.650429 206.716583
v 10.404778 46.243462 207.200378
v 4.532377 46.944237 207.994324
v -0.393374 47.224228 208.269440
v 11.555595 43.705864 208.658875
v 13.554882 42.250534 208.006165
v 14.101526 38.680008 207.454926
v 14.115547 38.613914 206.515411
v 14.987965 38.572029 206.439819
v -35.504196 30.475264 62.012489
v -36.012177 26.221840 60.829117
v -36.012161 26.221842 64.216698
v -35.504196 30.586571 64.224655
v -33.686504 33.650597 62.655800
v -33.743393 33.610863 64.209946
v -32.338921 33.652348 64.209946
v -32.305824 33.627323 62.660652
v -32.966801 27.182266 60.081589
v -32.980881 32.359306 61.720322
v -34.992886 32.738037 62.845886
v -34.992878 32.738037 64.209946
v -31.129496 32.738037 62.845886
v -31.129496 32.738037 64.209946
v -30.618179 30.586571 64.224678
v -30.618187 30.475264 62.012497
v -32.964188 22.049236 65.460052
v -34.065620 22.514828 61.409363
v -32.211311 22.389122 61.306763
v -36.012177 23.337667 62.080902
v -36.012161 23.337669 65.460052
v -30.110207 23.337667 62.080887
v -30.110210 23.337669 65.460045
v -32.964188 24.984428 60.148811
v -30.110210 26.221842 64.216698
v -30.110207 26.221840 60.829102
v -30.110210 23.337669 65.460045
v -36.012161 23.337669 65.460052
v 19.781288 33.439369 62.699806
v 19.781288 33.439369 64.209946
v 21.611132 33.510513 64.209946
v 21.468872 33.609894 62.664284
v 23.228287 30.586571 64.224655
v 23.228287 30.475264 62.012489
v 22.716976 32.738037 62.845886
v 22.716969 32.738037 64.209946
v 20.704973 32.359306 61.720322
v 18.342270 30.586571 64.224678
v 18.853586 32.738037 64.209946
v 18.853586 32.738037 62.845886
v 18.342278 30.475264 62.012497
v 23.736254 26.221842 64.216698
v 23.736265 26.221840 60.829117
v 20.688276 22.049236 65.460052
v 21.611670 22.439568 61.347931
v 23.736265 23.337667 62.080902
v 23.736254 23.337669 65.460052
v 23.736254 23.337669 65.460052
v 17.834301 23.337669 65.460045
v 17.834297 23.337667 62.080887
v 19.879425 22.414392 61.327385
v 20.688278 24.964918 60.154655
v 17.834301 26.221842 64.216698
v 17.834297 26.221840 60.829102
v 20.690649 27.093439 60.053467
v 17.834301 23.337669 65.460045
v 17.125475 35.367077 208.518188
v 17.082380 35.396996 210.054596
v 18.275175 34.568802 209.882233
v 18.275175 34.568802 208.518188
v 15.569082 35.448532 210.065323
v 15.333920 35.269768 208.518188
v 14.411789 34.568802 208.518188
v 14.411789 34.568802 209.882233
v 18.786488 32.306023 210.560623
v 18.786488 32.417336 208.503479
v 16.251448 34.189491 210.852386
v 13.900475 32.417336 208.503479
v 13.900480 32.306023 210.560623
v 13.392500 23.677635 210.647247
v 13.392500 26.565500 211.899017
v 13.392500 26.565500 208.511444
v 13.392500 23.677635 207.268097
v 19.294458 23.677635 210.647217
v 17.144274 22.772921 211.385193
v 16.232309 22.389206 207.268066
v 19.294455 23.677635 207.268066
v 13.392500 23.677635 207.268097
v 15.256081 22.832123 211.336899
v 16.232317 25.374027 212.592834
v 16.235165 27.700386 212.637726
v 19.294455 23.677635 207.268066
v 19.294455 26.565500 208.511444
v 19.294458 26.565500 211.899017
v -27.816223 35.426666 210.060776
v -27.609829 35.269768 208.518188
v -29.399319 35.368507 208.518188
v -29.283106 35.449196 210.065460
v -30.551085 34.568802 208.518188
v -30.551086 34.568802 209.882233
v -26.687698 34.568802 209.882233
v -26.687698 34.568802 208.518188
v -31.062397 32.417336 208.503479
v -31.062397 32.306023 210.560623
v -28.527357 34.189491 210.852386
v -26.176382 32.417336 208.503479
v -26.176390 32.306023 210.560623
v -28.511366 27.817186 212.605591
v -25.668407 26.565500 211.899017
v -25.668409 26.565500 208.511444
v -28.508223 25.221367 212.547073
v -28.508219 22.389206 207.268066
v -29.593609 22.845892 211.325653
v -31.570366 23.677635 210.647217
v -31.570364 23.677635 207.268066
v -31.570366 26.565500 211.899017
v -31.570364 26.565500 208.511444
v -31.570364 23.677635 207.268066
v -27.509527 22.842316 211.328583
v -25.668409 23.677635 207.268097
v -25.668407 23.677635 210.647247
v -25.668409 23.677635 207.268097
v 10.753094 67.026009 169.679031
v 10.753849 68.115028 169.060303
v 2.741654 69.066872 169.717026
v 2.740539 67.430756 170.646576
v -15.844416 68.050415 169.037613
v -15.845160 66.961403 169.656342
v -15.821987 67.477699 170.262283
v -15.821242 68.566727 169.643570
v 10.213205 66.958488 168.239410
v 10.212809 66.393250 168.560532
v 2.503410 66.924431 169.446671
v 2.503991 67.773613 168.964218
v 10.729929 66.509689 169.073059
v 10.730679 67.598717 168.454330
v 10.730679 67.598717 168.454330
v 2.718483 68.550568 169.111069
v 2.717361 66.914436 170.040604
v 10.729929 66.509689 169.073059
v -7.622455 67.606903 170.874008
v -7.621336 69.243004 169.944473
v -15.845160 66.961403 169.656342
v -7.645629 67.090553 170.268036
v -7.468228 67.943115 169.183090
v -7.468810 67.093925 169.665543
v -15.360168 66.827934 169.121796
v -15.359783 67.393173 168.800674
v -7.644509 68.726707 169.338516
v -15.844416 68.050415 169.037613
v 10.212809 66.393250 168.560532
v 10.213205 66.958488 168.239410
v 10.213205 66.958488 168.239410
v 2.503991 67.773613 168.964218
v -15.359783 67.393173 168.800674
v -15.360168 66.827934 169.121796
v -7.468228 67.943115 169.183090
v -15.359783 67.393173 168.800674
v 15.208775 61.899101 170.765381
v 15.301432 62.523003 170.524765
v 14.778194 63.244736 170.616501
v 14.445988 62.404694 170.985733
v 0.491415 69.317780 170.576965
v 0.316585 68.972961 169.921570
v 0.021632 68.648399 170.100571
v 0.196455 68.993202 170.755966
v 14.306189 62.001732 170.253296
v 14.634634 62.832268 169.888245
v 15.152941 62.308182 170.073761
v 15.060284 61.684288 170.314362
v 15.060284 61.684288 170.314362
v 15.152941 62.308182 170.073761
v 14.110302 61.555870 171.358826
v 13.974306 61.162537 170.622162
v 14.707422 61.181625 170.568909
v 14.855923 61.396461 171.019913
v 11.535843 63.995766 171.312729
v 11.924957 64.979698 170.880249
v 2.403882 68.783371 170.687408
v 2.168147 68.187294 170.949417
v 1.929951 67.584984 171.214157
v 1.736596 67.200279 170.484314
v 10.849360 62.430061 170.660629
v 11.142664 63.001564 171.749725
v 1.974821 67.802650 170.219543
v 2.210579 68.398796 169.957520
v 11.631567 64.407990 169.791260
v 11.242489 63.424164 170.223679
v 13.302719 64.416977 170.888824
v 12.891329 63.376709 171.346069
v 12.167814 61.726959 170.666809
v 13.974306 61.162537 170.622162
v 12.475637 62.325592 171.808075
v 12.994791 63.818085 169.747665
v 12.583447 62.777962 170.204849
v 0.710977 68.749191 170.754776
v 0.923465 69.286491 170.518616
v 0.177562 68.524147 170.925812
v 0.002733 68.179329 170.270401
v 0.316819 67.850586 170.318039
v 0.496273 68.206291 170.993408
v 0.021632 68.648399 170.100571
v 0.316585 68.972961 169.921570
v 0.744038 68.930862 169.843216
v 0.531534 68.393524 170.079391
v 13.974306 61.162537 170.622162
v 14.707422 61.181625 170.568909
v 12.167814 61.726959 170.666809
v 1.736596 67.200279 170.484314
v 10.849360 62.430061 170.660629
v 0.002733 68.179329 170.270401
v 0.316819 67.850586 170.318039
v 0.002733 68.179329 170.270401
v 35.496655 55.799011 121.061134
v 35.664425 55.591972 121.285736
v 36.069080 54.923416 121.012466
v 36.040367 54.900703 120.693962
v 36.483200 54.262268 121.285736
v 36.596775 54.012367 121.061134
v 36.664165 53.995811 121.945465
v 36.839931 53.654366 121.947556
v 36.506001 54.280174 122.605194
v 36.632008 54.040016 122.833839
v 36.101330 54.948738 122.878456
v 36.111301 54.956360 123.200279
v 35.687214 55.609856 122.605186
v 35.531868 55.826653 122.833839
v 35.506245 55.876320 121.945465
v 35.284115 56.181038 121.947556
v 35.623260 55.248695 121.494232
v 35.911057 54.800072 121.945465
v 35.900032 54.791420 121.307335
v 36.183270 54.339233 121.494232
v 36.307045 54.156982 121.945465
v 36.198868 54.351471 122.396690
v 35.922085 54.808739 122.583595
v 35.638847 55.260925 122.396690
v 35.515079 55.443169 121.945465
v 34.722672 53.918465 129.936234
v 34.530792 54.539024 129.812698
v 34.307980 54.421883 129.699646
v 34.464909 53.715546 129.842758
v 35.177856 53.501740 129.797104
v 35.005878 53.303162 129.682831
v 36.548458 53.824814 123.017044
v 36.294842 53.375359 123.059723
v 36.469765 53.043205 121.963501
v 36.761093 53.421623 121.952301
v 36.185013 53.462471 120.925407
v 36.495766 53.812279 120.985046
v 35.533401 54.502815 120.495407
v 35.888622 54.781609 120.584404
v 34.896633 55.554802 120.925407
v 35.295326 55.761818 120.985046
v 34.647751 56.002213 121.963501
v 35.063416 56.178696 121.952301
v 34.862968 55.700760 123.059723
v 35.323444 55.814255 123.017044
v 34.787186 53.941399 123.516571
v 34.096272 55.053810 123.198494
v 33.010471 53.863205 122.999779
v 33.564095 52.979469 123.210907
v 35.487511 52.794426 123.198494
v 34.116535 52.066910 122.999779
v 35.741142 52.324715 121.974762
v 35.487511 52.794426 123.198494
v 34.116535 52.066910 122.999779
v 34.331394 51.680916 122.108566
v 35.437134 52.772308 120.866486
v 34.086910 52.040855 121.217346
v 34.741467 53.882973 120.407425
v 35.437134 52.772308 120.866486
v 34.086910 52.040855 121.217346
v 33.527493 52.934006 120.848190
v 34.061672 55.006096 120.866486
v 32.980827 53.837151 121.217346
v 33.795937 55.483757 121.974762
v 34.061672 55.006096 120.866486
v 32.980827 53.837151 121.217346
v 32.767159 54.221252 122.108566
v 34.096272 55.053810 123.198494
v 33.010471 53.863205 122.999779
v 36.029446 54.919044 123.732208
v 36.027729 54.895088 123.390587
v 35.465446 55.572685 123.693436
v 35.079239 55.424751 123.751984
v 34.653038 54.935555 123.935760
v 35.189346 54.259445 124.392258
v 36.388168 54.068359 123.693436
v 35.584755 53.416580 123.935760
v 36.138863 53.697235 123.751984
v 36.176216 55.051025 127.275246
v 36.515606 54.215614 127.274200
v 36.310150 53.895660 127.280304
v 35.732807 53.601028 127.295197
v 35.297558 54.358849 127.316315
v 34.838661 55.059258 127.294968
v 35.612614 55.688278 127.273964
v 35.283161 55.570518 127.280045
v 35.065468 54.186104 129.741135
v 34.699821 54.843269 129.651840
v 35.492229 53.573044 129.632751
v 35.412033 53.373817 129.437561
v 34.411091 53.671501 129.158142
v 34.678787 53.879608 128.909683
v 35.189987 53.334419 128.834381
v 34.903187 53.285072 129.033493
v 34.260914 54.314651 129.048965
v 34.404007 54.594337 128.853302
v 34.510029 54.819725 129.459274
v 35.916714 54.849846 128.665253
v 35.447247 55.479843 128.601059
v 36.279922 54.125496 128.595428
v 36.110168 53.847153 128.560959
v 35.075161 54.187561 128.494843
v 35.529953 53.536957 128.325424
v 34.704639 54.879318 128.330994
v 35.162678 55.388229 128.567368
v 34.903187 53.285072 129.033493
v 35.189987 53.334419 128.834381
v 34.464909 53.715546 129.842758
v 34.307980 54.421883 129.699646
v 35.005878 53.303162 129.682831
v 35.529953 53.536957 128.325424
v 35.732807 53.601028 127.295197
v 35.584755 53.416580 123.935760
v 34.653038 54.935555 123.935760
v 34.838661 55.059258 127.294968
v 34.704639 54.879318 128.330994
v 34.404007 54.594337 128.853302
v 34.260914 54.314651 129.048965
v -47.772564 55.799011 121.061134
v -48.316277 54.900703 120.693962
v -48.344990 54.923416 121.012466
v -47.940334 55.591972 121.285736
v -48.872684 54.012367 121.061134
v -48.759109 54.262268 121.285736
v -49.115841 53.654366 121.947556
v -48.940075 53.995811 121.945465
v -48.907917 54.040016 122.833839
v -48.781910 54.280174 122.605194
v -48.387211 54.956360 123.200279
v -48.377239 54.948738 122.878456
v -47.807777 55.826653 122.833839
v -47.963123 55.609856 122.605186
v -47.560024 56.181038 121.947556
v -47.782154 55.876320 121.945465
v -47.899170 55.248695 121.494232
v -48.175941 54.791420 121.307335
v -48.186966 54.800072 121.945465
v -48.459179 54.339233 121.494232
v -48.582954 54.156982 121.945465
v -48.474777 54.351471 122.396690
v -48.197994 54.808739 122.583595
v -47.914757 55.260925 122.396690
v -47.790989 55.443169 121.945465
v -46.998581 53.918465 129.936234
v -46.740818 53.715546 129.842758
v -46.583889 54.421883 129.699646
v -46.806702 54.539024 129.812698
v -47.453766 53.501740 129.797104
v -47.281788 53.303162 129.682831
v -48.824368 53.824814 123.017044
v -49.037003 53.421623 121.952301
v -48.745674 53.043205 121.963501
v -48.570751 53.375359 123.059723
v -48.771675 53.812279 120.985046
v -48.460922 53.462471 120.925407
v -48.164532 54.781609 120.584404
v -47.809311 54.502815 120.495407
v -47.571236 55.761818 120.985046
v -47.172543 55.554802 120.925407
v -47.339325 56.178696 121.952301
v -46.923660 56.002213 121.963501
v -47.599354 55.814255 123.017044
v -47.138878 55.700760 123.059723
v -47.063095 53.941399 123.516571
v -45.840004 52.979469 123.210907
v -45.286381 53.863205 122.999779
v -46.372181 55.053810 123.198494
v -47.763420 52.794426 123.198494
v -46.392445 52.066910 122.999779
v -48.017052 52.324715 121.974762
v -46.607304 51.680916 122.108566
v -46.392445 52.066910 122.999779
v -47.763420 52.794426 123.198494
v -47.713043 52.772308 120.866486
v -46.362820 52.040855 121.217346
v -47.017376 53.882973 120.407425
v -45.803402 52.934006 120.848190
v -46.362820 52.040855 121.217346
v -47.713043 52.772308 120.866486
v -46.337582 55.006096 120.866486
v -45.256737 53.837151 121.217346
v -46.071846 55.483757 121.974762
v -45.043068 54.221252 122.108566
v -45.256737 53.837151 121.217346
v -46.337582 55.006096 120.866486
v -46.372181 55.053810 123.198494
v -45.286381 53.863205 122.999779
v -48.305355 54.919044 123.732208
v -47.741356 55.572685 123.693436
v -48.303638 54.895088 123.390587
v -47.355148 55.424751 123.751984
v -46.928947 54.935555 123.935760
v -47.465256 54.259445 124.392258
v -48.664078 54.068359 123.693436
v -47.860664 53.416580 123.935760
v -48.414772 53.697235 123.751984
v -48.791515 54.215614 127.274200
v -48.452126 55.051025 127.275246
v -48.586060 53.895660 127.280304
v -47.573467 54.358849 127.316315
v -48.008717 53.601028 127.295197
v -47.114571 55.059258 127.294968
v -47.888523 55.688278 127.273964
v -47.559071 55.570518 127.280045
v -46.975731 54.843269 129.651840
v -47.341377 54.186104 129.741135
v -47.768139 53.573044 129.632751
v -47.687943 53.373817 129.437561
v -46.687000 53.671501 129.158142
v -47.179096 53.285072 129.033493
v -47.465897 53.334419 128.834381
v -46.954697 53.879608 128.909683
v -46.536823 54.314651 129.048965
v -46.679916 54.594337 128.853302
v -46.785938 54.819725 129.459274
v -47.723156 55.479843 128.601059
v -48.192623 54.849846 128.665253
v -48.555832 54.125496 128.595428
v -48.386078 53.847153 128.560959
v -47.805862 53.536957 128.325424
v -47.351070 54.187561 128.494843
v -46.980549 54.879318 128.330994
v -47.438587 55.388229 128.567368
v -47.465897 53.334419 128.834381
v -47.179096 53.285072 129.033493
v -46.583889 54.421883 129.699646
v -46.740818 53.715546 129.842758
v -47.281788 53.303162 129.682831
v -47.805862 53.536957 128.325424
v -48.008717 53.601028 127.295197
v -47.860664 53.416580 123.935760
v -46.928947 54.935555 123.935760
v -47.114571 55.059258 127.294968
v -46.679916 54.594337 128.853302
v -46.980549 54.879318 128.330994
v -46.536823 54.314651 129.048965
v -6.137955 23.684872 211.515152
v -6.137964 23.234154 207.948608
v -33.936531 36.505909 86.512833
v -48.749775 36.505909 86.512833
v -46.835106 29.399548 81.861763
v -32.021866 29.399548 81.861763
v -34.784126 39.773163 96.202621
v -49.597374 39.773163 96.202621
v -44.343452 21.455996 79.896591
v -29.247683 19.728542 79.887161
v -40.628574 20.176208 68.865112
v -29.097775 20.176208 68.044395
v -29.658833 19.955814 96.431900
v 21.660624 36.505909 86.512833
v 19.745955 29.399548 81.861763
v 34.559196 29.399548 81.861763
v 36.473866 36.505909 86.512833
v 22.508219 39.773163 96.202621
v 37.321465 39.773163 96.202621
v 37.249271 37.252701 106.542091
v 22.436026 37.252701 106.542091
v 16.971773 19.728542 79.887161
v 32.067543 21.455996 79.896591
v 16.821865 20.176208 68.044395
v 28.352665 20.176208 68.865112
v 17.382923 19.955814 96.431900
v -6.137955 19.955814 96.431900
v -18.772076 20.176208 65.665428
v -6.137955 19.728542 79.887177
v -18.772076 20.176208 65.665428
v -6.137955 20.176208 65.083031
v -6.137955 19.728542 79.887177
v -6.137955 19.955814 96.431900
v 6.496166 20.176208 65.665428
v -6.137955 19.728542 79.887177
v 6.496166 20.176208 65.665428
v -6.137955 19.728542 79.887177
v -6.137955 20.176208 65.083031
v -44.224808 51.504128 71.904251
v -43.140724 49.776360 65.462486
v -43.583405 50.768486 67.409264
v -46.144852 46.812241 73.825401
v -36.119194 39.043697 65.488342
v -34.403938 39.982895 66.763802
v -40.472961 39.082119 60.774521
v -37.778084 38.615479 60.841743
v -44.792915 38.252327 65.501213
v -44.972359 45.876694 67.601685
v -44.658356 41.340565 65.491119
v -44.457973 45.939636 65.476082
v -43.253632 38.616432 60.841545
v -40.472961 39.082119 60.774521
v -34.706322 45.416237 66.966248
v -36.220718 41.281715 65.483284
v -32.473965 49.186928 69.302498
v -32.414886 45.145988 67.528519
v -32.442352 47.293327 68.104744
v -37.864243 40.640572 60.562767
v -40.475601 40.612900 60.562965
v -43.179111 40.676620 60.557671
v -40.475601 40.612900 60.562965
v 33.868942 46.812241 73.825401
v 33.646187 38.210686 73.357796
v 22.128029 39.982895 66.763802
v 23.843287 39.043697 65.488342
v 25.516462 40.864853 60.531868
v 28.200043 40.817268 60.534721
v 28.197052 39.082119 60.774521
v 25.509399 38.615479 60.841743
v 23.935467 41.075825 65.483742
v 32.399349 40.952644 65.492378
v 32.696449 45.876694 67.601685
v 32.987446 37.766151 67.885864
v 32.517006 38.252327 65.501213
v 32.182064 45.939636 65.476082
v 28.200043 40.817268 60.534721
v 30.920811 40.767315 60.545166
v 30.935787 38.616432 60.841545
v 28.197052 39.082119 60.774521
v 23.768141 48.696037 67.162537
v 24.480225 46.894981 65.470047
v 22.430410 45.416237 66.966248
v 22.747593 50.562386 71.207275
v 20.074236 39.768700 67.208572
v 20.198055 49.186928 69.302498
v 20.138975 45.145988 67.528519
v 20.166445 47.293327 68.104744
vn 0.2929 -0.8321 -0.4709
vn 0.4054 -0.8955 -0.1838
vn -0.0432 -0.9990 -0.0146
vn -0.1660 -0.9252 -0.3413
vn 0.5148 -0.8506 0.1073
vn 0.0853 -0.9459 0.3131
vn 0.6412 -0.6572 0.3963
vn 0.2221 -0.7294 0.6471
vn 0.7230 -0.3759 0.5796
vn 0.3147 -0.4092 0.8564
vn 0.2221 -0.7293 0.6471
vn 0.7614 -0.0423 0.6468
vn 0.3585 -0.0292 0.9331
vn 0.7520 0.2952 0.5894
vn 0.3476 0.3553 0.8677
vn 0.6960 0.5852 0.4161
vn 0.2839 0.6857 0.6702
vn 0.6021 0.7836 0.1532
vn 0.1770 0.9118 0.3706
vn 0.4846 0.8601 -0.1593
vn 0.0431 0.9990 0.0147
vn 0.3613 0.8032 -0.4737
vn -0.0974 0.9341 -0.3435
vn 0.2511 0.6214 -0.7422
vn -0.2230 0.7270 -0.6494
vn 0.1706 0.3425 -0.9239
vn -0.3147 0.4092 -0.8564
vn 0.1322 0.0089 -0.9912
vn -0.3584 0.0292 -0.9331
vn 0.1417 -0.3286 -0.9338
vn -0.3477 -0.3553 -0.8677
vn 0.1976 -0.6209 -0.7586
vn -0.2831 -0.6881 -0.6681
vn -0.9326 0.0349 0.3593
vn -0.9017 0.2481 0.3541
vn -0.9308 0.2297 0.2842
vn -0.9586 0.1867 0.2151
vn -0.9775 0.1188 0.1745
vn -0.9870 0.0402 0.1555
vn -0.9843 -0.0393 0.1722
vn -0.9714 -0.1098 0.2107
vn -0.9490 -0.1544 0.2749
vn -0.9208 -0.1756 0.3482
vn -0.8923 -0.1590 0.4226
vn -0.8650 -0.1185 0.4876
vn -0.8473 -0.0505 0.5286
vn -0.8365 0.0280 0.5472
vn -0.8405 0.1076 0.5310
vn -0.8523 0.1782 0.4918
vn -0.8770 0.2252 0.4245
vn 0.9224 -0.1432 -0.3587
vn 0.2929 -0.8322 -0.4709
vn 0.9079 -0.1452 -0.3931
vn 0.5148 -0.8505 0.1073
vn 0.9345 -0.1476 -0.3238
vn 0.6411 -0.6572 0.3963
vn 0.9516 -0.1172 -0.2841
vn 0.9620 -0.0806 -0.2609
vn 0.7614 -0.0423 0.6469
vn 0.9669 -0.0380 -0.2523
vn 0.7519 0.2952 0.5894
vn 0.9657 0.0052 -0.2596
vn 0.9585 0.0423 -0.2818
vn 0.9465 0.0677 -0.3154
vn 0.9315 0.0775 -0.3554
vn 0.9157 0.0702 -0.3956
vn 0.9016 0.0470 -0.4300
vn 0.8913 0.0113 -0.4532
vn 0.8864 -0.0314 -0.4618
vn 0.8876 -0.0746 -0.4545
vn 0.8947 -0.1127 -0.4321
vn -0.5989 -0.7910 -0.1250
vn -0.4960 -0.8527 0.1639
vn -0.9334 0.0032 0.3587
vn -0.9382 -0.0076 0.3460
vn -0.3780 -0.8093 0.4496
vn -0.9287 -0.0085 0.3707
vn -0.2668 -0.6171 0.7402
vn -0.9225 0.0040 0.3861
vn -0.1872 -0.3386 0.9221
vn -0.9186 0.0178 0.3947
vn -0.1491 -0.0081 0.9888
vn -0.9168 0.0337 0.3979
vn -0.1585 0.3262 0.9319
vn -0.9173 0.0497 0.3952
vn -0.2139 0.6134 0.7602
vn -0.9199 0.0635 0.3870
vn -0.3069 0.8099 0.4998
vn -0.9244 0.0729 0.3745
vn -0.4233 0.8858 0.1903
vn -0.9300 0.0765 0.3596
vn -0.5454 0.8294 -0.1211
vn -0.9358 0.0738 0.3447
vn -0.6546 0.6493 -0.3871
vn -0.9410 0.0652 0.3319
vn -0.7343 0.3731 -0.5671
vn -0.9449 0.0519 0.3233
vn -0.7724 0.0426 -0.6337
vn -0.9467 0.0361 0.3201
vn -0.7630 -0.2917 -0.5769
vn -0.9462 0.0201 0.3228
vn -0.7064 -0.5812 -0.4039
vn -0.9436 0.0057 0.3310
vn 0.9162 0.2027 -0.3457
vn 0.9459 0.1835 -0.2676
vn 0.8856 0.1887 -0.4243
vn 0.8557 0.1350 -0.4996
vn 0.8343 0.0609 -0.5480
vn 0.8241 -0.0273 -0.5658
vn 0.8266 -0.1162 -0.5507
vn 0.8414 -0.1928 -0.5049
vn 0.8661 -0.2452 -0.4355
vn 0.8972 -0.2655 -0.3530
vn 0.9298 -0.2504 -0.2698
vn 0.9588 -0.2025 -0.1991
vn 0.9801 -0.1287 -0.1511
vn 0.9902 -0.0408 -0.1333
vn 0.9877 0.0486 -0.1486
vn 0.9728 0.1254 -0.1947
vn -0.7630 -0.2917 -0.5768
vn -0.7343 0.3730 -0.5671
vn -0.3069 0.8100 0.4998
vn -0.2139 0.6135 0.7602
vn -0.1871 -0.3385 0.9222
vn 0.9394 -0.0005 -0.3429
vn 0.9335 0.0100 -0.3583
vn 0.9273 0.0004 -0.3742
vn 0.9230 -0.0060 -0.3848
vn 0.9194 -0.0185 -0.3930
vn 0.9176 -0.0337 -0.3961
vn 0.9180 -0.0491 -0.3934
vn 0.9206 -0.0620 -0.3857
vn 0.9248 -0.0710 -0.3738
vn 0.9301 -0.0745 -0.3597
vn 0.9357 -0.0719 -0.3453
vn 0.9406 -0.0638 -0.3334
vn 0.9443 -0.0511 -0.3251
vn 0.9460 -0.0361 -0.3220
vn 0.9456 -0.0208 -0.3246
vn 0.9431 -0.0076 -0.3325
vn 0.9489 0.1408 -0.2824
vn 0.9234 0.1578 -0.3498
vn 0.8969 0.1451 -0.4178
vn 0.8725 0.1051 -0.4771
vn 0.8550 0.0442 -0.5168
vn 0.8466 -0.0287 -0.5315
vn 0.8486 -0.1023 -0.5190
vn 0.8609 -0.1657 -0.4811
vn 0.8814 -0.2090 -0.4237
vn 0.9070 -0.2257 -0.3555
vn 0.9339 -0.2133 -0.2869
vn 0.9580 -0.1736 -0.2282
vn 0.9756 -0.1127 -0.1885
vn 0.9840 -0.0398 -0.1738
vn 0.9819 0.0338 -0.1864
vn 0.9697 0.0972 -0.2242
vn 0.8055 -0.3622 -0.4690
vn 0.8539 -0.3937 -0.3403
vn 0.9047 -0.3702 -0.2108
vn 0.9501 -0.2954 -0.1002
vn 0.9832 -0.1805 -0.0254
vn 0.9991 -0.0431 0.0023
vn 0.9952 0.0959 -0.0213
vn 0.9721 0.2154 -0.0927
vn 0.9334 0.2971 -0.2010
vn 0.8850 0.3286 -0.3297
vn 0.8343 0.3052 -0.4592
vn 0.7889 0.2303 -0.5698
vn 0.7557 0.1154 -0.6447
vn 0.7399 -0.0220 -0.6724
vn 0.7438 -0.1610 -0.6487
vn 0.7668 -0.2805 -0.5773
vn 0.9326 -0.0349 -0.3593
vn -0.5331 -0.8322 -0.1526
vn -0.1059 -0.9252 -0.3645
vn 0.0222 -0.9990 -0.0398
vn -0.4239 -0.8955 0.1358
vn 0.1468 -0.9459 0.2894
vn -0.3097 -0.8505 0.4250
vn 0.2695 -0.7294 0.6288
vn -0.2095 -0.6571 0.7241
vn -0.2095 -0.6572 0.7241
vn 0.2696 -0.7293 0.6289
vn 0.3413 -0.4092 0.8462
vn -0.1472 -0.3759 0.9149
vn 0.3604 -0.0292 0.9324
vn -0.1305 -0.0423 0.9905
vn 0.3245 0.3553 0.8766
vn -0.1620 0.2952 0.9416
vn 0.2392 0.6857 0.6874
vn -0.2369 0.5852 0.7755
vn 0.1175 0.9118 0.3936
vn -0.3437 0.7836 0.5176
vn -0.0221 0.9990 0.0398
vn -0.4662 0.8601 0.2071
vn -0.1582 0.9341 -0.3201
vn -0.5858 0.8032 -0.1088
vn -0.2704 0.7270 -0.6312
vn -0.6842 0.6214 -0.3818
vn -0.3413 0.4092 -0.8462
vn -0.7465 0.3425 -0.5705
vn -0.3604 0.0292 -0.9324
vn -0.7631 0.0089 -0.6462
vn -0.3245 -0.3553 -0.8766
vn -0.7316 -0.3286 -0.5973
vn -0.2384 -0.6881 -0.6854
vn -0.6555 -0.6209 -0.4299
vn 0.9326 0.0349 -0.3593
vn 0.8552 0.1871 -0.4834
vn 0.8809 0.2298 -0.4139
vn 0.9062 0.2481 -0.3425
vn 0.8361 0.0402 -0.5470
vn 0.8418 0.1188 -0.5265
vn 0.8616 -0.1098 -0.4956
vn 0.8453 -0.0393 -0.5328
vn 0.9164 -0.1756 -0.3597
vn 0.8881 -0.1544 -0.4329
vn 0.9685 -0.1185 -0.2188
vn 0.9451 -0.1590 -0.2854
vn 0.9874 0.0280 -0.1556
vn 0.9830 -0.0505 -0.1766
vn 0.9619 0.1784 -0.2074
vn 0.9795 0.1076 -0.1703
vn 0.9351 0.2252 -0.2737
vn -0.9246 -0.1432 0.3529
vn -0.9370 -0.1452 0.3177
vn -0.9102 -0.1476 0.3870
vn -0.2094 -0.6572 0.7241
vn -0.8963 -0.1174 0.4276
vn -0.1472 -0.3760 0.9149
vn -0.8883 -0.0806 0.4521
vn -0.1305 -0.0424 0.9905
vn -0.8862 -0.0379 0.4618
vn -0.1620 0.2951 0.9416
vn -0.8902 0.0052 0.4555
vn -0.2368 0.5852 0.7756
vn -0.8998 0.0423 0.4342
vn -0.9135 0.0677 0.4012
vn -0.9291 0.0775 0.3615
vn -0.5857 0.8032 -0.1087
vn -0.9444 0.0702 0.3211
vn -0.9570 0.0470 0.2862
vn -0.7464 0.3425 -0.5705
vn -0.9650 0.0113 0.2620
vn -0.9671 -0.0314 0.2524
vn -0.9631 -0.0746 0.2586
vn -0.9533 -0.1128 0.2800
vn 0.3602 -0.7910 -0.4945
vn 0.9278 -0.0076 -0.3731
vn 0.9328 0.0032 -0.3604
vn 0.4777 -0.8527 -0.2114
vn 0.9373 -0.0085 -0.3483
vn 0.5820 -0.8093 0.0797
vn 0.9430 0.0040 -0.3327
vn 0.6946 -0.6171 0.3698
vn 0.9460 0.0178 -0.3237
vn 0.7575 -0.3385 0.5581
vn 0.9468 0.0337 -0.3201
vn 0.7740 -0.0081 0.6331
vn 0.9453 0.0497 -0.3225
vn 0.7429 0.3262 0.5846
vn 0.9417 0.0635 -0.3304
vn 0.6687 0.6135 0.4201
vn 0.9366 0.0729 -0.3426
vn 0.5629 0.8100 0.1646
vn 0.9308 0.0765 -0.3574
vn 0.4416 0.8858 -0.1430
vn 0.9251 0.0738 -0.3724
vn 0.3231 0.8293 -0.4558
vn 0.9205 0.0652 -0.3853
vn 0.2256 0.6493 -0.7263
vn 0.9175 0.0519 -0.3943
vn 0.1640 0.3730 -0.9132
vn 0.9167 0.0361 -0.3979
vn 0.1475 0.0426 -0.9882
vn 0.9182 0.0201 -0.3956
vn 0.1786 -0.2917 -0.9397
vn 0.9218 0.0057 -0.3877
vn 0.2527 -0.5812 -0.7735
vn -0.9113 0.2027 0.3585
vn -0.8809 0.1835 0.4363
vn -0.9414 0.1887 0.2797
vn -0.9697 0.1350 0.2037
vn -0.9863 0.0609 0.1534
vn -0.9907 -0.0272 0.1335
vn -0.9824 -0.1163 0.1464
vn -0.9626 -0.1929 0.1903
vn -0.9344 -0.2453 0.2584
vn -0.9021 -0.2655 0.3403
vn -0.8705 -0.2504 0.4237
vn -0.8445 -0.2024 0.4958
vn -0.8281 -0.1288 0.5457
vn -0.8237 -0.0407 0.5656
vn -0.8320 0.0484 0.5527
vn -0.8519 0.1254 0.5084
vn 0.1787 -0.2917 -0.9397
vn 0.1474 0.0426 -0.9882
vn 0.1640 0.3731 -0.9132
vn 0.2257 0.6493 -0.7263
vn 0.3231 0.8294 -0.4558
vn 0.4416 0.8858 -0.1429
vn 0.5629 0.8099 0.1647
vn 0.6687 0.6134 0.4201
vn 0.7575 -0.3386 0.5581
vn 0.6946 -0.6171 0.3697
vn 0.4777 -0.8527 -0.2113
vn -0.9326 0.0100 0.3608
vn -0.9266 -0.0005 0.3761
vn -0.9387 0.0004 0.3447
vn -0.9425 -0.0060 0.3340
vn -0.9454 -0.0186 0.3255
vn -0.9461 -0.0337 0.3221
vn -0.9447 -0.0490 0.3243
vn -0.9413 -0.0621 0.3318
vn -0.9365 -0.0710 0.3434
vn -0.9310 -0.0745 0.3575
vn -0.9255 -0.0719 0.3717
vn -0.9211 -0.0637 0.3841
vn -0.9183 -0.0511 0.3926
vn -0.9175 -0.0360 0.3960
vn -0.9190 -0.0208 0.3938
vn -0.9223 -0.0077 0.3863
vn -0.9194 0.1578 0.3603
vn -0.8930 0.1408 0.4274
vn -0.9453 0.1451 0.2921
vn -0.9671 0.1051 0.2317
vn -0.9807 0.0442 0.1905
vn -0.9843 -0.0287 0.1740
vn -0.9775 -0.1024 0.1847
vn -0.9611 -0.1657 0.2209
vn -0.9378 -0.2090 0.2772
vn -0.9110 -0.2257 0.3450
vn -0.8849 -0.2133 0.4140
vn -0.8635 -0.1736 0.4736
vn -0.8499 -0.1127 0.5148
vn -0.8462 -0.0398 0.5314
vn -0.8531 0.0338 0.5207
vn -0.8694 0.0972 0.4844
vn -0.8615 -0.3937 0.3206
vn -0.9120 -0.3622 0.1927
vn -0.8123 -0.3702 0.4507
vn -0.7717 -0.2954 0.5632
vn -0.7461 -0.1805 0.6409
vn -0.7392 -0.0431 0.6721
vn -0.7522 0.0959 0.6519
vn -0.7830 0.2154 0.5835
vn -0.8270 0.2971 0.4773
vn -0.8775 0.3286 0.3494
vn -0.9267 0.3052 0.2193
vn -0.9672 0.2303 0.1068
vn -0.9929 0.1154 0.0291
vn -0.9998 -0.0220 -0.0020
vn -0.9868 -0.1610 0.0181
vn -0.9560 -0.2805 0.0865
vn -0.9326 -0.0349 0.3593
vn -0.4426 -0.8322 -0.3341
vn 0.0322 -0.9252 -0.3782
vn 0.0350 -0.9990 -0.0292
vn -0.4444 -0.8955 -0.0257
vn 0.0329 -0.9459 0.3228
vn -0.4418 -0.8505 0.2853
vn 0.0254 -0.7294 0.6837
vn -0.4558 -0.6571 0.6003
vn -0.4558 -0.6572 0.6003
vn 0.0254 -0.7293 0.6837
vn 0.0143 -0.4092 0.9123
vn -0.4663 -0.3759 0.8008
vn 0.0010 -0.0292 0.9996
vn -0.4780 -0.0423 0.8774
vn -0.0124 0.3553 0.9347
vn -0.4897 0.2952 0.8204
vn -0.0239 0.6857 0.7274
vn -0.4999 0.5852 0.6385
vn -0.0319 0.9118 0.4095
vn -0.5068 0.7836 0.3594
vn -0.0350 0.9990 0.0292
vn -0.5095 0.8601 0.0256
vn -0.0326 0.9341 -0.3556
vn -0.5075 0.8032 -0.3121
vn -0.0254 0.7270 -0.6862
vn -0.5011 0.6214 -0.6023
vn -0.0143 0.4092 -0.9123
vn -0.4914 0.3425 -0.8008
vn -0.0010 0.0292 -0.9996
vn -0.4797 0.0089 -0.8774
vn 0.0124 -0.3553 -0.9347
vn -0.4680 -0.3286 -0.8204
vn 0.0240 -0.6881 -0.7252
vn -0.4571 -0.6209 -0.6368
vn 0.9994 0.0349 -0.0000
vn 0.9718 0.1871 -0.1436
vn 0.9708 0.2298 -0.0695
vn 0.9687 0.2481 0.0062
vn 0.9769 0.0402 -0.2098
vn 0.9748 0.1188 -0.1886
vn 0.9822 -0.1098 -0.1527
vn 0.9804 -0.0393 -0.1933
vn 0.9845 -0.1756 -0.0061
vn 0.9844 -0.1544 -0.0847
vn 0.9825 -0.1185 0.1440
vn 0.9845 -0.1590 0.0735
vn 0.9773 0.0280 0.2098
vn 0.9807 -0.0505 0.1886
vn 0.9721 0.1784 0.1523
vn 0.9752 0.1076 0.1933
vn 0.9710 0.2252 0.0808
vn -0.9897 -0.1432 -0.0031
vn -0.9886 -0.1452 -0.0404
vn -0.9885 -0.1476 0.0338
vn -0.4558 -0.6572 0.6004
vn -0.9901 -0.1174 0.0767
vn -0.4663 -0.3760 0.8008
vn -0.9915 -0.0806 0.1025
vn -0.4779 -0.0424 0.8774
vn -0.9930 -0.0379 0.1123
vn -0.4897 0.2951 0.8204
vn -0.9945 0.0052 0.1050
vn -0.9958 0.0423 0.0817
vn -0.9966 0.0677 0.0460
vn -0.9970 0.0775 0.0033
vn -0.9967 0.0702 -0.0399
vn -0.9959 0.0470 -0.0771
vn -0.9947 0.0113 -0.1025
vn -0.9932 -0.0314 -0.1123
vn -0.4679 -0.3286 -0.8204
vn -0.9917 -0.0746 -0.1050
vn -0.9903 -0.1128 -0.0815
vn 0.5139 -0.7910 -0.3319
vn 0.9999 -0.0075 -0.0145
vn 1.0000 0.0032 -0.0009
vn 0.5218 -0.8527 -0.0255
vn 0.9999 -0.0085 0.0120
vn 0.5144 -0.8093 0.2836
vn 0.9996 0.0040 0.0286
vn 0.5151 -0.6171 0.5948
vn 0.9991 0.0178 0.0380
vn 0.5062 -0.3385 0.7932
vn 0.9986 0.0337 0.0417
vn 0.4947 -0.0081 0.8691
vn 0.9980 0.0497 0.0390
vn 0.4830 0.3262 0.8126
vn 0.9975 0.0635 0.0303
vn 0.4729 0.6135 0.6324
vn 0.9972 0.0729 0.0171
vn 0.4661 0.8100 0.3560
vn 0.9971 0.0765 0.0012
vn 0.4634 0.8858 0.0254
vn 0.9972 0.0738 -0.0148
vn 0.4654 0.8293 -0.3091
vn 0.9975 0.0652 -0.0286
vn 0.4717 0.6493 -0.5966
vn 0.9979 0.0519 -0.0380
vn 0.4813 0.3730 -0.7932
vn 0.9985 0.0361 -0.0417
vn 0.4929 0.0426 -0.8691
vn 0.9990 0.0201 -0.0390
vn 0.5046 -0.2917 -0.8126
vn 0.9995 0.0057 -0.0304
vn 0.5139 -0.5812 -0.6309
vn -0.9792 0.2027 0.0068
vn -0.9788 0.1835 0.0905
vn -0.9790 0.1887 -0.0775
vn -0.9781 0.1350 -0.1586
vn -0.9755 0.0609 -0.2114
vn -0.9724 -0.0272 -0.2316
vn -0.9693 -0.1163 -0.2166
vn -0.9666 -0.1929 -0.1686
vn -0.9648 -0.2453 -0.0949
vn -0.9641 -0.2655 -0.0068
vn -0.9646 -0.2504 0.0824
vn -0.9663 -0.2024 0.1590
vn -0.9689 -0.1288 0.2114
vn -0.9720 -0.0407 0.2316
vn -0.9751 0.0484 0.2166
vn -0.9777 0.1254 0.1682
vn 0.4813 0.3731 -0.7932
vn 0.4654 0.8294 -0.3091
vn 0.4661 0.8099 0.3560
vn 0.4729 0.6134 0.6325
vn 0.4946 -0.0081 0.8691
vn 0.5062 -0.3386 0.7932
vn 0.5152 -0.6171 0.5948
vn 0.5152 -0.6171 0.5947
vn 0.5218 -0.8527 -0.0254
vn 0.5139 -0.7910 -0.3320
vn -0.9999 0.0100 0.0014
vn -0.9998 -0.0005 0.0178
vn -0.9999 0.0004 -0.0158
vn -0.9996 -0.0060 -0.0272
vn -0.9992 -0.0186 -0.0362
vn -0.9986 -0.0337 -0.0396
vn -0.9981 -0.0490 -0.0371
vn -0.9977 -0.0621 -0.0289
vn -0.9973 -0.0710 -0.0163
vn -0.9972 -0.0745 -0.0012
vn -0.9973 -0.0719 0.0141
vn -0.9976 -0.0637 0.0272
vn -0.9980 -0.0511 0.0362
vn -0.9986 -0.0360 0.0397
vn -0.9991 -0.0208 0.0371
vn -0.9996 -0.0077 0.0288
vn -0.9875 0.1578 0.0056
vn -0.9870 0.1408 0.0777
vn -0.9871 0.1451 -0.0673
vn -0.9857 0.1051 -0.1315
vn -0.9836 0.0442 -0.1748
vn -0.9811 -0.0287 -0.1916
vn -0.9785 -0.1024 -0.1791
vn -0.9763 -0.1657 -0.1394
vn -0.9748 -0.2090 -0.0785
vn -0.9742 -0.2257 -0.0056
vn -0.9746 -0.2133 0.0681
vn -0.9760 -0.1736 0.1315
vn -0.9781 -0.1127 0.1748
vn -0.9807 -0.0398 0.1916
vn -0.9832 0.0338 0.1791
vn -0.9855 0.0972 0.1394
vn -0.9192 -0.3937 -0.0105
vn -0.9203 -0.3622 -0.1480
vn -0.9200 -0.3702 0.1285
vn -0.9226 -0.2954 0.2481
vn -0.9266 -0.1805 0.3298
vn -0.9314 -0.0431 0.3614
vn -0.9363 0.0959 0.3379
vn -0.9405 0.2154 0.2630
vn -0.9433 0.2971 0.1480
vn -0.9444 0.3286 0.0106
vn -0.9436 0.3052 -0.1285
vn -0.9410 0.2303 -0.2481
vn -0.9370 0.1154 -0.3298
vn -0.9322 -0.0220 -0.3614
vn -0.9273 -0.1610 -0.3379
vn -0.9231 -0.2805 -0.2630
vn -0.9994 -0.0349 -0.0000
vn 0.4426 -0.8322 -0.3341
vn 0.4444 -0.8955 -0.0257
vn -0.0350 -0.9990 -0.0292
vn -0.0322 -0.9252 -0.3782
vn 0.4418 -0.8506 0.2852
vn -0.0330 -0.9459 0.3228
vn 0.4558 -0.6572 0.6003
vn -0.0254 -0.7294 0.6837
vn 0.4663 -0.3759 0.8008
vn -0.0143 -0.4092 0.9123
vn -0.0254 -0.7293 0.6837
vn 0.4780 -0.0423 0.8774
vn -0.0010 -0.0292 0.9996
vn 0.4897 0.2952 0.8204
vn 0.0124 0.3553 0.9347
vn 0.4999 0.5852 0.6385
vn 0.0240 0.6857 0.7274
vn 0.5068 0.7836 0.3594
vn 0.0319 0.9118 0.4095
vn 0.5095 0.8601 0.0256
vn 0.0350 0.9990 0.0292
vn 0.5075 0.8032 -0.3121
vn 0.0326 0.9341 -0.3556
vn 0.5011 0.6214 -0.6023
vn 0.0254 0.7270 -0.6862
vn 0.4914 0.3425 -0.8008
vn 0.0143 0.4092 -0.9123
vn 0.4797 0.0089 -0.8774
vn 0.0010 0.0292 -0.9996
vn 0.4680 -0.3286 -0.8204
vn -0.0124 -0.3553 -0.9347
vn 0.4571 -0.6209 -0.6368
vn -0.0240 -0.6881 -0.7252
vn -0.9994 0.0349 -0.0000
vn -0.9687 0.2481 0.0062
vn -0.9708 0.2298 -0.0695
vn -0.9718 0.1867 -0.1440
vn -0.9748 0.1188 -0.1886
vn -0.9769 0.0402 -0.2098
vn -0.9804 -0.0393 -0.1933
vn -0.9822 -0.1098 -0.1527
vn -0.9844 -0.1544 -0.0847
vn -0.9845 -0.1756 -0.0061
vn -0.9845 -0.1590 0.0735
vn -0.9825 -0.1185 0.1440
vn -0.9807 -0.0505 0.1886
vn -0.9773 0.0280 0.2098
vn -0.9752 0.1076 0.1933
vn -0.9721 0.1782 0.1524
vn -0.9709 0.2252 0.0808
vn 0.9897 -0.1432 -0.0031
vn 0.9886 -0.1452 -0.0404
vn 0.4418 -0.8505 0.2853
vn 0.9885 -0.1476 0.0339
vn 0.9901 -0.1172 0.0770
vn 0.9915 -0.0806 0.1025
vn 0.4779 -0.0423 0.8774
vn 0.9930 -0.0380 0.1123
vn 0.9945 0.0052 0.1050
vn 0.9958 0.0423 0.0817
vn 0.9966 0.0677 0.0460
vn 0.9970 0.0775 0.0033
vn 0.9967 0.0702 -0.0399
vn 0.9959 0.0470 -0.0771
vn 0.9947 0.0113 -0.1025
vn 0.9932 -0.0314 -0.1123
vn 0.4679 -0.3286 -0.8204
vn 0.9917 -0.0746 -0.1050
vn 0.9903 -0.1127 -0.0815
vn -0.5139 -0.7910 -0.3320
vn -0.5218 -0.8527 -0.0254
vn -1.0000 0.0032 -0.0009
vn -0.9999 -0.0075 -0.0145
vn -0.5144 -0.8093 0.2836
vn -0.9999 -0.0085 0.0120
vn -0.5151 -0.6171 0.5948
vn -0.9996 0.0040 0.0286
vn -0.5062 -0.3386 0.7932
vn -0.9991 0.0178 0.0380
vn -0.4947 -0.0081 0.8690
vn -0.9986 0.0337 0.0417
vn -0.4830 0.3262 0.8126
vn -0.9980 0.0497 0.0390
vn -0.4729 0.6134 0.6325
vn -0.9975 0.0635 0.0303
vn -0.4661 0.8099 0.3560
vn -0.9972 0.0729 0.0171
vn -0.4634 0.8858 0.0254
vn -0.9971 0.0765 0.0012
vn -0.4654 0.8294 -0.3091
vn -0.9972 0.0738 -0.0148
vn -0.4717 0.6493 -0.5966
vn -0.9975 0.0652 -0.0286
vn -0.4813 0.3731 -0.7932
vn -0.9979 0.0519 -0.0380
vn -0.4929 0.0426 -0.8690
vn -0.9985 0.0361 -0.0417
vn -0.5046 -0.2917 -0.8126
vn -0.9990 0.0201 -0.0390
vn -0.5139 -0.5812 -0.6309
vn -0.9995 0.0057 -0.0304
vn 0.9792 0.2027 0.0068
vn 0.9789 0.1835 0.0904
vn 0.9790 0.1887 -0.0776
vn 0.9781 0.1350 -0.1586
vn 0.9755 0.0609 -0.2114
vn 0.9724 -0.0271 -0.2316
vn 0.9693 -0.1162 -0.2166
vn 0.9666 -0.1928 -0.1686
vn 0.9648 -0.2452 -0.0949
vn 0.9641 -0.2655 -0.0068
vn 0.9646 -0.2503 0.0825
vn 0.9663 -0.2023 0.1592
vn 0.9689 -0.1287 0.2114
vn 0.9720 -0.0406 0.2316
vn 0.9751 0.0486 0.2165
vn 0.9777 0.1254 0.1682
vn -0.4929 0.0426 -0.8691
vn -0.4813 0.3730 -0.7932
vn -0.4661 0.8100 0.3560
vn -0.4729 0.6135 0.6325
vn -0.4946 -0.0081 0.8691
vn -0.5062 -0.3385 0.7932
vn -0.5152 -0.6171 0.5948
vn -0.5139 -0.7910 -0.3319
vn 0.9998 -0.0005 0.0178
vn 0.9999 0.0100 0.0015
vn 0.9999 0.0004 -0.0159
vn 0.9996 -0.0060 -0.0272
vn 0.9992 -0.0186 -0.0362
vn 0.9986 -0.0337 -0.0396
vn 0.9981 -0.0489 -0.0371
vn 0.9977 -0.0620 -0.0289
vn 0.9973 -0.0710 -0.0163
vn 0.9972 -0.0745 -0.0012
vn 0.9973 -0.0719 0.0142
vn 0.9976 -0.0637 0.0272
vn 0.9980 -0.0513 0.0361
vn 0.9986 -0.0361 0.0397
vn 0.9991 -0.0208 0.0371
vn 0.9996 -0.0076 0.0287
vn 0.9870 0.1408 0.0777
vn 0.9875 0.1578 0.0056
vn 0.9871 0.1451 -0.0673
vn 0.9857 0.1051 -0.1315
vn 0.9836 0.0442 -0.1748
vn 0.9811 -0.0287 -0.1916
vn 0.9785 -0.1023 -0.1791
vn 0.9763 -0.1657 -0.1394
vn 0.9748 -0.2090 -0.0785
vn 0.9742 -0.2257 -0.0056
vn 0.9746 -0.2133 0.0681
vn 0.9760 -0.1736 0.1315
vn 0.9781 -0.1127 0.1748
vn 0.9807 -0.0398 0.1916
vn 0.9832 0.0338 0.1791
vn 0.9855 0.0972 0.1394
vn 0.9203 -0.3622 -0.1480
vn 0.9192 -0.3937 -0.0105
vn 0.9200 -0.3702 0.1285
vn 0.9226 -0.2954 0.2481
vn 0.9266 -0.1805 0.3298
vn 0.9314 -0.0431 0.3614
vn 0.9363 0.0959 0.3379
vn 0.9405 0.2154 0.2630
vn 0.9433 0.2971 0.1480
vn 0.9444 0.3286 0.0106
vn 0.9436 0.3052 -0.1285
vn 0.9410 0.2303 -0.2481
vn 0.9370 0.1154 -0.3298
vn 0.9322 -0.0220 -0.3614
vn 0.9273 -0.1610 -0.3379
vn 0.9231 -0.2805 -0.2630
vn 0.9994 -0.0349 -0.0000
vn -0.0196 0.8304 -0.5568
vn -0.0001 -0.1363 -0.9907
vn -0.8319 0.0917 -0.5472
vn -0.6910 0.4822 -0.5385
vn 0.8297 0.1039 -0.5484
vn -0.0000 -0.1363 -0.9907
vn 0.7118 0.4690 -0.5228
vn -0.0136 0.9166 -0.3997
vn 0.7549 0.5719 -0.3211
vn -0.7402 0.5904 -0.3219
vn -0.9455 0.1546 -0.2866
vn -0.0000 -0.1366 -0.9906
vn 0.8234 -0.0062 -0.5675
vn 0.9472 0.1428 -0.2870
vn -0.8350 0.0200 -0.5499
vn -0.9556 0.0702 -0.2863
vn -0.0001 -0.1366 -0.9906
vn 0.9559 0.0436 -0.2903
vn 0.6616 0.5792 0.4762
vn -0.0000 0.8696 0.4937
vn -0.0000 -0.0000 1.0000
vn -0.6616 0.5792 0.4762
vn -0.8873 -0.0000 0.4611
vn -0.6616 -0.5792 0.4762
vn -0.0000 -0.8696 0.4937
vn 0.6616 -0.5792 0.4762
vn 0.8873 0.0001 0.4611
vn 0.7022 0.6331 0.3257
vn -0.0000 0.9388 0.3446
vn -0.7022 0.6331 0.3257
vn -0.9510 -0.0000 0.3091
vn -0.7022 -0.6331 0.3257
vn -0.0000 -0.9388 0.3446
vn 0.7022 -0.6331 0.3257
vn 0.9510 -0.0000 0.3091
vn 0.8873 -0.0000 0.4611
vn 0.6617 -0.5792 0.4762
vn 0.0196 0.8304 -0.5568
vn 0.6910 0.4822 -0.5385
vn 0.8292 0.0858 -0.5523
vn 0.0001 -0.1363 -0.9907
vn 0.0136 0.9166 -0.3997
vn -0.7118 0.4690 -0.5228
vn -0.7549 0.5719 -0.3211
vn 0.7402 0.5904 -0.3219
vn 0.9449 0.1488 -0.2917
vn -0.8251 0.1024 -0.5556
vn 0.8196 0.0087 -0.5729
vn 0.0001 -0.1366 -0.9906
vn 0.9539 0.0616 -0.2939
vn -0.7996 -0.0147 -0.6004
vn -0.9469 0.1429 -0.2880
vn -0.9554 0.0410 -0.2923
vn 0.0016 -0.3257 0.9455
vn -0.6691 -0.3904 0.6324
vn -0.6456 -0.5786 0.4984
vn -0.0000 -0.7002 0.7139
vn 0.0274 -0.9878 0.1536
vn -0.0337 -0.9987 0.0389
vn -0.6228 -0.7524 0.2144
vn -0.0000 -0.9611 0.2761
vn -0.0469 -0.9975 -0.0531
vn 0.0338 -0.9790 -0.2012
vn -0.6646 -0.3954 -0.6341
vn 0.0013 -0.3716 -0.9284
vn -0.6142 -0.6968 -0.3706
vn -0.0000 -0.8609 -0.5088
vn -0.0000 -1.0000 -0.0007
vn -0.0000 -1.0000 -0.0010
vn -0.3120 -0.9496 0.0291
vn -0.5930 -0.7884 -0.1636
vn 0.0047 -0.9999 0.0112
vn -0.7857 -0.3402 -0.5167
vn 0.0035 -0.0683 -0.9977
vn 0.0035 -0.0684 -0.9977
vn 0.0011 -0.2891 -0.9573
vn -0.6649 -0.5820 -0.4681
vn -0.0000 -0.6697 -0.7427
vn -0.0000 -0.9665 -0.2566
vn -0.1395 -0.9890 -0.0483
vn 0.0100 -0.9997 0.0238
vn 0.0261 -0.0950 -0.9951
vn -0.0016 -0.3257 0.9455
vn 0.6456 -0.5786 0.4984
vn 0.6691 -0.3904 0.6324
vn -0.0338 -0.9876 0.1536
vn 0.0337 -0.9987 0.0389
vn 0.6228 -0.7524 0.2144
vn 0.0469 -0.9975 -0.0531
vn -0.0344 -0.9790 -0.2012
vn 0.6646 -0.3954 -0.6341
vn -0.0013 -0.3716 -0.9284
vn 0.5930 -0.7884 -0.1636
vn 0.3120 -0.9496 0.0291
vn -0.0047 -0.9999 0.0112
vn 0.7857 -0.3402 -0.5167
vn -0.0011 -0.2891 -0.9573
vn -0.0035 -0.0684 -0.9977
vn -0.0035 -0.0683 -0.9977
vn 0.6649 -0.5820 -0.4681
vn 0.1395 -0.9890 -0.0483
vn -0.0100 -0.9997 0.0238
vn -0.0261 -0.0950 -0.9951
vn 0.8584 0.5119 -0.0343
vn 0.5097 0.8589 -0.0508
vn 0.5435 0.8382 0.0453
vn 0.8565 0.5154 0.0271
vn 0.8527 0.4645 -0.2391
vn 0.5645 0.7357 -0.3742
vn 0.5161 0.8251 -0.2299
vn 0.8474 0.5110 -0.1441
vn 0.8559 0.5110 -0.0789
vn 0.5029 0.8557 -0.1217
vn 0.5914 0.7831 0.1924
vn 0.8581 0.5026 0.1056
vn 0.3007 0.9452 -0.1274
vn 0.3116 0.9209 -0.2343
vn 0.3532 0.8529 -0.3846
vn 0.3812 0.8950 0.2314
vn 0.3398 0.9394 0.0456
vn 0.3121 0.9484 -0.0564
vn 0.2155 0.9747 0.0591
vn 0.2378 0.9343 0.2656
vn 0.0631 0.9155 -0.3973
vn -0.0000 0.9145 -0.4046
vn -0.0000 0.9706 -0.2407
vn 0.0627 0.9691 -0.2385
vn 0.2094 0.9764 -0.0527
vn 0.2252 0.8996 -0.3741
vn 0.2101 0.9506 -0.2286
vn 0.2065 0.9703 -0.1262
vn 0.1219 0.9645 -0.2342
vn 0.1212 0.9151 -0.3846
vn 0.0654 0.7858 -0.6150
vn -0.0000 0.7851 -0.6194
vn 0.9786 0.1875 -0.0850
vn 0.8805 0.2955 -0.3708
vn 0.8897 0.2904 -0.3522
vn 0.9848 0.1692 -0.0383
vn 0.8728 0.3782 -0.3085
vn 0.5895 0.6054 -0.5348
vn -0.0000 0.9929 -0.1192
vn 0.0593 0.9911 -0.1192
vn 0.1213 0.9851 -0.1218
vn 0.1223 0.9896 0.0761
vn 0.1420 0.9492 0.2807
vn 0.1201 0.9918 -0.0432
vn 0.0583 0.9948 0.0838
vn 0.0565 0.9977 -0.0364
vn -0.0000 0.9994 -0.0346
vn -0.0000 0.9965 0.0831
vn 0.0725 0.9585 0.2757
vn -0.0000 0.9636 0.2673
vn 0.1284 0.7820 -0.6100
vn 0.9910 0.1339 0.0088
vn 0.8848 0.3234 -0.3354
vn 0.9906 0.1359 0.0152
vn 0.9893 0.1459 -0.0003
vn 0.7824 -0.4443 0.4364
vn 0.7506 -0.3049 0.5861
vn 0.9881 0.1530 -0.0152
vn 0.9883 0.1520 -0.0135
vn 0.9944 0.1048 -0.0142
vn 0.9973 0.0728 -0.0088
vn 0.8468 -0.3268 -0.4197
vn 0.8648 -0.4732 -0.1681
vn 0.9900 0.1330 -0.0471
vn 0.8740 -0.4838 -0.0443
vn 0.9931 0.1166 -0.0090
vn 0.9933 0.1154 -0.0073
vn 0.9883 0.1507 -0.0223
vn 0.5512 -0.2808 -0.7857
vn 0.8067 -0.1598 -0.5689
vn 0.9891 0.1315 -0.0664
vn 0.9885 0.1316 -0.0745
vn 0.9869 0.1606 -0.0165
vn 0.9867 0.1613 -0.0197
vn 0.8067 -0.1598 -0.5690
vn 0.5512 -0.2807 -0.7857
vn 0.9868 0.1609 -0.0163
vn 0.9869 0.1608 -0.0163
vn 0.9868 0.1612 -0.0165
vn 0.9869 0.1607 -0.0163
vn 0.9868 0.1609 -0.0165
vn 0.9868 0.1612 -0.0163
vn 0.9868 0.1612 -0.0164
vn 0.9867 0.1617 -0.0165
vn 0.9868 0.1613 -0.0166
vn 0.9867 0.1617 -0.0166
vn 0.9867 0.1618 -0.0167
vn 0.9867 0.1618 -0.0163
vn 0.9867 0.1617 -0.0171
vn 0.9867 0.1619 -0.0170
vn 0.9867 0.1618 -0.0166
vn 0.9875 0.1569 -0.0163
vn 0.9877 0.1556 -0.0162
vn 0.9991 0.0402 -0.0108
vn 0.8814 -0.4719 0.0205
vn 0.9919 0.1258 -0.0187
vn 0.9923 0.1213 -0.0256
vn 0.9915 0.1295 -0.0110
vn 0.8822 -0.4682 0.0501
vn 0.9908 0.1328 -0.0244
vn 0.7538 -0.6120 0.2390
vn 0.9881 0.1533 -0.0126
vn 0.8227 -0.5521 0.1352
vn 0.9883 0.1514 -0.0162
vn 0.9881 0.1529 -0.0166
vn 0.9867 0.1620 -0.0164
vn 0.9867 0.1618 -0.0165
vn 0.7214 -0.2350 0.6514
vn 0.9878 0.1553 -0.0150
vn 0.7214 -0.2351 0.6514
vn 0.6096 -0.2042 0.7659
vn 0.5536 -0.2204 0.8030
vn 0.9869 0.1604 -0.0167
vn 0.9866 0.1623 -0.0167
vn 0.9866 0.1622 -0.0166
vn 0.9866 0.1620 -0.0166
vn 0.9866 0.1621 -0.0163
vn 0.5537 -0.2205 0.8030
vn 0.2754 0.7492 0.6024
vn 0.1752 0.7651 0.6197
vn 0.0954 0.7782 0.6207
vn -0.0000 0.7852 0.6192
vn 0.1016 0.6128 0.7837
vn -0.0000 0.6227 0.7825
vn 0.1892 0.5911 0.7841
vn 0.1111 0.4723 0.8744
vn 0.1142 0.4723 0.8740
vn 0.2061 0.4713 0.8576
vn 0.1939 0.4715 0.8603
vn -0.0000 0.4740 0.8805
vn 0.2858 0.5694 0.7708
vn 0.8619 0.4387 0.2544
vn 0.8544 0.3500 0.3841
vn 0.8812 0.3195 0.3485
vn 0.4222 0.7271 0.5413
vn 0.6269 0.6425 0.4407
vn 0.4403 0.5498 0.7099
vn 0.5614 0.5246 0.6400
vn 0.2885 0.4686 0.8349
vn 0.2849 0.4687 0.8362
vn 0.6162 0.4322 0.6584
vn 0.6125 0.4574 0.6446
vn 0.5596 0.4730 0.6805
vn 0.3832 0.4677 0.7965
vn 0.3837 0.4677 0.7962
vn 0.4605 0.4640 0.7567
vn 0.4603 0.4631 0.7574
vn 0.5439 0.4511 0.7076
vn -0.0000 0.5977 -0.8017
vn -0.0000 0.6760 -0.7369
vn 0.0680 0.6743 -0.7353
vn 0.0715 0.5957 -0.8000
vn 0.0775 0.4807 -0.8734
vn 0.0774 0.4808 -0.8734
vn -0.0000 0.4818 -0.8763
vn -0.0000 0.4822 -0.8761
vn 0.3841 0.7122 -0.5876
vn 0.2417 0.7678 -0.5933
vn 0.7072 0.3875 -0.5914
vn 0.6718 0.4040 -0.6209
vn 0.6059 0.5036 -0.6159
vn 0.4036 0.5916 -0.6979
vn 0.4110 0.4740 -0.7787
vn 0.1321 0.6724 -0.7283
vn 0.1297 0.5923 -0.7952
vn 0.2557 0.6580 -0.7083
vn 0.1938 0.5867 -0.7863
vn 0.3229 0.5706 -0.7550
vn 0.3566 0.5490 -0.7560
vn 0.3561 0.4811 -0.8011
vn 0.1524 0.4786 -0.8647
vn 0.1501 0.4787 -0.8651
vn 0.4083 0.4638 -0.7862
vn 0.3684 0.4677 -0.8035
vn 0.3522 0.4692 -0.8098
vn 0.2716 0.4734 -0.8379
vn 0.3085 0.4715 -0.8262
vn 0.2244 0.4743 -0.8513
vn -0.8584 0.5119 -0.0343
vn -0.8565 0.5154 0.0272
vn -0.5435 0.8382 0.0453
vn -0.5097 0.8589 -0.0508
vn -0.8527 0.4645 -0.2391
vn -0.8474 0.5110 -0.1441
vn -0.5161 0.8251 -0.2299
vn -0.5645 0.7357 -0.3742
vn -0.8559 0.5110 -0.0789
vn -0.5029 0.8557 -0.1218
vn -0.8581 0.5026 0.1056
vn -0.5914 0.7831 0.1924
vn -0.3007 0.9452 -0.1274
vn -0.3116 0.9209 -0.2343
vn -0.3532 0.8529 -0.3846
vn -0.3812 0.8950 0.2315
vn -0.3398 0.9394 0.0456
vn -0.3121 0.9484 -0.0564
vn -0.2155 0.9747 0.0591
vn -0.2378 0.9343 0.2656
vn -0.0631 0.9155 -0.3973
vn -0.0627 0.9691 -0.2385
vn -0.2094 0.9764 -0.0527
vn -0.2101 0.9506 -0.2286
vn -0.2252 0.8996 -0.3741
vn -0.2065 0.9703 -0.1262
vn -0.1212 0.9151 -0.3846
vn -0.1219 0.9645 -0.2342
vn -0.0654 0.7858 -0.6150
vn -0.9786 0.1876 -0.0850
vn -0.9848 0.1693 -0.0383
vn -0.8897 0.2904 -0.3522
vn -0.8805 0.2955 -0.3708
vn -0.8728 0.3782 -0.3085
vn -0.5895 0.6054 -0.5348
vn -0.0593 0.9911 -0.1192
vn -0.1213 0.9851 -0.1218
vn -0.1420 0.9492 0.2807
vn -0.1223 0.9896 0.0761
vn -0.1201 0.9918 -0.0432
vn -0.0583 0.9948 0.0838
vn -0.0565 0.9977 -0.0364
vn -0.0725 0.9585 0.2757
vn -0.1284 0.7820 -0.6100
vn -0.9909 0.1340 0.0088
vn -0.8848 0.3234 -0.3354
vn -0.9906 0.1360 0.0152
vn -0.9891 0.1470 0.0010
vn -0.7507 -0.3049 0.5861
vn -0.7824 -0.4443 0.4364
vn -0.9881 0.1530 -0.0152
vn -0.9883 0.1520 -0.0135
vn -0.9944 0.1048 -0.0142
vn -0.9973 0.0728 -0.0088
vn -0.8468 -0.3268 -0.4197
vn -0.9900 0.1330 -0.0471
vn -0.8648 -0.4732 -0.1681
vn -0.8740 -0.4838 -0.0443
vn -0.9931 0.1166 -0.0090
vn -0.9933 0.1154 -0.0073
vn -0.9883 0.1507 -0.0223
vn -0.5512 -0.2808 -0.7857
vn -0.9885 0.1317 -0.0745
vn -0.9891 0.1315 -0.0664
vn -0.8067 -0.1598 -0.5689
vn -0.9869 0.1606 -0.0165
vn -0.9867 0.1613 -0.0197
vn -0.9869 0.1608 -0.0163
vn -0.9868 0.1612 -0.0165
vn -0.9868 0.1609 -0.0163
vn -0.9868 0.1609 -0.0165
vn -0.9869 0.1607 -0.0163
vn -0.9868 0.1612 -0.0164
vn -0.9868 0.1613 -0.0166
vn -0.9867 0.1617 -0.0165
vn -0.9868 0.1612 -0.0163
vn -0.9867 0.1618 -0.0167
vn -0.9867 0.1618 -0.0163
vn -0.9867 0.1617 -0.0166
vn -0.9867 0.1617 -0.0171
vn -0.9867 0.1618 -0.0166
vn -0.9867 0.1619 -0.0170
vn -0.9875 0.1569 -0.0163
vn -0.9877 0.1556 -0.0162
vn -0.9991 0.0402 -0.0109
vn -0.8814 -0.4719 0.0205
vn -0.9919 0.1258 -0.0187
vn -0.9923 0.1213 -0.0256
vn -0.9915 0.1295 -0.0110
vn -0.8822 -0.4682 0.0501
vn -0.9908 0.1329 -0.0244
vn -0.7538 -0.6120 0.2390
vn -0.9881 0.1533 -0.0126
vn -0.8227 -0.5521 0.1352
vn -0.9883 0.1514 -0.0161
vn -0.9881 0.1529 -0.0167
vn -0.9867 0.1618 -0.0165
vn -0.9867 0.1620 -0.0164
vn -0.7214 -0.2350 0.6514
vn -0.9878 0.1550 -0.0151
vn -0.5536 -0.2204 0.8030
vn -0.6096 -0.2042 0.7659
vn -0.9869 0.1604 -0.0167
vn -0.9866 0.1623 -0.0167
vn -0.9866 0.1622 -0.0166
vn -0.9866 0.1621 -0.0163
vn -0.9867 0.1620 -0.0166
vn -0.5537 -0.2204 0.8030
vn -0.2754 0.7492 0.6024
vn -0.1752 0.7651 0.6197
vn -0.0954 0.7782 0.6207
vn -0.1017 0.6128 0.7837
vn -0.1892 0.5910 0.7841
vn -0.1111 0.4723 0.8744
vn -0.1939 0.4715 0.8603
vn -0.2061 0.4713 0.8576
vn -0.1142 0.4723 0.8740
vn -0.2858 0.5694 0.7708
vn -0.8619 0.4387 0.2544
vn -0.8544 0.3500 0.3841
vn -0.8812 0.3195 0.3485
vn -0.4222 0.7271 0.5413
vn -0.6269 0.6425 0.4407
vn -0.4403 0.5498 0.7099
vn -0.5614 0.5246 0.6400
vn -0.2849 0.4687 0.8362
vn -0.2886 0.4686 0.8349
vn -0.6162 0.4322 0.6584
vn -0.6125 0.4574 0.6446
vn -0.5596 0.4730 0.6805
vn -0.3832 0.4677 0.7965
vn -0.3837 0.4679 0.7961
vn -0.4603 0.4631 0.7574
vn -0.4605 0.4640 0.7567
vn -0.5439 0.4511 0.7076
vn -0.0715 0.5957 -0.8000
vn -0.0680 0.6743 -0.7353
vn -0.0775 0.4807 -0.8734
vn -0.0774 0.4808 -0.8734
vn -0.3841 0.7122 -0.5876
vn -0.2417 0.7678 -0.5933
vn -0.6718 0.4040 -0.6209
vn -0.7072 0.3875 -0.5913
vn -0.6059 0.5036 -0.6159
vn -0.4036 0.5916 -0.6979
vn -0.4110 0.4740 -0.7787
vn -0.1321 0.6724 -0.7283
vn -0.1297 0.5922 -0.7952
vn -0.2557 0.6580 -0.7083
vn -0.1938 0.5866 -0.7863
vn -0.3229 0.5706 -0.7550
vn -0.3565 0.5490 -0.7560
vn -0.3561 0.4811 -0.8011
vn -0.1524 0.4786 -0.8647
vn -0.1501 0.4787 -0.8651
vn -0.4083 0.4638 -0.7862
vn -0.3684 0.4677 -0.8035
vn -0.3522 0.4692 -0.8098
vn -0.2716 0.4734 -0.8379
vn -0.3085 0.4715 -0.8262
vn -0.2244 0.4743 -0.8513
vn 0.8423 -0.5284 -0.1061
vn 0.9787 -0.2046 -0.0158
vn 0.9790 -0.2039 -0.0003
vn 0.8223 -0.5686 -0.0221
vn 0.7615 -0.6297 0.1534
vn 0.8055 -0.5421 0.2393
vn 0.3000 -0.8800 0.3683
vn 0.2435 -0.9473 0.2079
vn 0.2806 -0.9302 -0.2364
vn 0.2214 -0.9742 -0.0443
vn 0.1818 -0.9821 -0.0497
vn 0.2064 -0.9461 -0.2497
vn 0.0561 -0.9172 0.3944
vn -0.0000 -0.9155 0.4023
vn -0.0000 -0.9791 0.2034
vn 0.0529 -0.9781 0.2015
vn 0.2010 -0.9784 0.0478
vn 0.1765 -0.9833 0.0444
vn 0.1920 -0.9119 0.3627
vn 0.1784 -0.9646 0.1942
vn 0.2089 -0.9716 0.1112
vn 0.1743 -0.9789 0.1066
vn 0.1031 -0.9747 0.1981
vn 0.1064 -0.9184 0.3811
vn 0.0602 -0.7959 0.6025
vn -0.0000 -0.7968 0.6042
vn -0.0000 -0.9950 0.1001
vn 0.0498 -0.9937 0.1001
vn 0.1020 -0.9895 0.1024
vn 0.1028 -0.9926 -0.0639
vn 0.1231 -0.9571 -0.2624
vn 0.1008 -0.9942 0.0362
vn 0.0489 -0.9963 -0.0702
vn 0.0473 -0.9984 0.0305
vn -0.0000 -0.9996 0.0289
vn -0.0000 -0.9976 -0.0696
vn 0.0625 -0.9643 -0.2572
vn -0.0000 -0.9684 -0.2495
vn 0.1173 -0.7898 0.6020
vn 0.9047 -0.3870 -0.1782
vn 0.9788 -0.2034 -0.0225
vn 0.8561 -0.5048 -0.1109
vn 0.8513 -0.5247 -0.0083
vn 0.8683 -0.4485 -0.2121
vn 0.2545 -0.7800 -0.5717
vn 0.1617 -0.8022 -0.5748
vn 0.0887 -0.8237 -0.5600
vn -0.0000 -0.8349 -0.5503
vn 0.0983 -0.8132 -0.5737
vn -0.0000 -0.8254 -0.5646
vn 0.1783 -0.7888 -0.5883
vn 0.1021 -0.3292 -0.9387
vn 0.1143 -0.4686 -0.8760
vn 0.2066 -0.4676 -0.8595
vn 0.1798 -0.3208 -0.9299
vn -0.0000 -0.3264 -0.9452
vn -0.0000 -0.4703 -0.8825
vn 0.2706 -0.7599 -0.5911
vn 0.9803 -0.1909 -0.0506
vn 0.9493 -0.2575 -0.1801
vn 0.3710 -0.7498 -0.5478
vn 0.4289 -0.6788 -0.5961
vn 0.6250 -0.5734 -0.5298
vn 0.2893 -0.4650 -0.8367
vn 0.2726 -0.3315 -0.9032
vn 0.9153 -0.3143 -0.2518
vn 0.4035 -0.3400 -0.8495
vn 0.3849 -0.4641 -0.7978
vn 0.4626 -0.4604 -0.7576
vn 0.6000 -0.3390 -0.7246
vn 0.8225 -0.3466 -0.4509
vn 0.9723 -0.2109 -0.1008
vn -0.0000 -0.8256 0.5643
vn -0.0000 -0.7212 0.6927
vn 0.0640 -0.7172 0.6939
vn 0.0641 -0.8215 0.5667
vn 0.0753 -0.4427 0.8935
vn 0.0776 -0.4771 0.8754
vn -0.0000 -0.4784 0.8782
vn -0.0000 -0.4428 0.8966
vn 0.8116 -0.4497 0.3729
vn 0.3424 -0.7201 0.6036
vn 0.2144 -0.7717 0.5987
vn 0.1246 -0.7088 0.6944
vn 0.0734 -0.9942 -0.0785
vn -0.0000 -0.9919 -0.1271
vn 0.1266 -0.9917 -0.0222
vn 0.1819 -0.9833 -0.0060
vn 0.3858 -0.9195 0.0755
vn 0.8535 -0.4706 0.2235
vn 0.9686 -0.0625 0.2407
vn 0.9727 -0.0164 0.2315
vn 0.8707 0.4869 -0.0690
vn 0.2067 0.7954 -0.5698
vn -0.0187 0.7739 -0.6330
vn -0.0379 0.7742 -0.6318
vn -0.0310 0.7812 -0.6235
vn -0.0000 0.7848 -0.6198
vn 0.9787 -0.2039 0.0225
vn 0.8071 -0.5893 0.0368
vn 0.7627 -0.6411 0.0856
vn 0.8582 -0.5116 0.0420
vn 0.4593 -0.8870 -0.0475
vn 0.4444 -0.8935 0.0654
vn 0.3199 -0.9139 -0.2498
vn 0.1795 -0.7940 -0.5808
vn 0.9693 -0.2290 0.0893
vn 0.9687 -0.2106 0.1314
vn 0.7810 -0.5287 0.3323
vn 0.1732 -0.7585 0.6283
vn 0.1254 -0.5962 0.7929
vn 0.7497 -0.4668 0.4691
vn 0.9695 -0.2377 0.0598
vn 0.9670 -0.2079 0.1476
vn 0.8318 -0.3764 0.4080
vn 0.0811 -0.4921 0.8668
vn 0.7096 -0.4195 0.5661
vn 0.9782 -0.2051 0.0315
vn 0.9670 -0.2079 0.1475
vn 0.9882 -0.1396 -0.0628
vn 0.8558 -0.3562 -0.3752
vn 0.9815 -0.1858 -0.0456
vn 0.9987 -0.0498 0.0114
vn 0.9871 -0.1594 0.0161
vn 0.5527 0.8327 -0.0337
vn 0.1597 -0.0125 -0.9871
vn -0.0439 -0.4671 -0.8831
vn 0.0998 -0.3754 0.9215
vn 0.6244 -0.3686 0.6887
vn 0.9630 -0.2054 0.1745
vn 0.8936 -0.2897 0.3427
vn 0.9630 -0.2054 0.1744
vn 0.9945 -0.1011 0.0264
vn 0.9842 -0.1341 0.1155
vn 0.1679 0.1831 0.9686
vn 0.5198 0.8334 0.1879
vn 0.8474 -0.2777 0.4525
vn 0.1045 -0.2681 0.9577
vn 0.9623 -0.2064 0.1773
vn 0.9567 -0.2214 0.1891
vn 0.8351 -0.3283 0.4415
vn 0.9870 -0.1602 0.0156
vn 0.9567 -0.2214 0.1890
vn 0.5884 0.8085 -0.0126
vn 0.9980 -0.0623 0.0141
vn 0.9869 -0.1604 0.0164
vn 0.9870 -0.1596 0.0164
vn 0.9989 -0.0443 0.0115
vn 0.6067 0.7944 -0.0284
vn 0.1860 -0.8785 0.4400
vn 0.8325 -0.5218 0.1862
vn 0.9912 -0.1181 -0.0589
vn 0.9869 -0.1602 0.0164
vn 0.9448 -0.1556 0.2883
vn 0.9687 -0.1516 -0.1963
vn 0.9560 -0.1431 -0.2561
vn 0.9461 -0.1489 0.2875
vn 0.9922 -0.1048 0.0669
vn 0.9870 -0.1601 0.0164
vn 0.6463 0.4596 0.6092
vn 0.7002 0.2828 -0.6555
vn 0.5697 -0.0705 -0.8188
vn 0.6212 -0.0775 -0.7798
vn 0.3708 -0.0676 0.9262
vn 0.3859 -0.0654 0.9202
vn 0.8697 -0.4887 0.0686
vn 0.3886 -0.9143 0.1144
vn 0.9361 -0.3054 0.1745
vn 0.9727 -0.2259 0.0524
vn 0.9767 -0.1821 -0.1133
vn 0.6595 -0.4018 -0.6353
vn 0.4818 -0.5660 0.6690
vn 0.0524 0.6530 0.7556
vn -0.0000 0.6514 0.7587
vn -0.0000 -0.9761 -0.2174
vn 0.0179 -0.9755 -0.2193
vn 0.3736 -0.5939 0.7125
vn 0.1117 -0.8155 0.5679
vn 0.2386 -0.6789 0.6944
vn 0.1956 -0.7595 0.6203
vn 0.3606 -0.6536 0.6654
vn 0.5311 -0.7993 -0.2812
vn 0.0771 -0.9486 -0.3070
vn 0.4089 -0.5619 0.7191
vn 0.8840 -0.4406 -0.1562
vn 0.4663 -0.4591 0.7562
vn 0.9921 -0.1060 0.0675
vn 0.1529 -0.4749 0.8667
vn 0.1529 -0.4416 0.8841
vn 0.3870 -0.4809 0.7868
vn 0.1214 0.6593 0.7420
vn 0.3711 0.6620 0.6512
vn 0.2375 -0.4391 0.8665
vn 0.0080 -0.9662 -0.2578
vn 0.9916 -0.0825 0.0992
vn 0.4284 -0.4493 0.7839
vn 0.8706 0.3152 0.3777
vn 0.3333 -0.4531 0.8268
vn 0.2710 -0.4699 0.8401
vn 0.3981 -0.4561 0.7959
vn 0.3607 -0.4651 0.8085
vn -0.8424 -0.5284 -0.1061
vn -0.8223 -0.5686 -0.0221
vn -0.9790 -0.2039 -0.0003
vn -0.9787 -0.2046 -0.0158
vn -0.7615 -0.6297 0.1534
vn -0.2435 -0.9473 0.2079
vn -0.3000 -0.8800 0.3683
vn -0.8055 -0.5421 0.2393
vn -0.2807 -0.9302 -0.2364
vn -0.2214 -0.9742 -0.0442
vn -0.1818 -0.9821 -0.0497
vn -0.2064 -0.9461 -0.2497
vn -0.0561 -0.9172 0.3944
vn -0.0529 -0.9781 0.2015
vn -0.1765 -0.9833 0.0444
vn -0.2010 -0.9784 0.0478
vn -0.1784 -0.9646 0.1942
vn -0.1920 -0.9119 0.3627
vn -0.2089 -0.9716 0.1112
vn -0.1744 -0.9789 0.1066
vn -0.1064 -0.9184 0.3811
vn -0.1031 -0.9747 0.1981
vn -0.0602 -0.7959 0.6025
vn -0.0498 -0.9937 0.1001
vn -0.1020 -0.9895 0.1024
vn -0.1231 -0.9571 -0.2624
vn -0.1028 -0.9926 -0.0639
vn -0.1008 -0.9942 0.0362
vn -0.0489 -0.9963 -0.0702
vn -0.0473 -0.9984 0.0305
vn -0.0625 -0.9643 -0.2572
vn -0.1173 -0.7898 0.6020
vn -0.9788 -0.2034 -0.0225
vn -0.9047 -0.3870 -0.1782
vn -0.8561 -0.5048 -0.1109
vn -0.8513 -0.5247 -0.0083
vn -0.8683 -0.4485 -0.2121
vn -0.2545 -0.7800 -0.5717
vn -0.1617 -0.8022 -0.5748
vn -0.0887 -0.8238 -0.5600
vn -0.0983 -0.8132 -0.5737
vn -0.1783 -0.7888 -0.5883
vn -0.1021 -0.3292 -0.9387
vn -0.1798 -0.3208 -0.9299
vn -0.2066 -0.4676 -0.8595
vn -0.1143 -0.4686 -0.8760
vn -0.2706 -0.7599 -0.5911
vn -0.9803 -0.1909 -0.0506
vn -0.9493 -0.2576 -0.1801
vn -0.3710 -0.7498 -0.5478
vn -0.4288 -0.6788 -0.5961
vn -0.6250 -0.5734 -0.5297
vn -0.2726 -0.3315 -0.9032
vn -0.2893 -0.4650 -0.8367
vn -0.9153 -0.3143 -0.2518
vn -0.4035 -0.3400 -0.8495
vn -0.3849 -0.4641 -0.7978
vn -0.6000 -0.3390 -0.7246
vn -0.4626 -0.4604 -0.7576
vn -0.8225 -0.3466 -0.4509
vn -0.9723 -0.2109 -0.1008
vn -0.0673 -0.8214 0.5664
vn -0.0640 -0.7172 0.6939
vn -0.0785 -0.4427 0.8932
vn -0.0777 -0.4770 0.8755
vn -0.3424 -0.7201 0.6036
vn -0.8116 -0.4497 0.3729
vn -0.2144 -0.7717 0.5987
vn -0.1246 -0.7087 0.6944
vn -0.0734 -0.9942 -0.0785
vn -0.1265 -0.9917 -0.0223
vn -0.1819 -0.9833 -0.0060
vn -0.3858 -0.9195 0.0755
vn -0.8535 -0.4706 0.2235
vn -0.9686 -0.0625 0.2407
vn -0.9727 -0.0164 0.2315
vn -0.8707 0.4869 -0.0690
vn -0.2067 0.7954 -0.5698
vn 0.0187 0.7739 -0.6330
vn 0.0379 0.7742 -0.6318
vn 0.0310 0.7812 -0.6235
vn -0.8071 -0.5893 0.0368
vn -0.9787 -0.2039 0.0225
vn -0.7627 -0.6410 0.0857
vn -0.8582 -0.5116 0.0420
vn -0.4444 -0.8935 0.0654
vn -0.4593 -0.8870 -0.0475
vn -0.3199 -0.9139 -0.2498
vn -0.1795 -0.7940 -0.5808
vn -0.9687 -0.2106 0.1314
vn -0.9693 -0.2290 0.0893
vn -0.7810 -0.5287 0.3323
vn -0.7497 -0.4668 0.4691
vn -0.1254 -0.5962 0.7929
vn -0.1732 -0.7585 0.6283
vn -0.9695 -0.2377 0.0598
vn -0.9670 -0.2079 0.1476
vn -0.8318 -0.3763 0.4080
vn -0.7096 -0.4195 0.5661
vn -0.0811 -0.4921 0.8668
vn -0.9782 -0.2051 0.0315
vn -0.9670 -0.2079 0.1475
vn -0.9882 -0.1395 -0.0628
vn -0.9815 -0.1858 -0.0456
vn -0.9803 -0.1909 -0.0505
vn -0.8558 -0.3562 -0.3751
vn -0.9987 -0.0498 0.0114
vn -0.9871 -0.1594 0.0161
vn -0.1597 -0.0125 -0.9871
vn -0.5527 0.8327 -0.0337
vn 0.0439 -0.4670 -0.8831
vn -0.6244 -0.3686 0.6887
vn -0.0998 -0.3754 0.9215
vn -0.9630 -0.2054 0.1745
vn -0.8936 -0.2897 0.3427
vn -0.9630 -0.2054 0.1744
vn -0.9945 -0.1011 0.0264
vn -0.5198 0.8334 0.1879
vn -0.1679 0.1831 0.9686
vn -0.9842 -0.1341 0.1154
vn -0.8474 -0.2777 0.4525
vn -0.1045 -0.2681 0.9577
vn -0.9623 -0.2064 0.1773
vn -0.8351 -0.3283 0.4415
vn -0.9567 -0.2214 0.1891
vn -0.9567 -0.2214 0.1890
vn -0.9870 -0.1602 0.0156
vn -0.9623 -0.2064 0.1772
vn -0.9980 -0.0623 0.0141
vn -0.5884 0.8085 -0.0126
vn -0.9869 -0.1604 0.0164
vn -0.9870 -0.1596 0.0164
vn -0.9989 -0.0443 0.0115
vn -0.6067 0.7944 -0.0283
vn -0.1859 -0.8785 0.4400
vn -0.8325 -0.5218 0.1862
vn -0.9869 -0.1602 0.0164
vn -0.9912 -0.1181 -0.0589
vn -0.9448 -0.1556 0.2883
vn -0.9461 -0.1489 0.2875
vn -0.9560 -0.1431 -0.2561
vn -0.9688 -0.1516 -0.1963
vn -0.9870 -0.1601 0.0164
vn -0.9922 -0.1048 0.0669
vn -0.6463 0.4596 0.6092
vn -0.7002 0.2828 -0.6555
vn -0.6212 -0.0775 -0.7798
vn -0.5697 -0.0705 -0.8188
vn -0.3708 -0.0676 0.9262
vn -0.3859 -0.0654 0.9202
vn -0.8697 -0.4887 0.0686
vn -0.3886 -0.9143 0.1144
vn -0.9727 -0.2259 0.0524
vn -0.9361 -0.3054 0.1745
vn -0.9767 -0.1821 -0.1133
vn -0.6595 -0.4018 -0.6353
vn -0.4818 -0.5660 0.6690
vn -0.0524 0.6530 0.7556
vn -0.0179 -0.9755 -0.2192
vn -0.3736 -0.5939 0.7125
vn -0.1117 -0.8155 0.5679
vn -0.2386 -0.6789 0.6944
vn -0.1956 -0.7595 0.6203
vn -0.0771 -0.9486 -0.3070
vn -0.5311 -0.7993 -0.2812
vn -0.3606 -0.6536 0.6654
vn -0.4089 -0.5620 0.7190
vn -0.8840 -0.4406 -0.1562
vn -0.4663 -0.4591 0.7562
vn -0.9921 -0.1060 0.0675
vn -0.1529 -0.4749 0.8667
vn -0.1529 -0.4416 0.8841
vn -0.3870 -0.4809 0.7868
vn -0.1214 0.6593 0.7420
vn -0.2375 -0.4391 0.8665
vn -0.3711 0.6620 0.6512
vn -0.0081 -0.9662 -0.2578
vn -0.9916 -0.0825 0.0992
vn -0.4284 -0.4493 0.7840
vn -0.3333 -0.4531 0.8268
vn -0.8706 0.3152 0.3777
vn -0.2711 -0.4699 0.8401
vn -0.3981 -0.4561 0.7959
vn -0.3607 -0.4651 0.8085
vn -0.7462 0.2467 0.6184
vn 0.5380 -0.2891 0.7918
vn 0.3605 -0.6399 0.6787
vn -0.6198 0.5328 0.5761
vn -0.0005 -0.6052 0.7961
vn -0.0002 -0.1759 0.9844
vn -0.2945 -0.7116 0.6379
vn -0.0558 -0.2003 0.9781
vn -0.3586 -0.6392 0.6803
vn 0.2956 -0.7130 0.6358
vn -0.0001 -0.1759 0.9844
vn 0.0561 -0.2007 0.9780
vn -0.3073 0.0310 0.9511
vn -0.5107 -0.2009 0.8360
vn 0.1597 -0.0854 0.9835
vn -0.5379 -0.2895 0.7917
vn 0.0001 0.4328 0.9015
vn 0.3409 0.2957 0.8924
vn -0.3409 0.2957 0.8924
vn -0.0000 0.4328 0.9015
vn 0.4672 -0.0000 0.8842
vn 0.0618 0.0849 -0.9945
vn 0.1255 0.0711 -0.9896
vn 0.1320 0.0647 -0.9891
vn 0.0626 0.0920 -0.9938
vn -0.0000 0.0935 -0.9956
vn -0.0000 0.0891 -0.9960
vn 0.1496 0.0591 -0.9870
vn 0.1684 0.0376 -0.9850
vn -0.0721 0.0350 -0.9968
vn 0.1095 -0.0102 -0.9939
vn 0.0430 -0.7475 0.6629
vn 0.0690 -0.3405 0.9377
vn -0.0000 -0.3384 0.9410
vn -0.0000 -0.7468 0.6651
vn 0.0685 -0.2084 0.9756
vn -0.0000 -0.2093 0.9779
vn 0.0698 -0.1145 0.9910
vn 0.0398 0.1823 0.9824
vn -0.0000 0.1673 0.9859
vn -0.0000 -0.1181 0.9930
vn -0.0000 -0.9416 0.3367
vn 0.0181 -0.9422 0.3347
vn 0.7934 0.5974 -0.1172
vn 0.7848 0.6116 -0.1000
vn 0.9808 0.1833 -0.0669
vn 0.9854 0.1479 -0.0844
vn -0.0069 0.8237 -0.5671
vn -0.6279 0.5570 -0.5437
vn -0.5282 0.7696 -0.3589
vn 0.0766 0.9442 -0.3205
vn 0.1391 0.9679 -0.2092
vn -0.4242 0.8734 -0.2394
vn -0.3013 0.9358 -0.1829
vn 0.1912 0.9675 -0.1653
vn 0.0504 -0.3544 0.9337
vn 0.0510 -0.2228 0.9735
vn 0.0474 -0.7263 0.6857
vn 0.0351 -0.9314 0.3623
vn 0.9333 -0.1023 -0.3444
vn 0.9315 0.0629 -0.3583
vn 0.9238 -0.3414 0.1737
vn 0.9272 -0.3287 0.1796
vn 0.9242 -0.3632 0.1182
vn 0.9277 0.2228 -0.2994
vn 0.2519 -0.5604 0.7889
vn 0.2325 -0.3467 0.9087
vn 0.2447 -0.7592 0.6032
vn 0.2392 -0.9701 0.0405
vn 0.2391 -0.9129 0.3309
vn 0.9187 -0.3907 0.0577
vn 0.9146 -0.4039 -0.0212
vn 0.2102 -0.7838 -0.5843
vn 0.2360 -0.9372 -0.2568
vn 0.9119 -0.3988 -0.0966
vn 0.8985 -0.4003 -0.1800
vn 0.9418 0.2285 0.2467
vn 0.9277 0.0820 0.3641
vn 0.8536 -0.4099 -0.3215
vn 0.8308 -0.3705 -0.4152
vn 0.9442 -0.1147 0.3087
vn 0.9278 0.3673 -0.0652
vn 0.9406 0.3310 0.0756
vn 0.9237 0.3326 -0.1904
vn 0.1731 -0.5548 -0.8138
vn 0.1620 -0.2881 -0.9438
vn 0.9934 0.1119 0.0256
vn 0.9945 0.0959 -0.0413
vn 0.9847 0.1744 0.0059
vn 0.9766 0.2120 0.0352
vn 0.4418 -0.8812 -0.1682
vn 0.8780 -0.4395 -0.1896
vn 0.8231 -0.4050 0.3981
vn 0.4092 -0.8432 0.3487
vn 0.9450 0.1966 -0.2613
vn 0.9568 0.2719 -0.1032
vn 0.9037 -0.4107 0.1214
vn 0.8973 -0.4015 0.1835
vn 0.9102 -0.4120 0.0419
vn 0.9562 0.2913 0.0289
vn 0.9517 0.2577 0.1670
vn 0.9104 -0.4127 -0.0270
vn 0.0881 -0.3143 -0.9452
vn 0.1914 -0.1651 -0.9675
vn 0.1860 -0.2135 -0.9591
vn 0.9115 -0.3582 -0.2019
vn 0.2423 -0.9697 0.0300
vn 0.2407 -0.9229 0.3006
vn 0.2327 -0.7902 0.5669
vn 0.9084 -0.4127 -0.0673
vn 0.2289 -0.7874 -0.5723
vn 0.2354 -0.9357 -0.2628
vn 0.9283 -0.0750 -0.3641
vn 0.9258 0.0798 -0.3695
vn 0.8877 -0.3822 0.2567
vn 0.8833 -0.3456 0.3169
vn 0.2258 -0.5943 0.7719
vn 0.2066 -0.3480 0.9144
vn 0.2035 -0.3417 0.9175
vn 0.8139 -0.3820 0.4377
vn 0.2028 -0.2958 -0.9335
vn 0.6375 -0.3424 -0.6902
vn 0.2721 -0.9620 0.0243
vn 0.2781 -0.9605 0.0008
vn 0.8118 -0.5840 0.0013
vn 0.8032 -0.5954 0.0157
vn 0.2749 -0.8105 0.5172
vn 0.7145 -0.6010 0.3582
vn 0.1231 -0.9339 0.3357
vn -0.0111 -0.9473 -0.3203
vn 0.0897 -0.9523 -0.2916
vn 0.1232 -0.9339 0.3357
vn -0.0100 -0.9391 -0.3436
vn -0.0000 -0.9424 -0.3346
vn -0.0000 -0.3157 -0.9489
vn -0.0274 -0.3157 -0.9485
vn -0.0661 -0.3270 -0.9427
vn -0.0349 -0.3378 -0.9406
vn -0.0348 -0.3378 -0.9406
vn 0.9967 0.0258 -0.0766
vn 0.9735 -0.0516 -0.2228
vn 0.9852 -0.0059 -0.1711
vn 0.9936 -0.1126 0.0059
vn 0.9953 -0.0966 0.0047
vn 0.9832 0.1483 -0.1069
vn 0.9828 0.1769 -0.0538
vn 0.8024 0.5806 -0.1382
vn 0.9871 0.1217 -0.1042
vn 0.2135 0.9675 -0.1353
vn 0.8305 0.5234 -0.1904
vn 0.8219 0.5050 -0.2634
vn 0.8005 0.4637 -0.3797
vn 0.9982 -0.0606 0.0036
vn 0.9964 -0.0448 0.0717
vn 0.9933 -0.0950 0.0660
vn 0.9995 0.0168 0.0259
vn 0.9954 -0.0958 -0.0035
vn 0.9933 -0.1154 -0.0019
vn 0.9989 -0.0474 -0.0062
vn 0.0124 -0.4416 0.8971
vn 0.1345 -0.1028 0.9856
vn 0.3707 -0.5763 0.7284
vn -0.3143 -0.0013 -0.9493
vn -0.7958 -0.1352 -0.5902
vn -0.5868 -0.4491 -0.6737
vn -0.1859 -0.1028 -0.9772
vn -0.0318 -0.1789 -0.9834
vn -0.0626 -0.6879 -0.7231
vn 0.2039 -0.9756 -0.0820
vn 0.0655 -0.9860 -0.1534
vn 0.3876 -0.5447 -0.7437
vn 0.8077 -0.4965 -0.3181
vn 0.0355 -0.4644 -0.8849
vn -0.0027 -0.9718 -0.2357
vn 0.0248 -0.9513 -0.3073
vn -0.0000 -0.9533 -0.3019
vn -0.0000 -0.4561 -0.8899
vn 0.0692 -0.4585 -0.8860
vn -0.0028 -0.9718 -0.2357
vn 0.0410 -0.9570 -0.2873
vn 0.1146 -0.4774 -0.8712
vn -0.0000 -0.0823 -0.9966
vn 0.4575 -0.1840 -0.8700
vn 0.4576 -0.1834 -0.8701
vn -0.0030 -0.0722 -0.9974
vn 0.9066 -0.2235 -0.3580
vn 0.9173 -0.2066 -0.3405
vn 0.0406 -0.1538 -0.9873
vn 0.4619 -0.2362 -0.8549
vn 0.8988 -0.2552 -0.3564
vn 0.5149 -0.2931 -0.8056
vn 0.1322 -0.1078 -0.9853
vn 0.9842 0.0851 -0.1555
vn 0.9951 -0.0170 -0.0979
vn 0.9883 0.1521 0.0147
vn 0.8870 -0.3683 0.2785
vn 0.9409 -0.2132 -0.2632
vn 0.2593 -0.3747 0.8901
vn 0.4208 -0.7039 0.5722
vn 0.8828 -0.4547 0.1185
vn 0.9437 -0.2479 -0.2191
vn 0.8357 -0.5172 -0.1847
vn 0.8945 -0.4129 -0.1716
vn 0.4550 -0.8892 -0.0468
vn 0.2782 -0.9581 -0.0689
vn 0.9322 -0.1401 -0.3339
vn 0.9726 -0.1533 -0.1748
vn 0.9826 -0.1140 -0.1467
vn 0.9489 -0.0592 -0.3100
vn 0.9466 -0.2500 -0.2038
vn 0.9666 -0.1823 -0.1802
vn 0.9549 -0.2151 -0.2049
vn 0.9923 -0.0422 -0.1160
vn 0.9569 0.0657 -0.2827
vn 0.9520 -0.2063 -0.2263
vn 0.9580 -0.2097 -0.1956
vn 0.9477 -0.2483 -0.2008
vn -0.0000 0.0212 -0.9998
vn 0.0705 0.0194 -0.9973
vn 0.0757 -0.0857 -0.9934
vn -0.0000 -0.0812 -0.9967
vn 0.1064 -0.0215 -0.9941
vn -0.0031 -0.0722 -0.9974
vn 0.1052 0.9873 0.1192
vn 0.0701 0.9825 0.1728
vn 0.7432 0.6478 0.1672
vn 0.6929 0.7109 0.1206
vn 0.6991 0.7093 0.0901
vn 0.1506 0.9851 0.0832
vn 0.7218 0.6898 0.0563
vn 0.1965 0.9793 0.0485
vn 0.0547 -0.9501 -0.3070
vn 0.1581 -0.4443 -0.8818
vn -0.0000 0.0401 -0.9992
vn 0.0709 0.0393 -0.9967
vn 0.1616 0.0186 -0.9867
vn 0.1662 0.0047 -0.9861
vn 0.1745 -0.0941 -0.9801
vn -0.3422 0.8863 0.3120
vn 0.0116 0.9399 0.3412
vn 0.0368 0.9751 0.2188
vn 0.0428 -0.0666 0.9969
vn 0.1271 -0.2138 0.9686
vn 0.1306 -0.0731 0.9887
vn 0.0359 0.0210 0.9991
vn 0.3999 0.8613 0.3134
vn 0.7780 0.5981 0.1920
vn 0.7147 0.6077 0.3463
vn 0.9825 0.1537 0.1055
vn 0.9780 0.1973 0.0677
vn 0.9909 0.0914 0.0983
vn 0.9822 0.0872 0.1664
vn -0.1514 0.1531 0.9766
vn -0.0670 0.1134 0.9913
vn 0.0019 0.0740 0.9973
vn -0.0480 0.0079 0.9988
vn 0.1144 0.0952 0.9889
vn 0.1059 -0.0957 0.9898
vn 0.1571 -0.0344 0.9870
vn 0.0783 -0.0862 0.9932
vn 0.0937 -0.0939 0.9912
vn 0.8989 -0.3715 -0.2323
vn 0.1879 -0.4125 -0.8914
vn 0.2086 -0.5758 -0.7905
vn 0.9031 -0.4014 -0.1522
vn 0.9379 0.1475 0.3140
vn 0.9835 0.0407 0.1764
vn 0.9228 -0.0079 0.3852
vn 0.9984 -0.0556 0.0042
vn 0.9952 -0.0978 0.0072
vn 0.9933 -0.1152 0.0068
vn -0.7311 -0.1810 -0.6578
vn -0.0462 -0.7495 -0.6604
vn -0.5678 -0.4749 -0.6723
vn -0.0625 -0.6879 -0.7231
vn 0.6712 -0.5354 -0.5127
vn 0.9414 -0.2062 -0.2669
vn 0.9220 -0.1962 -0.3339
vn 0.9858 -0.0887 -0.1424
vn 0.9901 -0.0741 -0.1191
vn 0.9766 -0.1499 -0.1541
vn 0.5627 -0.4864 -0.6685
vn -0.0461 -0.7495 -0.6604
vn 0.7272 -0.2065 -0.6546
vn 0.0965 0.1887 -0.9773
vn 0.1595 0.8503 -0.5016
vn 0.2232 0.7687 -0.5995
vn 0.2397 0.2468 -0.9390
vn 0.1147 0.9437 -0.3102
vn 0.1629 0.9155 -0.3679
vn -0.0000 0.9489 -0.3157
vn -0.0000 0.8617 -0.5075
vn 0.0560 0.0575 -0.9968
vn -0.0000 0.2082 -0.9781
vn -0.0000 0.0228 -0.9997
vn -0.0000 0.9872 0.1592
vn -0.0000 0.9750 0.2221
vn 0.0745 0.9710 0.2272
vn 0.0736 0.9845 0.1593
vn -0.0000 0.9404 0.3401
vn 0.0821 0.9342 0.3471
vn 0.1088 0.7514 0.6509
vn -0.0000 0.7621 0.6475
vn -0.0000 0.5253 0.8509
vn -0.0000 0.2448 0.9696
vn 0.1128 0.2510 0.9614
vn 0.1171 0.5191 0.8467
vn -0.0000 -0.1088 0.9941
vn -0.0000 -0.1001 0.9950
vn 0.0635 0.0355 0.9974
vn 0.1148 -0.0168 0.9932
vn 0.0815 -0.0295 0.9962
vn -0.0000 0.1230 0.9924
vn -0.0000 -0.0120 0.9999
vn 0.3615 0.7185 0.5943
vn 0.6307 0.4994 0.5940
vn -0.0053 0.8150 0.5795
vn -0.3579 0.7423 0.5665
vn -0.6745 0.6432 0.3626
vn -0.8356 0.4177 0.3569
vn -0.8526 0.0251 0.5219
vn -0.7255 -0.0294 0.6876
vn 0.5096 -0.1996 0.8369
vn -0.5799 -0.2421 0.7779
vn -0.3723 -0.3631 0.8542
vn 0.2535 0.0685 0.9649
vn 0.3079 0.0310 0.9509
vn 0.6273 -0.2607 0.7338
vn 0.7577 -0.0417 0.6512
vn 0.7616 0.2266 0.6072
vn -0.0030 -0.0385 0.9993
vn -0.3506 -0.3028 0.8862
vn -0.1848 -0.3903 0.9020
vn 0.0123 -0.4416 0.8971
vn -0.7141 -0.0722 0.6963
vn 0.9332 -0.2351 0.2719
vn 0.9517 -0.0102 0.3069
vn 0.5409 -0.1216 0.8323
vn 0.7982 -0.1754 0.5764
vn 0.5953 -0.4873 0.6388
vn 0.9804 0.0243 0.1955
vn 0.9108 0.3288 0.2495
vn 0.4151 -0.3878 0.8230
vn -0.1591 -0.0855 0.9836
vn -0.2605 -0.2921 0.9202
vn 0.0615 0.0399 0.9973
vn -0.4672 -0.0000 0.8842
vn -0.3409 -0.2957 0.8924
vn -0.1673 -0.4042 0.8992
vn 0.2606 -0.2923 0.9201
vn -0.2526 0.0671 0.9652
vn 0.0001 -0.4328 0.9015
vn -0.0000 -0.4240 0.9057
vn 0.3409 -0.2957 0.8924
vn 0.1881 -0.4219 0.8869
vn -0.0599 0.0380 0.9975
vn -0.0001 -0.4240 0.9057
vn -0.0001 -0.4328 0.9015
vn 0.0049 -0.4163 0.9092
vn 0.0005 0.0531 0.9986
vn 0.1559 0.9488 -0.2748
vn 0.1912 0.9455 -0.2637
vn 0.1783 0.9183 -0.3534
vn 0.1487 0.9190 -0.3653
vn 0.0103 0.9468 -0.3217
vn 0.0610 0.9699 -0.2357
vn 0.1593 0.9626 -0.2192
vn 0.1905 0.9573 -0.2176
vn 0.0676 0.9770 -0.2020
vn 0.0729 0.9656 -0.2496
vn 0.0692 0.9726 -0.2218
vn -0.2236 0.9628 -0.1518
vn -0.2068 0.9587 -0.1955
vn -0.2058 0.9684 -0.1408
vn -0.2884 0.9206 -0.2632
vn -0.0000 0.9754 -0.2206
vn -0.0000 0.9749 -0.2225
vn 0.2533 0.9606 -0.1146
vn -0.1166 0.9872 -0.1091
vn -0.1319 0.9900 0.0500
vn -0.0249 0.9993 0.0276
vn 0.1432 0.9851 0.0952
vn 0.0624 0.9895 0.1303
vn 0.0068 1.0000 0.0017
vn 0.1900 0.9791 0.0725
vn 0.0799 0.9886 0.1275
vn 0.1338 0.9781 0.1598
vn 0.1415 0.9824 0.1218
vn -0.0000 0.9913 0.1315
vn 0.1561 0.9818 0.1082
vn 0.0896 0.9888 0.1190
vn -0.0000 0.9920 0.1262
vn -0.5293 0.7614 0.3744
vn -0.3953 0.8815 0.2582
vn -0.2209 0.9718 0.0829
vn -0.0233 0.9834 0.1802
vn 0.1354 0.9641 0.2285
vn 0.1790 0.9212 0.3455
vn -0.3389 0.9159 0.2153
vn 0.1495 0.9252 0.3488
vn -0.3175 0.3599 0.8773
vn -0.3004 0.9449 0.1302
vn 0.1865 0.2505 0.9500
vn 0.1868 0.5077 0.8410
vn 0.1835 0.7408 0.6462
vn -0.2728 0.8273 0.4911
vn -0.2723 0.6256 0.7311
vn 0.2383 0.7385 0.6308
vn 0.2418 0.5250 0.8160
vn 0.1163 -0.7377 0.6651
vn 0.1137 -0.3472 0.9309
vn 0.3337 -0.7022 0.6289
vn 0.1164 -0.7376 0.6651
vn 0.1137 -0.3471 0.9309
vn 0.3791 -0.3228 0.8672
vn 0.4349 -0.2116 0.8752
vn 0.7431 -0.3792 0.5513
vn 0.8193 -0.2264 0.5268
vn 0.8996 -0.2458 0.3609
vn 0.9372 -0.1265 0.3251
vn 0.9658 -0.0887 0.2438
vn 0.9282 0.0020 0.3720
vn 0.9243 -0.0628 0.3764
vn 0.9004 -0.1084 0.4214
vn 0.1168 0.0975 -0.9884
vn 0.1638 0.8020 -0.5744
vn 0.1453 0.7907 -0.5948
vn 0.1172 0.2273 -0.9668
vn 0.1165 0.1274 -0.9850
vn 0.1291 0.0838 -0.9881
vn 0.1227 0.4243 -0.8972
vn 0.9837 -0.1797 0.0069
vn 0.9822 -0.1878 0.0035
vn 0.9328 -0.2248 -0.2816
vn 0.9785 -0.2044 -0.0291
vn 0.9725 -0.1112 -0.2048
vn 0.9901 -0.1400 0.0073
vn 0.9897 -0.1429 0.0055
vn 0.9890 -0.1476 -0.0019
vn 0.3348 -0.9423 0.0019
vn 0.8418 -0.5398 -0.0039
vn 0.9881 -0.1470 0.0458
vn 0.9640 -0.2579 0.0644
vn 0.8523 -0.5203 -0.0532
vn 0.4666 -0.8772 -0.1134
vn 0.9801 -0.1983 -0.0036
vn 0.9773 -0.2117 -0.0101
vn 0.7536 0.6568 0.0275
vn 0.2113 0.9772 0.0201
vn 0.7841 0.6169 -0.0687
vn 0.9772 0.2057 -0.0517
vn 0.3578 0.9303 -0.0809
vn -0.0793 0.9938 -0.0782
vn 0.9976 0.0676 -0.0112
vn 0.9986 0.0537 -0.0010
vn 0.9962 0.0846 -0.0209
vn 0.9837 0.1763 -0.0347
vn 0.9078 0.4191 -0.0151
vn 0.9050 0.4245 -0.0272
vn -0.1138 0.9924 -0.0477
vn -0.1288 0.9911 -0.0322
vn 0.3396 0.9401 -0.0296
vn 0.3528 0.9344 -0.0491
vn -0.1018 0.9944 -0.0285
vn 0.3322 0.9431 -0.0131
vn 0.2369 0.9715 0.0005
vn 0.9953 0.0964 -0.0061
vn 0.9984 0.0557 0.0023
vn 0.3767 0.9241 -0.0645
vn -0.0951 0.9939 -0.0557
vn 0.4100 0.9097 -0.0654
vn -0.0957 0.9936 -0.0594
vn 0.7869 0.6145 -0.0560
vn 0.7179 0.6941 -0.0539
vn 0.7355 0.6763 -0.0391
vn 0.7883 0.6152 0.0081
vn 0.7069 0.7073 -0.0088
vn 0.9124 0.4093 -0.0052
vn 0.7356 0.6771 -0.0219
vn 0.9052 0.4233 -0.0377
vn 0.7462 0.2467 0.6184
vn 0.6198 0.5328 0.5761
vn -0.3605 -0.6399 0.6787
vn -0.5380 -0.2891 0.7918
vn 0.0005 -0.6052 0.7961
vn 0.2945 -0.7116 0.6379
vn 0.0002 -0.1759 0.9844
vn 0.3586 -0.6392 0.6803
vn 0.0558 -0.2003 0.9781
vn -0.2956 -0.7130 0.6358
vn -0.0561 -0.2007 0.9780
vn 0.3073 0.0310 0.9511
vn -0.1597 -0.0855 0.9835
vn 0.5107 -0.2009 0.8360
vn 0.5379 -0.2895 0.7917
vn -0.0001 0.4328 0.9015
vn -0.0618 0.0849 -0.9945
vn -0.0626 0.0920 -0.9938
vn -0.1320 0.0647 -0.9891
vn -0.1255 0.0711 -0.9896
vn -0.1684 0.0376 -0.9850
vn -0.1496 0.0591 -0.9870
vn -0.1095 -0.0102 -0.9939
vn 0.0721 0.0350 -0.9968
vn -0.0430 -0.7475 0.6629
vn -0.0690 -0.3405 0.9377
vn -0.0685 -0.2084 0.9756
vn -0.0698 -0.1145 0.9910
vn -0.0398 0.1823 0.9824
vn -0.0181 -0.9422 0.3347
vn -0.7934 0.5974 -0.1172
vn -0.9854 0.1479 -0.0844
vn -0.9808 0.1833 -0.0669
vn -0.7848 0.6116 -0.1000
vn 0.0069 0.8237 -0.5670
vn -0.0766 0.9442 -0.3205
vn 0.5282 0.7696 -0.3589
vn 0.6279 0.5570 -0.5437
vn -0.1392 0.9679 -0.2092
vn -0.1912 0.9675 -0.1653
vn 0.3013 0.9358 -0.1829
vn 0.4242 0.8734 -0.2394
vn -0.0510 -0.2228 0.9735
vn -0.0504 -0.3544 0.9337
vn -0.0474 -0.7263 0.6857
vn -0.0351 -0.9314 0.3623
vn -0.9332 -0.1023 -0.3444
vn -0.9272 -0.3287 0.1796
vn -0.9237 -0.3414 0.1737
vn -0.9315 0.0629 -0.3583
vn -0.9242 -0.3632 0.1182
vn -0.9278 0.2228 -0.2994
vn -0.2325 -0.3467 0.9087
vn -0.2519 -0.5604 0.7889
vn -0.2447 -0.7592 0.6032
vn -0.2392 -0.9701 0.0405
vn -0.9146 -0.4039 -0.0212
vn -0.9187 -0.3907 0.0577
vn -0.2391 -0.9129 0.3309
vn -0.2102 -0.7838 -0.5843
vn -0.8985 -0.4003 -0.1800
vn -0.9119 -0.3988 -0.0966
vn -0.2360 -0.9372 -0.2568
vn -0.9418 0.2285 0.2467
vn -0.8536 -0.4099 -0.3215
vn -0.9277 0.0820 0.3641
vn -0.8308 -0.3705 -0.4152
vn -0.9442 -0.1147 0.3087
vn -0.9278 0.3673 -0.0652
vn -0.9406 0.3310 0.0756
vn -0.9237 0.3326 -0.1904
vn -0.1731 -0.5548 -0.8138
vn -0.1620 -0.2882 -0.9438
vn -0.9934 0.1119 0.0256
vn -0.9766 0.2120 0.0352
vn -0.9847 0.1744 0.0059
vn -0.9945 0.0959 -0.0413
vn -0.4418 -0.8812 -0.1682
vn -0.4092 -0.8432 0.3487
vn -0.8231 -0.4050 0.3981
vn -0.8780 -0.4395 -0.1896
vn -0.9450 0.1967 -0.2613
vn -0.8973 -0.4015 0.1834
vn -0.9037 -0.4107 0.1214
vn -0.9568 0.2719 -0.1032
vn -0.9102 -0.4120 0.0419
vn -0.9562 0.2913 0.0289
vn -0.9104 -0.4128 -0.0270
vn -0.9517 0.2577 0.1670
vn -0.0881 -0.3143 -0.9452
vn -0.1914 -0.1651 -0.9675
vn -0.9115 -0.3582 -0.2019
vn -0.1860 -0.2135 -0.9591
vn -0.2423 -0.9697 0.0300
vn -0.2407 -0.9229 0.3006
vn -0.2327 -0.7902 0.5669
vn -0.9084 -0.4127 -0.0673
vn -0.2354 -0.9357 -0.2628
vn -0.2289 -0.7874 -0.5723
vn -0.9283 -0.0750 -0.3641
vn -0.8833 -0.3455 0.3169
vn -0.8877 -0.3822 0.2567
vn -0.9258 0.0798 -0.3695
vn -0.2258 -0.5943 0.7719
vn -0.2066 -0.3480 0.9144
vn -0.8139 -0.3821 0.4377
vn -0.2035 -0.3417 0.9175
vn -0.2028 -0.2958 -0.9335
vn -0.6375 -0.3424 -0.6902
vn -0.2721 -0.9620 0.0243
vn -0.8032 -0.5954 0.0157
vn -0.8118 -0.5840 0.0013
vn -0.2781 -0.9605 0.0008
vn -0.2749 -0.8105 0.5172
vn -0.7145 -0.6011 0.3582
vn -0.1231 -0.9339 0.3357
vn -0.0897 -0.9523 -0.2916
vn 0.0111 -0.9473 -0.3203
vn -0.0897 -0.9523 -0.2915
vn -0.1232 -0.9339 0.3357
vn 0.0099 -0.9391 -0.3436
vn 0.0274 -0.3157 -0.9485
vn 0.0661 -0.3270 -0.9427
vn 0.0349 -0.3378 -0.9406
vn 0.0348 -0.3378 -0.9406
vn -0.9967 0.0258 -0.0766
vn -0.9735 -0.0516 -0.2228
vn -0.9852 -0.0059 -0.1711
vn -0.9936 -0.1126 0.0059
vn -0.9953 -0.0966 0.0047
vn -0.9828 0.1769 -0.0538
vn -0.9832 0.1483 -0.1069
vn -0.8024 0.5806 -0.1382
vn -0.9871 0.1217 -0.1042
vn -0.2135 0.9675 -0.1353
vn -0.9982 -0.0606 0.0036
vn -0.9933 -0.0950 0.0660
vn -0.9964 -0.0448 0.0717
vn -0.9995 0.0168 0.0259
vn -0.9933 -0.1154 -0.0019
vn -0.9954 -0.0958 -0.0035
vn -0.9989 -0.0474 -0.0062
vn -0.0124 -0.4416 0.8971
vn -0.3707 -0.5762 0.7284
vn -0.1345 -0.1028 0.9856
vn 0.3143 -0.0013 -0.9493
vn 0.1859 -0.1028 -0.9772
vn 0.5865 -0.4517 -0.6723
vn 0.7974 -0.1358 -0.5880
vn 0.0318 -0.1789 -0.9834
vn 0.0626 -0.6879 -0.7231
vn -0.2039 -0.9756 -0.0820
vn -0.8077 -0.4965 -0.3181
vn -0.3876 -0.5447 -0.7437
vn -0.0655 -0.9860 -0.1534
vn -0.0355 -0.4644 -0.8849
vn 0.0027 -0.9718 -0.2357
vn -0.0248 -0.9513 -0.3073
vn -0.0692 -0.4585 -0.8860
vn 0.0028 -0.9718 -0.2357
vn -0.0354 -0.4644 -0.8849
vn -0.1146 -0.4774 -0.8712
vn -0.0410 -0.9570 -0.2873
vn 0.0030 -0.0722 -0.9974
vn -0.4576 -0.1834 -0.8701
vn -0.4575 -0.1840 -0.8700
vn -0.9066 -0.2235 -0.3580
vn -0.9173 -0.2066 -0.3405
vn -0.0406 -0.1538 -0.9873
vn -0.4619 -0.2362 -0.8549
vn -0.8988 -0.2552 -0.3564
vn 0.0317 -0.1789 -0.9834
vn -0.5149 -0.2931 -0.8056
vn -0.1322 -0.1078 -0.9853
vn -0.9842 0.0851 -0.1555
vn -0.9951 -0.0170 -0.0979
vn -0.9883 0.1519 0.0157
vn -0.8870 -0.3683 0.2785
vn -0.9409 -0.2132 -0.2632
vn -0.2593 -0.3747 0.8901
vn -0.8828 -0.4547 0.1185
vn -0.4208 -0.7039 0.5722
vn -0.9437 -0.2479 -0.2191
vn -0.8357 -0.5172 -0.1847
vn -0.2782 -0.9581 -0.0689
vn -0.4550 -0.8892 -0.0468
vn -0.8945 -0.4129 -0.1716
vn -0.9322 -0.1401 -0.3339
vn -0.9489 -0.0592 -0.3100
vn -0.9826 -0.1140 -0.1467
vn -0.9726 -0.1533 -0.1748
vn -0.9466 -0.2500 -0.2038
vn -0.9549 -0.2151 -0.2049
vn -0.9666 -0.1823 -0.1802
vn -0.9569 0.0657 -0.2827
vn -0.9923 -0.0422 -0.1160
vn -0.9520 -0.2063 -0.2263
vn -0.9580 -0.2097 -0.1956
vn -0.9477 -0.2483 -0.2008
vn -0.0757 -0.0857 -0.9934
vn -0.0705 0.0194 -0.9973
vn -0.1064 -0.0215 -0.9941
vn 0.0031 -0.0722 -0.9974
vn -0.1052 0.9873 0.1192
vn -0.6929 0.7109 0.1206
vn -0.7432 0.6478 0.1672
vn -0.0701 0.9825 0.1728
vn -0.1506 0.9851 0.0832
vn -0.6991 0.7093 0.0901
vn -0.7218 0.6898 0.0563
vn -0.1965 0.9793 0.0485
vn -0.0547 -0.9501 -0.3070
vn -0.1581 -0.4443 -0.8818
vn -0.0709 0.0393 -0.9967
vn -0.1662 0.0047 -0.9861
vn -0.1616 0.0186 -0.9867
vn -0.1745 -0.0941 -0.9801
vn 0.3422 0.8863 0.3120
vn -0.0367 0.9751 0.2187
vn -0.0116 0.9399 0.3412
vn -0.0428 -0.0666 0.9969
vn -0.1306 -0.0731 0.9887
vn -0.1271 -0.2138 0.9686
vn -0.0359 0.0210 0.9991
vn -0.3999 0.8613 0.3134
vn -0.7780 0.5981 0.1920
vn -0.7147 0.6077 0.3463
vn -0.9780 0.1973 0.0677
vn -0.9825 0.1537 0.1055
vn -0.9909 0.0914 0.0983
vn -0.9822 0.0872 0.1664
vn 0.1514 0.1531 0.9766
vn -0.0019 0.0740 0.9973
vn 0.0670 0.1134 0.9913
vn 0.0480 0.0079 0.9988
vn -0.1144 0.0952 0.9889
vn -0.1060 -0.0957 0.9897
vn -0.1571 -0.0344 0.9870
vn -0.0782 -0.0862 0.9932
vn -0.0937 -0.0939 0.9912
vn -0.8989 -0.3715 -0.2323
vn -0.9031 -0.4014 -0.1522
vn -0.2086 -0.5758 -0.7905
vn -0.1879 -0.4125 -0.8914
vn -0.9379 0.1475 0.3140
vn -0.9835 0.0407 0.1764
vn -0.9228 -0.0079 0.3852
vn -0.9984 -0.0556 0.0042
vn -0.9952 -0.0978 0.0072
vn -0.9933 -0.1152 0.0068
vn 0.7351 -0.1805 -0.6535
vn 0.5636 -0.4772 -0.6742
vn 0.0462 -0.7488 -0.6612
vn -0.6712 -0.5354 -0.5127
vn 0.0625 -0.6879 -0.7231
vn -0.9414 -0.2062 -0.2669
vn -0.9858 -0.0887 -0.1424
vn -0.9218 -0.1984 -0.3330
vn -0.9766 -0.1499 -0.1541
vn -0.9901 -0.0740 -0.1191
vn -0.9919 -0.0146 -0.1262
vn -0.5627 -0.4864 -0.6685
vn -0.7252 -0.2100 -0.6557
vn 0.0461 -0.7488 -0.6612
vn -0.9876 -0.0071 -0.1569
vn -0.0965 0.1887 -0.9773
vn -0.2397 0.2468 -0.9389
vn -0.2232 0.7687 -0.5995
vn -0.1595 0.8503 -0.5016
vn -0.1629 0.9155 -0.3679
vn -0.1147 0.9437 -0.3102
vn 0.5816 0.5282 -0.6186
vn 0.6766 0.1985 -0.7091
vn 0.2884 0.9206 -0.2632
vn 0.4142 0.8152 -0.4049
vn -0.0560 0.0575 -0.9968
vn -0.0736 0.9845 0.1593
vn -0.0745 0.9710 0.2272
vn -0.0822 0.9342 0.3471
vn -0.1088 0.7514 0.6509
vn -0.1171 0.5191 0.8467
vn -0.1128 0.2510 0.9614
vn -0.0635 0.0355 0.9974
vn -0.0815 -0.0295 0.9962
vn -0.1148 -0.0168 0.9932
vn -0.3615 0.7185 0.5943
vn -0.6307 0.4994 0.5940
vn 0.0053 0.8150 0.5795
vn 0.3579 0.7422 0.5665
vn 0.6745 0.6432 0.3626
vn 0.8356 0.4177 0.3569
vn 0.7255 -0.0294 0.6875
vn 0.8526 0.0251 0.5219
vn -0.5096 -0.1996 0.8369
vn 0.5799 -0.2421 0.7779
vn -0.3079 0.0311 0.9509
vn -0.2535 0.0685 0.9649
vn 0.3723 -0.3630 0.8542
vn -0.6273 -0.2607 0.7338
vn -0.7577 -0.0417 0.6512
vn -0.7616 0.2266 0.6072
vn 0.0030 -0.0385 0.9993
vn 0.3506 -0.3028 0.8862
vn 0.1848 -0.3903 0.9020
vn -0.0123 -0.4416 0.8971
vn 0.7141 -0.0722 0.6963
vn -0.9517 -0.0102 0.3069
vn -0.9332 -0.2351 0.2719
vn -0.7982 -0.1754 0.5764
vn -0.5409 -0.1216 0.8323
vn -0.5953 -0.4873 0.6388
vn -0.9804 0.0243 0.1955
vn -0.9108 0.3288 0.2495
vn -0.4151 -0.3878 0.8230
vn 0.1591 -0.0855 0.9836
vn 0.2605 -0.2921 0.9202
vn -0.0615 0.0399 0.9973
vn 0.1673 -0.4042 0.8992
vn 0.2526 0.0671 0.9652
vn -0.2606 -0.2923 0.9201
vn -0.1881 -0.4219 0.8869
vn 0.0599 0.0380 0.9975
vn 0.0001 -0.4240 0.9057
vn -0.0049 -0.4163 0.9092
vn -0.0005 0.0531 0.9986
vn -0.0000 0.0531 0.9986
vn -0.1559 0.9488 -0.2748
vn -0.1487 0.9190 -0.3653
vn -0.1783 0.9183 -0.3534
vn -0.1912 0.9455 -0.2637
vn -0.0103 0.9468 -0.3217
vn -0.0610 0.9699 -0.2357
vn -0.1593 0.9626 -0.2192
vn -0.1905 0.9573 -0.2176
vn -0.0676 0.9770 -0.2020
vn -0.0729 0.9656 -0.2496
vn -0.0693 0.9726 -0.2218
vn 0.2068 0.9587 -0.1955
vn 0.2236 0.9628 -0.1518
vn 0.2058 0.9684 -0.1408
vn -0.2534 0.9605 -0.1147
vn 0.1166 0.9872 -0.1091
vn 0.1319 0.9900 0.0500
vn -0.0624 0.9895 0.1303
vn -0.1432 0.9851 0.0952
vn 0.0249 0.9993 0.0276
vn -0.1900 0.9791 0.0725
vn -0.0068 1.0000 0.0017
vn -0.0799 0.9886 0.1275
vn -0.1415 0.9824 0.1218
vn -0.1338 0.9781 0.1598
vn -0.1561 0.9818 0.1082
vn -0.0896 0.9888 0.1190
vn 0.5293 0.7614 0.3744
vn 0.3953 0.8815 0.2582
vn 0.2209 0.9718 0.0829
vn 0.0233 0.9834 0.1802
vn -0.1354 0.9641 0.2285
vn 0.3389 0.9159 0.2153
vn -0.1790 0.9212 0.3455
vn -0.1495 0.9252 0.3488
vn 0.3175 0.3599 0.8773
vn 0.3004 0.9449 0.1302
vn -0.1865 0.2505 0.9500
vn -0.1868 0.5077 0.8410
vn -0.1835 0.7408 0.6462
vn 0.2723 0.6256 0.7311
vn 0.2728 0.8273 0.4911
vn -0.2383 0.7385 0.6308
vn -0.2418 0.5250 0.8160
vn -0.1163 -0.7377 0.6651
vn -0.1137 -0.3472 0.9309
vn -0.1164 -0.7376 0.6651
vn -0.3337 -0.7022 0.6289
vn -0.1271 -0.2139 0.9686
vn -0.4349 -0.2116 0.8752
vn -0.3791 -0.3228 0.8672
vn -0.1138 -0.3471 0.9309
vn -0.1138 -0.3472 0.9309
vn -0.7431 -0.3792 0.5513
vn -0.8193 -0.2264 0.5268
vn -0.8996 -0.2458 0.3609
vn -0.9372 -0.1265 0.3251
vn -0.9658 -0.0887 0.2438
vn -0.9282 0.0020 0.3720
vn -0.9243 -0.0628 0.3764
vn -0.9004 -0.1084 0.4214
vn -0.1168 0.0975 -0.9884
vn -0.1453 0.7907 -0.5948
vn -0.1638 0.8020 -0.5744
vn -0.1291 0.0838 -0.9881
vn -0.1165 0.1274 -0.9850
vn -0.1171 0.2273 -0.9668
vn 0.0986 0.0511 -0.9938
vn -0.1227 0.4243 -0.8972
vn -0.9837 -0.1797 0.0069
vn -0.9822 -0.1879 0.0035
vn -0.9328 -0.2248 -0.2816
vn -0.9725 -0.1112 -0.2048
vn -0.9784 -0.2045 -0.0291
vn -0.9901 -0.1400 0.0073
vn -0.9890 -0.1476 -0.0019
vn -0.9897 -0.1429 0.0055
vn -0.8418 -0.5398 -0.0039
vn -0.3348 -0.9423 0.0019
vn -0.9640 -0.2579 0.0644
vn -0.9881 -0.1470 0.0458
vn -0.4666 -0.8772 -0.1134
vn -0.8523 -0.5203 -0.0532
vn -0.9801 -0.1983 -0.0036
vn -0.9773 -0.2117 -0.0101
vn -0.7536 0.6568 0.0275
vn -0.2113 0.9772 0.0201
vn -0.9772 0.2057 -0.0517
vn -0.7841 0.6169 -0.0687
vn -0.3578 0.9303 -0.0809
vn 0.0793 0.9938 -0.0782
vn -0.9976 0.0676 -0.0112
vn -0.9986 0.0537 -0.0010
vn -0.9962 0.0846 -0.0209
vn -0.9837 0.1763 -0.0347
vn -0.9078 0.4191 -0.0151
vn -0.9050 0.4245 -0.0272
vn 0.1138 0.9924 -0.0477
vn -0.3528 0.9344 -0.0491
vn -0.3396 0.9401 -0.0296
vn 0.1288 0.9911 -0.0322
vn -0.3322 0.9431 -0.0131
vn 0.1018 0.9944 -0.0285
vn -0.2369 0.9715 0.0005
vn -0.9953 0.0964 -0.0061
vn -0.9984 0.0557 0.0023
vn -0.3767 0.9241 -0.0645
vn 0.0951 0.9939 -0.0557
vn -0.4100 0.9097 -0.0654
vn 0.0957 0.9936 -0.0594
vn -0.7869 0.6145 -0.0560
vn -0.7179 0.6941 -0.0539
vn -0.7356 0.6763 -0.0392
vn -0.7883 0.6152 0.0081
vn -0.7069 0.7073 -0.0088
vn -0.9124 0.4093 -0.0052
vn -0.7356 0.6771 -0.0219
vn -0.9052 0.4233 -0.0377
vn -0.5766 0.1302 0.8066
vn -0.4188 0.2490 0.8733
vn -0.0000 0.2967 0.9550
vn -0.0000 0.2164 0.9763
vn 0.5766 0.1302 0.8066
vn 0.4188 0.2490 0.8733
vn 0.7467 -0.1956 0.6357
vn 0.7909 -0.1062 0.6027
vn -0.0000 0.9989 0.0470
vn -0.7255 0.6832 0.0828
vn -0.5105 0.5919 0.6237
vn -0.0000 0.6663 0.7457
vn 0.7256 0.6832 0.0828
vn 0.5105 0.5919 0.6237
vn -0.3090 -0.6842 0.6606
vn -0.0000 -0.6900 0.7238
vn 0.3090 -0.6842 0.6606
vn 0.5486 -0.6597 0.5137
vn 0.5695 -0.2575 0.7806
vn 0.9898 -0.0572 0.1303
vn -0.5695 -0.2575 0.7807
vn -0.0000 -0.3352 0.9421
vn 0.9898 -0.0572 0.1304
vn 0.0005 1.0000 -0.0001
vn 0.7311 0.6796 -0.0598
vn -0.4121 0.8759 -0.2511
vn -0.0078 0.8469 -0.5317
vn -0.0076 -0.0000 -1.0000
vn -0.4845 -0.0000 -0.8748
vn 0.9898 -0.0695 0.1243
vn 0.9972 0.0058 -0.0749
vn 0.9942 0.0009 -0.1077
vn 0.9284 -0.0000 -0.3715
vn 0.6506 0.7388 -0.1758
vn 0.9805 -0.0689 0.1843
vn 0.4120 0.8760 -0.2506
vn 0.4842 -0.0000 -0.8750
vn 0.9805 -0.0690 0.1842
vn -0.9972 0.0058 -0.0749
vn -0.9805 -0.0690 0.1842
vn -0.9898 -0.0695 0.1243
vn -0.7909 -0.1062 0.6027
vn -0.7467 -0.1956 0.6357
vn -0.9898 -0.0572 0.1303
vn -0.9942 0.0009 -0.1077
vn -0.5486 -0.6597 0.5137
vn -0.7316 0.6791 -0.0599
vn -0.9805 -0.0691 0.1842
vn -0.6514 0.7384 -0.1744
vn -0.9294 -0.0000 -0.3691
vn -0.2935 -0.2885 -0.9114
vn -0.9189 -0.1826 -0.3496
vn -0.8691 0.2243 -0.4408
vn -0.1651 0.2403 -0.9565
vn -0.9218 0.3217 -0.2166
vn -0.9939 -0.0724 -0.0835
vn 0.9940 -0.0703 -0.0840
vn 0.9189 -0.1820 -0.3500
vn 0.8712 0.2186 -0.4396
vn 0.9244 0.3154 -0.2145
vn 0.9074 0.2998 0.2944
vn 0.1614 0.6547 0.7384
vn 0.1019 0.2732 0.9565
vn 0.8968 0.1238 0.4248
vn -0.9004 0.3083 0.3070
vn -0.8891 0.1269 0.4398
vn -0.1039 0.2734 0.9563
vn -0.1641 0.6555 0.7372
vn -0.9988 -0.0352 -0.0342
vn -0.9166 0.3724 -0.1456
vn -0.2352 0.9465 -0.2210
vn 0.9198 0.3649 -0.1439
vn 0.2355 0.9465 -0.2208
vn 0.9989 -0.0322 -0.0342
vn 0.2753 0.8791 -0.3891
vn -0.2740 0.8795 -0.3891
vn 0.1660 0.2409 -0.9563
vn 0.2929 -0.2883 -0.9116
vn 0.2380 0.7558 -0.6101
vn -0.2355 0.7564 -0.6103
vn 0.2935 -0.2885 -0.9114
vn 0.1651 0.2403 -0.9565
vn 0.8691 0.2243 -0.4408
vn 0.9189 -0.1826 -0.3496
vn 0.9218 0.3217 -0.2166
vn 0.9939 -0.0724 -0.0835
vn -0.9940 -0.0703 -0.0840
vn -0.9244 0.3154 -0.2145
vn -0.8712 0.2186 -0.4396
vn -0.9189 -0.1820 -0.3500
vn -0.9074 0.2998 0.2944
vn -0.8968 0.1238 0.4248
vn -0.1019 0.2732 0.9565
vn -0.1614 0.6547 0.7384
vn 0.9004 0.3083 0.3070
vn 0.1641 0.6555 0.7372
vn 0.1039 0.2734 0.9563
vn 0.8891 0.1269 0.4398
vn 0.9166 0.3724 -0.1456
vn 0.9988 -0.0352 -0.0342
vn 0.2352 0.9465 -0.2210
vn -0.2355 0.9464 -0.2208
vn -0.9198 0.3649 -0.1439
vn -0.9989 -0.0322 -0.0342
vn -0.2753 0.8791 -0.3891
vn 0.2740 0.8795 -0.3891
vn -0.1660 0.2408 -0.9563
vn -0.2929 -0.2883 -0.9116
vn -0.2380 0.7558 -0.6101
vn 0.2355 0.7564 -0.6103
vn 0.1503 -0.6026 -0.7838
vn 0.2786 -0.9264 0.2532
vn 0.5456 -0.8369 0.0439
vn 0.3354 -0.5834 -0.7397
vn -0.2786 -0.9264 0.2532
vn -0.1504 -0.6028 -0.7836
vn -0.3358 -0.5835 -0.7394
vn -0.5460 -0.8366 0.0440
vn -0.0000 -0.9629 0.2700
vn -0.0000 -0.7722 -0.6354
vn -0.3151 0.5701 -0.7587
vn -0.2937 0.8339 -0.4672
vn -0.0000 0.8683 -0.4961
vn -0.0000 0.5385 -0.8426
vn 0.3151 0.5701 -0.7587
vn 0.2937 0.8339 -0.4672
vn 0.9783 -0.0170 -0.2066
vn 0.8017 -0.0464 -0.5959
vn -0.8013 -0.0471 -0.5964
vn -0.9783 -0.0178 -0.2067
vn -0.0655 0.8134 -0.5780
vn -0.0157 0.9897 -0.1421
vn -0.0000 0.9897 -0.1431
vn -0.0000 0.8089 -0.5880
vn -0.0885 0.8392 -0.5366
vn -0.0228 0.9897 -0.1412
vn 0.0363 0.8139 -0.5799
vn -0.0010 0.9893 -0.1456
vn 0.1473 0.8145 -0.5611
vn 0.0277 0.9877 -0.1538
vn 0.1027 0.8283 -0.5507
vn 0.0273 0.9869 -0.1587
vn -0.0010 0.7907 -0.6122
vn 0.0024 0.9894 -0.1453
vn -0.2751 0.8010 -0.5318
vn -0.0511 0.9925 -0.1110
vn -0.7079 0.7035 -0.0630
vn -0.0907 0.9949 0.0431
vn -0.1240 0.9923 -0.0074
vn -0.5813 0.7493 -0.3172
vn -0.6573 0.7365 0.1598
vn -0.1803 0.9338 0.3089
vn -0.6990 -0.7125 -0.0611
vn -0.0913 -0.9949 0.0429
vn -0.1776 -0.9363 0.3030
vn -0.6487 -0.7445 0.1580
vn -0.5735 -0.7574 -0.3121
vn -0.1245 -0.9922 -0.0078
vn -0.0012 -0.7977 -0.6030
vn 0.0024 -0.9893 -0.1459
vn -0.0513 -0.9924 -0.1116
vn -0.2708 -0.8078 -0.5236
vn 0.1009 -0.8343 -0.5420
vn 0.0274 -0.9868 -0.1593
vn -0.0011 -0.7977 -0.6030
vn 0.1450 -0.8207 -0.5526
vn 0.0277 -0.9876 -0.1543
vn 0.0357 -0.8203 -0.5708
vn -0.0010 -0.9893 -0.1460
vn -0.0870 -0.8451 -0.5275
vn -0.0228 -0.9897 -0.1416
vn -0.0645 -0.8197 -0.5691
vn -0.0158 -0.9897 -0.1426
vn -0.0000 -0.9896 -0.1436
vn -0.0000 -0.8153 -0.5791
vn -0.9507 0.0005 0.3101
vn -0.4688 0.0008 0.8833
vn -0.9902 0.0004 -0.1395
vn -0.8481 0.0009 -0.5298
vn 0.0096 0.0009 -1.0000
vn -0.4510 0.0008 -0.8925
vn 0.1859 0.0006 -0.9826
vn 0.2643 0.0003 -0.9645
vn 0.0594 -0.0002 -0.9982
vn -0.1657 -0.0001 -0.9862
vn -0.1094 0.0004 -0.9940
vn -0.0000 0.0004 -1.0000
vn -0.1777 -0.9363 0.3030
vn 0.1094 0.0003 -0.9940
vn 0.0645 -0.8197 -0.5691
vn 0.8497 0.0009 -0.5272
vn 0.9842 0.0003 -0.1768
vn 0.6838 -0.7246 -0.0860
vn 0.5714 -0.7601 -0.3094
vn 0.4496 0.0008 -0.8932
vn 0.2716 -0.8081 -0.5227
vn 0.1657 -0.0001 -0.9862
vn 0.0870 -0.8451 -0.5275
vn -0.0594 0.0001 -0.9982
vn -0.2642 0.0003 -0.9645
vn -0.1450 -0.8207 -0.5527
vn -0.0356 -0.8204 -0.5707
vn 0.9665 0.0005 0.2568
vn 0.6552 -0.7464 0.1170
vn -0.1858 0.0006 -0.9826
vn -0.0061 0.0009 -1.0000
vn 0.0031 -0.7949 -0.6067
vn -0.1010 -0.8343 -0.5420
vn 0.0655 0.8134 -0.5780
vn 0.0158 0.9897 -0.1421
vn 0.0885 0.8392 -0.5366
vn 0.0228 0.9897 -0.1412
vn -0.0363 0.8139 -0.5799
vn 0.0010 0.9893 -0.1456
vn -0.1473 0.8145 -0.5611
vn -0.0277 0.9877 -0.1538
vn -0.1027 0.8283 -0.5507
vn -0.0273 0.9869 -0.1587
vn 0.0030 0.7878 -0.6159
vn -0.0026 0.9893 -0.1456
vn 0.5793 0.7520 -0.3144
vn 0.2759 0.8012 -0.5310
vn 0.0508 0.9925 -0.1114
vn 0.1234 0.9923 -0.0081
vn 0.6929 0.7156 -0.0883
vn 0.0902 0.9951 0.0414
vn 0.6640 0.7384 0.1181
vn 0.1697 0.9425 0.2879
vn 0.4688 0.0008 0.8833
vn 0.1672 -0.9446 0.2823
vn 0.1671 -0.9446 0.2823
vn 0.0908 -0.9950 0.0411
vn 0.1239 -0.9923 -0.0085
vn 0.0511 -0.9924 -0.1120
vn -0.0025 -0.9893 -0.1462
vn -0.0274 -0.9868 -0.1593
vn -0.0277 -0.9876 -0.1543
vn 0.0010 -0.9893 -0.1460
vn 0.0228 -0.9897 -0.1416
vn 0.0158 -0.9897 -0.1426
vn -0.0025 -0.9892 -0.1462
vn 0.3234 -0.6798 -0.6583
vn 0.4352 -0.5829 -0.6861
vn 0.5863 -0.8014 -0.1182
vn 0.4418 -0.8880 -0.1276
vn -0.4595 0.8783 -0.1323
vn -0.2921 0.9484 -0.1231
vn -0.2063 0.7234 -0.6589
vn -0.3491 0.6598 -0.6654
vn 0.1271 0.0682 -0.9895
vn -0.0108 -0.0229 -0.9997
vn -0.2063 0.7234 -0.6588
vn 0.0275 0.7978 -0.6023
vn 0.5469 0.1386 -0.8256
vn -0.0347 0.9994 0.0016
vn 0.8902 -0.2816 -0.3581
vn 0.9332 -0.3594 -0.0060
vn -0.9283 0.3716 0.0113
vn -0.7409 0.1718 -0.6492
vn 0.4049 0.1438 0.9030
vn 0.8530 -0.1725 0.4926
vn 0.8086 -0.1183 0.5764
vn 0.2021 0.1885 0.9611
vn -0.4062 0.4253 0.8088
vn -0.6818 0.3803 0.6249
vn -0.9550 0.2940 -0.0398
vn -0.7989 0.1425 -0.5843
vn 0.0588 -0.1574 -0.9858
vn -0.7409 0.1718 -0.6493
vn -0.1471 -0.1242 -0.9813
vn 0.8070 -0.3630 -0.4657
vn 0.6698 -0.3322 -0.6641
vn 0.9403 -0.3399 0.0178
vn 0.9501 -0.3106 -0.0280
vn 0.4501 -0.8833 0.1313
vn 0.6571 -0.7395 0.1463
vn 0.5833 -0.5483 0.5993
vn 0.4025 -0.6582 0.6362
vn 0.9672 -0.0595 0.2470
vn 0.9610 0.2270 0.1578
vn -0.2826 0.6946 0.6616
vn -0.0938 0.8002 0.5923
vn -0.1986 0.9693 0.1450
vn -0.4553 0.8811 0.1279
vn 0.5583 0.7361 0.3827
vn 0.8721 0.3190 0.3710
vn 0.1239 0.0266 0.9919
vn 0.2765 0.1283 0.9524
vn 0.8542 0.4947 0.1602
vn 0.9165 0.3617 0.1712
vn -0.0000 0.8143 0.5804
vn -0.6233 0.5446 0.5611
vn -0.8388 -0.0000 0.5444
vn -0.6233 -0.5446 0.5611
vn -0.6233 -0.5447 0.5611
vn -0.0000 -0.8143 0.5805
vn 0.6233 0.5446 0.5611
vn 0.6233 -0.5447 0.5611
vn 0.1737 -0.0637 -0.9827
vn 0.1352 -0.1199 -0.9835
vn -0.0000 -0.0000 -1.0000
vn 0.1882 -0.0000 -0.9821
vn 0.6638 0.0280 0.7474
vn 0.6129 -0.2328 0.7551
vn 0.8388 -0.0001 0.5444
vn 0.1737 0.0638 -0.9827
vn 0.6205 0.2249 0.7513
vn 0.4911 -0.0228 0.8708
vn 0.3727 0.2874 0.8823
vn 0.4542 0.4510 0.7683
vn 0.1352 0.1199 -0.9835
vn 0.0738 0.1576 -0.9847
vn 0.2696 0.5716 0.7750
vn 0.1737 0.0637 -0.9827
vn -0.0000 0.1730 -0.9849
vn -0.0331 0.6239 0.7808
vn -0.0737 0.1577 -0.9847
vn -0.2587 0.5715 0.7787
vn 0.0310 0.4403 0.8973
vn -0.0737 0.1576 -0.9847
vn -0.1352 0.1199 -0.9835
vn -0.1353 0.1199 -0.9835
vn -0.5026 0.4130 0.7595
vn -0.1737 0.0638 -0.9827
vn -0.6129 0.2327 0.7551
vn -0.3341 0.3245 0.8849
vn -0.1737 0.0637 -0.9827
vn -0.1882 -0.0000 -0.9821
vn -0.6638 -0.0280 0.7474
vn -0.1737 -0.0638 -0.9827
vn -0.6205 -0.2249 0.7513
vn -0.4911 0.0228 0.8708
vn -0.1352 -0.1199 -0.9835
vn -0.1737 -0.0637 -0.9827
vn -0.1353 -0.1199 -0.9835
vn -0.4542 -0.4510 0.7683
vn -0.0737 -0.1577 -0.9847
vn -0.2696 -0.5716 0.7750
vn -0.4542 -0.4510 0.7684
vn -0.3727 -0.2874 0.8823
vn 0.0737 -0.1576 -0.9847
vn -0.0000 -0.1730 -0.9849
vn 0.5026 -0.4130 0.7595
vn 0.2587 -0.5715 0.7788
vn 0.1353 -0.1199 -0.9835
vn 0.3341 -0.3244 0.8849
vn -0.0737 -0.1576 -0.9847
vn -0.0000 -0.1731 -0.9849
vn 0.0331 -0.6239 0.7808
vn -0.0310 -0.4403 0.8973
vn 0.0122 0.9845 0.1747
vn 0.0002 0.9845 0.1753
vn -0.0002 0.7950 0.6066
vn 0.0412 0.7986 0.6005
vn 0.0152 0.9844 0.1755
vn 0.0545 0.8019 0.5949
vn 0.0600 0.8097 0.5837
vn 0.0168 0.9841 0.1768
vn 0.0318 0.7869 0.6162
vn 0.0188 0.9841 0.1765
vn -0.0994 0.8337 0.5431
vn -0.0129 0.9845 0.1747
vn -0.0649 0.8126 0.5791
vn -0.0132 0.9862 0.1647
vn 0.0129 0.9888 0.1488
vn 0.0575 0.8032 0.5929
vn 0.0498 0.9900 0.1316
vn 0.2684 0.8006 0.5356
vn 0.1250 0.9911 0.0453
vn 0.5232 0.7680 0.3693
vn 0.6349 0.7552 0.1629
vn 0.1656 0.9826 -0.0836
vn 0.6977 0.6409 -0.3202
vn 0.2630 0.8054 -0.5312
vn 0.1209 -0.9859 -0.1161
vn 0.2139 -0.8034 -0.5557
vn 0.6678 -0.6671 -0.3302
vn 0.6114 -0.7782 0.1436
vn 0.0941 -0.9955 0.0095
vn 0.5070 -0.7877 0.3501
vn 0.0541 -0.8213 0.5679
vn 0.0088 -0.9945 0.1047
vn 0.0345 -0.9951 0.0922
vn 0.2588 -0.8185 0.5129
vn -0.0093 -0.9932 0.1160
vn 0.0087 -0.9945 0.1047
vn -0.0635 -0.8323 0.5507
vn -0.0090 -0.9923 0.1232
vn -0.0956 -0.8552 0.5094
vn 0.0288 -0.8098 0.5860
vn 0.0139 -0.9922 0.1243
vn 0.0570 -0.8326 0.5509
vn 0.0119 -0.9922 0.1241
vn 0.0518 -0.8244 0.5637
vn 0.0109 -0.9923 0.1236
vn -0.0002 -0.8172 0.5764
vn 0.0001 -0.9924 0.1229
vn 0.0086 -0.9924 0.1227
vn 0.0391 -0.8208 0.5699
vn 0.8453 -0.0041 -0.5342
vn 0.3790 0.0096 -0.9254
vn 0.9337 0.0003 0.3580
vn 0.7795 0.0006 0.6264
vn 0.0813 0.0006 0.9967
vn 0.4442 0.0006 0.8959
vn -0.1280 0.0005 0.9918
vn -0.1963 0.0002 0.9805
vn 0.0537 0.0002 0.9986
vn 0.1023 -0.0001 0.9948
vn 0.0918 0.0003 0.9958
vn -0.0006 0.0003 1.0000
vn 0.0678 0.0004 0.9977
vn -0.0391 -0.8228 0.5670
vn -0.0678 0.0003 0.9977
vn -0.0920 0.0003 0.9958
vn -0.0514 -0.8276 0.5590
vn -0.7778 0.0007 0.6285
vn -0.9337 0.0003 0.3580
vn -0.6114 -0.7781 0.1436
vn -0.5024 -0.7909 0.3494
vn -0.4450 0.0005 0.8955
vn -0.2606 -0.8153 0.5170
vn -0.1023 -0.0001 0.9948
vn -0.0570 -0.8326 0.5509
vn -0.0537 0.0002 0.9986
vn 0.1964 0.0002 0.9805
vn 0.0956 -0.8552 0.5094
vn -0.0288 -0.8098 0.5860
vn -0.8453 -0.0041 -0.5342
vn -0.6678 -0.6671 -0.3302
vn 0.1280 0.0005 0.9918
vn -0.0863 0.0006 0.9963
vn -0.0576 -0.8180 0.5723
vn 0.0634 -0.8323 0.5507
vn -0.0152 0.9844 0.1755
vn -0.0542 0.8052 0.5905
vn -0.0412 0.8006 0.5978
vn -0.0120 0.9845 0.1748
vn -0.0168 0.9841 0.1768
vn -0.0600 0.8097 0.5837
vn -0.0188 0.9841 0.1765
vn -0.0318 0.7869 0.6162
vn 0.0129 0.9845 0.1747
vn 0.0994 0.8337 0.5431
vn 0.0132 0.9862 0.1647
vn 0.0649 0.8126 0.5792
vn -0.0126 0.9888 0.1490
vn -0.0609 0.7999 0.5971
vn -0.1236 0.9912 0.0466
vn -0.5189 0.7712 0.3688
vn -0.2702 0.7973 0.5397
vn -0.0495 0.9901 0.1314
vn -0.1656 0.9826 -0.0836
vn -0.6349 0.7552 0.1629
vn -0.2630 0.8054 -0.5312
vn -0.6977 0.6409 -0.3201
vn -0.3790 0.0096 -0.9254
vn -0.2138 -0.8034 -0.5557
vn -0.1209 -0.9859 -0.1161
vn -0.2139 -0.8034 -0.5557
vn -0.0930 -0.9956 0.0109
vn -0.0343 -0.9951 0.0923
vn 0.0093 -0.9932 0.1160
vn -0.0085 -0.9945 0.1048
vn 0.0090 -0.9923 0.1232
vn -0.0139 -0.9922 0.1243
vn -0.0119 -0.9922 0.1241
vn -0.0109 -0.9923 0.1236
vn -0.0085 -0.9924 0.1227
vn -0.9993 0.0374 0.0024
vn -0.0528 0.9965 0.0651
vn -0.0432 0.8573 -0.5130
vn -0.0974 0.0540 -0.9938
vn 0.0464 -0.7672 -0.6398
vn 0.0570 -0.9962 -0.0651
vn -0.0570 -0.9963 -0.0651
vn -0.0464 -0.7671 -0.6398
vn 0.0528 0.9965 0.0651
vn 0.0432 0.8573 -0.5130
vn 0.0975 0.0540 -0.9938
vn 0.9993 0.0374 0.0024
vn 0.0990 0.0466 -0.9940
vn 0.9993 -0.0384 -0.0025
vn -0.0990 0.0466 -0.9940
vn -0.9993 -0.0384 -0.0025
vn 0.0014 -0.1862 0.9825
vn -0.1984 -0.3847 0.9015
vn -0.3238 -0.0059 0.9461
vn 0.0021 0.0019 1.0000
vn -0.3090 -0.4337 0.8464
vn 0.0006 -0.6283 0.7780
vn -0.3925 -0.1179 0.9122
vn 0.3250 -0.0030 0.9457
vn 0.2000 -0.3765 0.9046
vn 0.3971 -0.1504 0.9054
vn 0.3128 -0.4217 0.8511
vn 0.9997 -0.0246 -0.0008
vn 0.8264 -0.5630 0.0047
vn -0.9994 -0.0358 -0.0007
vn -0.9315 -0.3637 -0.0000
vn 0.8989 -0.4382 -0.0000
vn -0.8117 -0.5841 0.0055
vn -0.4902 -0.8716 -0.0000
vn 0.0045 -1.0000 -0.0000
vn 0.0046 -1.0000 -0.0000
vn 0.4963 -0.8682 -0.0000
vn -0.8696 -0.0640 0.4896
vn -0.3683 -0.3451 0.8633
vn -0.4629 0.1437 0.8747
vn -0.8263 0.4117 0.3843
vn -0.3653 0.3257 0.8720
vn -0.4989 0.7686 0.4004
vn -0.0451 -0.4689 0.8821
vn -0.1237 0.3998 0.9082
vn -0.2004 0.4300 0.8803
vn -0.0702 -0.4523 0.8891
vn -0.2079 0.8936 0.3979
vn -0.1254 0.8989 0.4197
vn -0.0515 0.4165 0.9077
vn -0.0554 0.9081 0.4151
vn -0.0000 0.4204 0.9073
vn -0.0175 -0.4505 0.8926
vn 0.0002 -0.4356 0.9001
vn -0.0000 0.9093 0.4161
vn 0.2768 -0.8551 0.4384
vn 0.4286 -0.9032 0.0221
vn 0.1397 -0.9901 0.0163
vn 0.0638 -0.9125 0.4040
vn 0.0673 -0.9976 0.0138
vn 0.0281 -0.9134 0.4062
vn 0.6476 -0.6071 0.4604
vn 0.7971 -0.6031 0.0291
vn 0.8329 -0.2874 0.4730
vn 0.9383 -0.3447 0.0285
vn -0.9942 -0.1054 0.0192
vn -0.6351 -0.7706 0.0522
vn -0.9087 0.4171 0.0143
vn -0.4948 0.8689 0.0144
vn -0.1650 0.9861 0.0186
vn -0.4947 0.8689 0.0144
vn -0.0940 0.9954 0.0178
vn -0.0444 0.9989 0.0170
vn -0.0000 0.9999 0.0169
vn -0.0312 -0.4241 0.9051
vn 0.0209 -0.2864 0.9579
vn 0.1604 -0.3547 0.9211
vn 0.5965 -0.8011 0.0491
vn -0.6352 -0.7706 0.0521
vn 0.8696 -0.0640 0.4896
vn 0.8263 0.4117 0.3843
vn 0.4629 0.1437 0.8747
vn 0.3683 -0.3451 0.8633
vn 0.4989 0.7686 0.4004
vn 0.3653 0.3257 0.8720
vn 0.0449 -0.4690 0.8821
vn 0.0702 -0.4523 0.8891
vn 0.2004 0.4300 0.8803
vn 0.1237 0.3998 0.9082
vn 0.2079 0.8936 0.3979
vn 0.1254 0.8989 0.4197
vn 0.0554 0.9081 0.4151
vn 0.0515 0.4165 0.9077
vn 0.0175 -0.4516 0.8921
vn -0.2768 -0.8551 0.4384
vn -0.0638 -0.9125 0.4040
vn -0.1397 -0.9901 0.0163
vn -0.4286 -0.9032 0.0221
vn -0.0679 -0.9976 0.0139
vn -0.0287 -0.9133 0.4063
vn -0.7971 -0.6031 0.0291
vn -0.6476 -0.6071 0.4604
vn -0.9383 -0.3447 0.0285
vn -0.8329 -0.2874 0.4730
vn 0.6351 -0.7706 0.0522
vn 0.9942 -0.1054 0.0192
vn 0.9087 0.4171 0.0143
vn 0.4948 0.8689 0.0144
vn 0.4947 0.8689 0.0144
vn 0.1650 0.9861 0.0186
vn 0.0940 0.9954 0.0178
vn 0.0444 0.9989 0.0170
vn 0.0312 -0.4242 0.9051
vn -0.0209 -0.2864 0.9579
vn -0.1604 -0.3547 0.9211
vn -0.5965 -0.8011 0.0491
vn 0.6352 -0.7706 0.0522
vn -0.7431 0.2740 -0.6105
vn -0.7741 0.0660 -0.6296
vn -0.9983 0.0584 -0.0012
vn -0.9893 0.1462 -0.0036
vn -0.3604 0.7691 -0.5278
vn -0.3183 0.9480 0.0023
vn 0.3115 0.9503 0.0024
vn 0.3795 0.7739 -0.5071
vn 0.0012 0.2231 -0.9748
vn -0.0026 0.3513 -0.9362
vn -0.7503 0.4834 -0.4510
vn -0.8834 0.4686 -0.0048
vn 0.7714 0.4710 -0.4280
vn 0.8924 0.4513 -0.0048
vn 0.9893 0.1462 -0.0036
vn 0.7627 0.2695 -0.5880
vn 0.0232 -0.9997 -0.0060
vn -0.3713 -0.7925 -0.4838
vn 0.3515 -0.8009 -0.4848
vn -0.7778 -0.5456 -0.3121
vn -0.7647 -0.6444 -0.0000
vn 0.7859 -0.5376 -0.3056
vn 0.7719 -0.6357 -0.0000
vn 0.0165 -0.2420 -0.9701
vn 0.9983 0.0584 -0.0012
vn 0.7872 0.0617 -0.6135
vn -0.3684 0.7862 -0.4961
vn -0.2840 0.9585 0.0229
vn 0.2451 0.9693 0.0201
vn 0.3011 0.8062 -0.5093
vn 0.7412 0.2742 -0.6127
vn 0.7531 0.4759 -0.4542
vn 0.8903 0.4553 -0.0050
vn 0.0098 0.3527 -0.9357
vn -0.9102 0.4142 -0.0053
vn -0.7827 0.4503 -0.4297
vn -0.7618 0.2692 -0.5892
vn 0.7713 0.0658 -0.6330
vn -0.0062 -1.0000 -0.0049
vn 0.3634 -0.7961 -0.4839
vn 0.7715 -0.5530 -0.3147
vn 0.7563 -0.6542 -0.0000
vn -0.7745 -0.6326 -0.0000
vn -0.7881 -0.5353 -0.3039
vn -0.3702 -0.7946 -0.4811
vn -0.0057 -0.2506 -0.9681
vn -0.7874 0.0648 -0.6130
vn -0.0012 0.2199 -0.9755
vn 0.2656 0.9633 -0.0380
vn 0.3287 0.7811 0.5309
vn 0.7419 0.4608 0.4870
vn 0.8872 0.4614 0.0051
vn -0.3275 0.7991 0.5041
vn -0.3129 0.9491 -0.0366
vn -0.8999 0.4360 0.0052
vn -0.7629 0.4439 0.4701
vn 0.7397 0.2315 0.6319
vn 0.9932 0.1165 0.0029
vn 0.0002 0.2941 0.9558
vn -0.9932 0.1165 0.0030
vn -0.7617 0.2272 0.6068
vn -0.7952 -0.5258 0.3020
vn -0.8239 0.0633 0.5632
vn -0.9988 0.0493 0.0010
vn -0.7845 -0.6202 -0.0000
vn 0.7689 -0.5544 0.3184
vn 0.3452 -0.8005 0.4900
vn 0.0076 -0.9999 0.0066
vn 0.7545 -0.6563 -0.0000
vn -0.3753 -0.7906 0.4838
vn 0.0043 -0.2784 0.9604
vn -0.0014 0.2281 0.9736
vn 0.9988 0.0493 0.0010
vn 0.8001 0.0620 0.5967
vn 0.3419 0.7938 0.5030
vn 0.3202 0.9464 -0.0419
vn -0.2712 0.9616 -0.0411
vn -0.3173 0.7888 0.5265
vn -0.8844 0.4667 0.0051
vn -0.7389 0.4635 0.4891
vn 0.7640 0.4428 0.4692
vn 0.9009 0.4339 0.0052
vn -0.9932 0.1165 0.0029
vn -0.7416 0.2313 0.6297
vn -0.0032 0.2941 0.9558
vn 0.9932 0.1165 0.0030
vn 0.7639 0.2268 0.6042
vn 0.0015 0.2255 0.9742
vn 0.8279 0.0635 0.5573
vn 0.0039 -0.2772 0.9608
vn 0.0031 -1.0000 0.0091
vn -0.3492 -0.8026 0.4836
vn -0.7770 -0.5479 0.3100
vn -0.7626 -0.6469 -0.0000
vn -0.8059 0.0641 0.5886
vn 0.3623 -0.7992 0.4795
vn 0.7856 -0.6188 -0.0000
vn 0.7973 -0.5256 0.2966
vn 0.1917 0.0685 0.9791
vn 0.2036 0.8430 0.4979
vn 0.0719 0.8205 0.5671
vn 0.0642 0.1307 0.9893
vn -0.1566 0.5594 -0.8140
vn -0.1692 -0.8736 0.4563
vn -0.1429 0.0746 0.9869
vn -0.1501 0.8500 0.5050
vn -0.0464 -0.0908 -0.9948
vn -0.0528 -0.8897 -0.4535
vn -0.0601 -0.8174 -0.5729
vn -0.0542 -0.1578 -0.9860
vn 0.1620 -0.8793 0.4478
vn 0.1419 0.5534 -0.8207
vn 0.1418 0.5534 -0.8208
vn -0.0088 0.5380 -0.8429
vn -0.0018 -0.9018 0.4322
vn 0.1620 -0.8794 0.4478
vn -0.0158 0.1319 0.9911
vn -0.0190 0.8224 0.5686
vn -0.1691 -0.8736 0.4563
vn -0.0099 -0.9019 0.4318
vn 0.0054 -0.1587 -0.9873
vn 0.0068 -0.8179 -0.5753
vn 0.0025 -0.8896 -0.4567
vn -0.0010 -0.0907 -0.9959
vn -0.0099 0.5377 -0.8431
vn -0.0464 -0.0909 -0.9948
vn -0.0541 -0.1577 -0.9860
vn 0.0055 -0.1586 -0.9873
vn -0.0011 -0.0907 -0.9959
vn 0.7533 -0.0014 0.6576
vn 0.8570 0.3692 0.3594
vn 0.6560 0.6999 0.2824
vn 0.3804 0.2423 0.8925
vn -0.2793 0.9404 0.1939
vn -0.4764 0.5346 -0.6981
vn -0.8975 0.1431 -0.4171
vn -0.6948 0.5214 0.4953
vn -0.1189 -0.3597 -0.9255
vn 0.2525 0.1943 -0.9479
vn 0.5292 -0.0542 -0.8468
vn 0.4067 -0.5056 -0.7609
vn 0.4066 -0.5056 -0.7609
vn 0.1036 -0.4088 0.9067
vn -0.2398 -0.9025 -0.3579
vn 0.1853 -0.8877 -0.4214
vn 0.5052 -0.3878 0.7709
vn 0.1264 0.3568 0.9256
vn 0.3545 0.8963 0.2665
vn 0.3511 0.9092 0.2236
vn 0.1147 0.3614 0.9253
vn -0.2105 -0.3016 0.9299
vn -0.4369 -0.8587 -0.2678
vn -0.4508 -0.8654 -0.2187
vn -0.2104 -0.3185 0.9243
vn -0.1522 -0.3466 -0.9256
vn 0.1409 0.3551 -0.9241
vn 0.1314 0.3524 -0.9266
vn -0.1638 -0.3419 -0.9253
vn 0.4991 0.8148 0.2949
vn 0.2617 0.2998 0.9174
vn -0.3721 -0.8825 -0.2876
vn -0.0458 -0.3308 0.9426
vn 0.1830 0.3072 -0.9339
vn -0.1529 -0.3463 -0.9256
vn 0.0545 0.3836 0.9219
vn 0.2653 0.9532 0.1449
vn -0.6845 -0.0235 0.7286
vn -0.8994 -0.4083 -0.1557
vn -0.4486 -0.8621 -0.2358
vn -0.3206 -0.3289 0.8883
vn -0.8976 0.1430 -0.4171
vn -0.4764 0.5346 -0.6980
vn 0.1332 0.3758 -0.9171
vn -0.0933 -0.3695 -0.9245
vn -0.2398 -0.9025 -0.3578
vn 0.1854 -0.8878 -0.4213
vn -0.3721 -0.8825 -0.2875
vn -0.4369 -0.8588 -0.2677
vn -0.8994 -0.4084 -0.1557
vn -0.4486 -0.8621 -0.2357
vn 0.5039 0.7383 -0.4484
vn 0.8972 0.4348 0.0778
vn 0.8444 0.5155 0.1460
vn 0.6872 0.4344 -0.5823
vn 0.7921 0.6045 0.0845
vn 0.8879 0.1544 -0.4333
vn 0.7796 0.6258 -0.0252
vn 0.9990 0.0386 -0.0233
vn 0.7828 0.6024 -0.1559
vn 0.9398 0.2114 0.2685
vn 0.8306 0.5067 -0.2311
vn 0.7987 0.4955 0.3413
vn 0.8916 0.4283 -0.1472
vn 0.5838 0.7620 0.2804
vn 0.9076 0.4191 -0.0248
vn 0.4369 0.8991 -0.0262
vn 0.9156 0.2728 0.2956
vn 0.8513 0.5242 -0.0218
vn 0.7747 0.4832 0.4079
vn 0.6391 0.7058 0.3055
vn 0.5690 0.8221 -0.0200
vn 0.6303 0.6975 -0.3410
vn 0.7616 0.4752 -0.4405
vn 0.9051 0.2684 -0.3297
vn 0.9853 0.1699 -0.0182
vn 0.0464 0.0217 0.9987
vn -0.0792 0.3362 0.9385
vn -0.9394 0.0740 0.3347
vn -0.7671 -0.4868 0.4178
vn 0.3149 -0.2108 0.9254
vn -0.2787 -0.8938 0.3513
vn 0.9172 -0.2130 0.3368
vn 0.6709 -0.6355 0.3820
vn 0.7233 -0.6896 -0.0358
vn 0.8654 -0.4998 -0.0360
vn 0.4985 -0.4278 -0.7540
vn 0.6197 -0.3124 -0.7200
vn 0.0948 0.0696 -0.9931
vn 0.2325 0.1554 -0.9601
vn -0.2893 0.5852 -0.7575
vn -0.1233 0.6631 -0.7383
vn -0.4880 0.8721 -0.0359
vn -0.2401 0.9700 -0.0381
vn -0.4514 0.8020 0.3912
vn 0.1048 0.9220 0.3727
vn -0.4036 -0.2377 0.8835
vn -0.6122 0.4561 0.6459
vn -0.5259 0.3497 0.7753
vn -0.1437 -0.1058 0.9840
vn 0.2648 -0.6689 0.6946
vn 0.2066 -0.5975 0.7748
vn 0.5254 -0.8505 -0.0237
vn 0.2067 -0.5975 0.7747
vn 0.4074 -0.9130 0.0198
vn 0.2906 -0.5754 -0.7645
vn 0.1681 -0.6610 -0.7313
vn -0.1122 -0.0645 -0.9916
vn 0.1680 -0.6610 -0.7314
vn -0.2227 -0.1616 -0.9614
vn -0.4941 0.4437 -0.7477
vn -0.5991 0.3358 -0.7268
vn -0.6899 0.7235 -0.0246
vn -0.4941 0.4438 -0.7476
vn -0.5992 0.3358 -0.7268
vn -0.7799 0.6257 0.0154
vn -0.5260 0.3497 0.7753
vn 0.8517 0.5223 -0.0421
vn 0.8393 0.5101 0.1880
vn 0.4933 0.8698 -0.0061
vn -0.5770 0.8071 0.1254
vn -0.9612 0.1321 0.2423
vn -0.8451 -0.5175 0.1338
vn 0.9944 0.1059 -0.0027
vn -0.2326 -0.9318 0.2785
vn 0.6593 -0.7405 0.1300
vn 0.8516 0.5239 0.0175
vn 0.9919 0.1258 0.0195
vn 0.6364 -0.7708 0.0275
vn -0.3745 -0.9271 0.0138
vn -0.8522 -0.5230 -0.0126
vn -0.9994 0.0331 0.0062
vn 0.5094 0.8603 0.0173
vn -0.6117 0.7909 0.0166
vn 0.5690 0.3422 0.7478
vn 0.3596 0.5883 0.7243
vn 0.7140 0.0714 0.6965
vn 0.5290 -0.8378 0.1351
vn -0.8350 -0.5253 -0.1638
vn -0.5778 -0.3484 -0.7380
vn -0.0241 -0.8926 -0.4502
vn -0.4040 -0.8756 -0.2648
vn -0.9675 -0.0371 -0.2501
vn -0.8688 0.2688 -0.4158
vn -0.6855 0.7196 0.1107
vn 0.7508 0.4607 0.4734
vn 0.5146 0.7362 0.4395
vn 0.8897 0.1663 0.4253
vn 0.6486 -0.7544 0.1004
vn -0.7717 -0.4724 -0.4258
vn -0.2222 -0.9411 -0.2550
vn -0.9626 0.1455 -0.2286
vn -0.5909 0.8026 0.0810
vn -0.4040 -0.8756 -0.2647
vn -0.0242 -0.8926 -0.4502
vn -0.2223 -0.9410 -0.2550
vn -0.3746 -0.9271 0.0139
vn -0.2327 -0.9318 0.2784
vn -0.9612 0.1321 0.2422
vn -0.9626 0.1454 -0.2286
vn -0.8689 0.2687 -0.4158
vn -0.9675 -0.0372 -0.2501
vn -0.5039 0.7383 -0.4484
vn -0.6872 0.4344 -0.5823
vn -0.8444 0.5155 0.1460
vn -0.8972 0.4348 0.0778
vn -0.8879 0.1544 -0.4333
vn -0.7921 0.6045 0.0845
vn -0.9990 0.0386 -0.0233
vn -0.7796 0.6258 -0.0252
vn -0.9398 0.2115 0.2686
vn -0.7828 0.6024 -0.1559
vn -0.7987 0.4955 0.3413
vn -0.8306 0.5067 -0.2311
vn -0.5838 0.7620 0.2804
vn -0.8916 0.4283 -0.1472
vn -0.4369 0.8991 -0.0262
vn -0.9076 0.4190 -0.0248
vn -0.9156 0.2727 0.2956
vn -0.7747 0.4832 0.4079
vn -0.8513 0.5242 -0.0218
vn -0.6391 0.7058 0.3055
vn -0.5690 0.8221 -0.0200
vn -0.6303 0.6975 -0.3410
vn -0.7616 0.4752 -0.4405
vn -0.9051 0.2684 -0.3297
vn -0.9853 0.1699 -0.0178
vn -0.0464 0.0217 0.9987
vn 0.7671 -0.4869 0.4178
vn 0.9394 0.0740 0.3348
vn 0.0792 0.3361 0.9385
vn -0.3149 -0.2108 0.9254
vn 0.2787 -0.8938 0.3513
vn -0.9172 -0.2130 0.3368
vn -0.8654 -0.4998 -0.0360
vn -0.7233 -0.6896 -0.0358
vn -0.6709 -0.6355 0.3820
vn -0.6197 -0.3124 -0.7200
vn -0.4985 -0.4278 -0.7540
vn -0.2326 0.1554 -0.9601
vn -0.0948 0.0696 -0.9931
vn 0.1233 0.6631 -0.7383
vn 0.2893 0.5852 -0.7575
vn 0.2401 0.9700 -0.0381
vn 0.4880 0.8721 -0.0359
vn -0.1048 0.9220 0.3727
vn 0.4514 0.8020 0.3912
vn 0.4036 -0.2377 0.8835
vn 0.1437 -0.1058 0.9840
vn 0.5259 0.3497 0.7753
vn 0.6122 0.4561 0.6459
vn -0.2648 -0.6689 0.6946
vn -0.2067 -0.5975 0.7748
vn -0.5254 -0.8505 -0.0237
vn -0.4074 -0.9130 0.0198
vn -0.2067 -0.5976 0.7747
vn -0.2906 -0.5754 -0.7645
vn -0.1681 -0.6610 -0.7313
vn 0.1122 -0.0645 -0.9916
vn 0.2227 -0.1616 -0.9614
vn -0.1680 -0.6610 -0.7314
vn 0.4941 0.4437 -0.7477
vn 0.5991 0.3358 -0.7268
vn 0.6899 0.7235 -0.0246
vn 0.7799 0.6257 0.0154
vn 0.5992 0.3359 -0.7268
vn 0.4941 0.4438 -0.7476
vn 0.5260 0.3497 0.7753
vn -0.8517 0.5223 -0.0421
vn -0.4933 0.8698 -0.0061
vn -0.8393 0.5101 0.1880
vn 0.5770 0.8071 0.1254
vn 0.9612 0.1321 0.2422
vn 0.8451 -0.5175 0.1338
vn -0.9944 0.1059 -0.0027
vn 0.2326 -0.9319 0.2785
vn -0.6593 -0.7405 0.1300
vn -0.9919 0.1258 0.0195
vn -0.8516 0.5239 0.0175
vn -0.6364 -0.7708 0.0275
vn 0.8522 -0.5230 -0.0126
vn 0.3745 -0.9271 0.0139
vn 0.9994 0.0331 0.0062
vn -0.5094 0.8603 0.0173
vn 0.6117 0.7909 0.0166
vn -0.3596 0.5883 0.7243
vn -0.5689 0.3422 0.7478
vn -0.7140 0.0714 0.6965
vn -0.5290 -0.8378 0.1351
vn 0.8350 -0.5253 -0.1638
vn 0.4040 -0.8756 -0.2648
vn 0.0241 -0.8926 -0.4502
vn 0.5778 -0.3484 -0.7380
vn 0.9675 -0.0372 -0.2502
vn 0.8689 0.2687 -0.4158
vn 0.6855 0.7196 0.1107
vn -0.5146 0.7363 0.4395
vn -0.7508 0.4607 0.4734
vn -0.8897 0.1663 0.4253
vn -0.6486 -0.7544 0.1004
vn 0.2222 -0.9411 -0.2550
vn 0.7717 -0.4724 -0.4258
vn 0.9626 0.1455 -0.2286
vn 0.5909 0.8026 0.0810
vn 0.9394 0.0739 0.3347
vn 0.7671 -0.4868 0.4178
vn 0.2223 -0.9410 -0.2550
vn 0.3746 -0.9271 0.0139
vn 0.2327 -0.9318 0.2785
vn 0.8688 0.2688 -0.4158
vn 0.9626 0.1454 -0.2286
vn 0.9675 -0.0372 -0.2501
vn -0.6483 -0.6667 0.3677
vn -0.0000 -0.8299 0.5579
vn -0.0054 -0.4144 0.9101
vn -0.6833 -0.4204 0.5970
vn -0.6410 -0.7675 0.0079
vn -0.0000 -0.9995 0.0301
vn -0.0426 -0.6849 0.7274
vn -0.1708 -0.9785 0.1155
vn -0.0640 -0.9976 0.0255
vn -0.0243 -0.9996 -0.0123
vn -0.3715 -0.9284 0.0016
vn 0.6483 -0.6667 0.3677
vn 0.6833 -0.4204 0.5970
vn 0.0054 -0.4144 0.9101
vn 0.6410 -0.7675 0.0079
vn 0.6142 -0.6967 -0.3706
vn 0.1708 -0.9785 0.1155
vn 0.0426 -0.6849 0.7274
vn 0.0243 -0.9996 -0.0123
vn 0.0640 -0.9976 0.0255
vn 0.3714 -0.9285 0.0016
vn -0.0000 -1.0000 0.0069
vn -0.0023 -0.9994 -0.0332
vn -0.0006 -1.0000 0.0025
vn -0.0014 -0.9995 -0.0302
vn 0.0023 -0.9994 -0.0332
vn 0.0006 -1.0000 0.0025
vn 0.0014 -0.9995 -0.0302
vn -0.8305 0.5235 -0.1904
vn -0.8005 0.4637 -0.3797
vn -0.8219 0.5050 -0.2634
vn -0.9842 0.1037 -0.1433
vn 0.8286 0.0006 -0.5598
vn 0.3794 0.0415 -0.9243
vn 0.0001 -0.1367 -0.9906
vn 0.7797 -0.0595 -0.6233
vn -0.9650 -0.0094 -0.2622
vn -0.9760 0.1118 -0.1868
vn -0.9715 0.0289 -0.2351
vn -0.9420 0.2038 -0.2666
vn -0.7929 -0.0613 -0.6062
vn -0.0000 -0.1367 -0.9906
vn 0.4524 0.2443 -0.8577
vn 0.7620 0.0556 -0.6452
vn 0.1336 0.7816 -0.6093
vn 0.1066 0.1413 -0.9842
vn 0.0593 0.3960 -0.9163
vn 0.7726 -0.0343 -0.6340
vn -0.8116 -0.0269 -0.5836
vn -0.0001 -0.1367 -0.9906
vn 0.9842 0.1037 -0.1433
vn 0.9919 -0.0146 -0.1262
vn -0.3771 0.0416 -0.9252
vn -0.8297 -0.0086 -0.5582
vn -0.7485 -0.0575 -0.6606
vn -0.0002 -0.1367 -0.9906
vn -0.7700 -0.0734 -0.6338
vn -0.7703 0.0462 -0.6360
vn 0.9715 0.0237 -0.2358
vn 0.9760 0.1118 -0.1869
vn 0.9876 -0.0073 -0.1566
vn 0.9646 -0.0121 -0.2635
vn 0.9431 0.1996 -0.2658
vn 0.7756 -0.0472 -0.6295
vn 0.7766 -0.0695 -0.6261
vn -0.5820 0.5265 -0.6197
vn -0.6754 0.1952 -0.7111
vn -0.4539 0.2428 -0.8574
vn -0.4142 0.8152 -0.4049
vn -0.0986 0.0511 -0.9938
vn -0.1335 0.7816 -0.6093
vn -0.1066 0.1413 -0.9842
vn -0.0593 0.3961 -0.9163
vt 0.865958 0.900441
vt 0.892290 0.900323
vt 0.892380 0.918170
vt 0.866033 0.918298
vt 0.918592 0.900217
vt 0.918763 0.918025
vt 0.944687 0.899896
vt 0.945361 0.917865
vt 0.523915 0.899892
vt 0.550010 0.900213
vt 0.549839 0.918021
vt 0.523240 0.917863
vt 0.576312 0.900320
vt 0.576222 0.918168
vt 0.602646 0.900437
vt 0.602571 0.918295
vt 0.628980 0.900538
vt 0.628918 0.918397
vt 0.655312 0.900616
vt 0.655265 0.918475
vt 0.681642 0.900672
vt 0.681612 0.918530
vt 0.707974 0.900704
vt 0.707958 0.918561
vt 0.734303 0.900713
vt 0.734303 0.918571
vt 0.760633 0.900703
vt 0.760647 0.918561
vt 0.786965 0.900670
vt 0.786992 0.918529
vt 0.813294 0.900616
vt 0.813339 0.918475
vt 0.839626 0.900540
vt 0.839686 0.918398
vt 0.724654 0.805245
vt 0.739603 0.790294
vt 0.744137 0.797173
vt 0.745795 0.805245
vt 0.744137 0.813314
vt 0.739603 0.820194
vt 0.732724 0.824727
vt 0.724654 0.826385
vt 0.716583 0.824727
vt 0.709704 0.820194
vt 0.705171 0.813314
vt 0.703514 0.805245
vt 0.705171 0.797173
vt 0.709704 0.790294
vt 0.716583 0.785762
vt 0.724654 0.784103
vt 0.732724 0.785762
vt 0.828655 0.770383
vt 0.818185 0.759910
vt 0.838657 0.746234
vt 0.844326 0.759916
vt 0.804504 0.780380
vt 0.818185 0.786049
vt 0.799701 0.804529
vt 0.814508 0.804529
vt 0.804503 0.828678
vt 0.818185 0.823011
vt 0.818185 0.849150
vt 0.828654 0.838677
vt 0.838657 0.862826
vt 0.844323 0.849143
vt 0.862806 0.867628
vt 0.862806 0.852820
vt 0.886955 0.862826
vt 0.881287 0.849145
vt 0.907424 0.849150
vt 0.896954 0.838678
vt 0.921105 0.828678
vt 0.907424 0.823012
vt 0.925908 0.804531
vt 0.911100 0.804531
vt 0.921104 0.780383
vt 0.907423 0.786049
vt 0.907424 0.759911
vt 0.896954 0.770383
vt 0.886955 0.746234
vt 0.881287 0.759916
vt 0.862806 0.741431
vt 0.862806 0.756240
vt 0.748312 0.748134
vt 0.768368 0.761532
vt 0.757830 0.772068
vt 0.742608 0.761902
vt 0.781766 0.781587
vt 0.767997 0.787291
vt 0.786474 0.805245
vt 0.771573 0.805245
vt 0.781766 0.828900
vt 0.767997 0.823197
vt 0.768366 0.848955
vt 0.757830 0.838420
vt 0.748310 0.862356
vt 0.742606 0.848586
vt 0.724654 0.867064
vt 0.724654 0.852163
vt 0.700997 0.862356
vt 0.706701 0.848586
vt 0.680941 0.848955
vt 0.691478 0.838420
vt 0.667543 0.828900
vt 0.681311 0.823197
vt 0.662834 0.805245
vt 0.677736 0.805245
vt 0.667543 0.781587
vt 0.681311 0.787291
vt 0.680942 0.761532
vt 0.691478 0.772068
vt 0.700998 0.748134
vt 0.706701 0.761902
vt 0.724655 0.743425
vt 0.724655 0.758326
vt 0.836103 0.777829
vt 0.848354 0.769645
vt 0.827915 0.790081
vt 0.825042 0.804529
vt 0.827915 0.818980
vt 0.836103 0.831228
vt 0.848354 0.839415
vt 0.862806 0.842288
vt 0.877256 0.839415
vt 0.889507 0.831231
vt 0.897694 0.818983
vt 0.900568 0.804531
vt 0.897694 0.790081
vt 0.889506 0.777830
vt 0.877256 0.769645
vt 0.862806 0.766772
vt 0.813382 0.935476
vt 0.839744 0.935398
vt 0.787020 0.935528
vt 0.760660 0.935562
vt 0.734303 0.935570
vt 0.707944 0.935562
vt 0.681585 0.935530
vt 0.655223 0.935476
vt 0.628859 0.935397
vt 0.602496 0.935293
vt 0.576134 0.935157
vt 0.549808 0.934973
vt 0.523703 0.934981
vt 0.944899 0.934984
vt 0.918793 0.934976
vt 0.892467 0.935160
vt 0.866107 0.935296
vt 0.849443 0.772280
vt 0.838118 0.779846
vt 0.830550 0.791172
vt 0.827893 0.804531
vt 0.830550 0.817891
vt 0.838118 0.829214
vt 0.849443 0.836780
vt 0.862806 0.839437
vt 0.876165 0.836780
vt 0.887491 0.829214
vt 0.895059 0.817891
vt 0.897716 0.804531
vt 0.895059 0.791172
vt 0.887491 0.779846
vt 0.876165 0.772280
vt 0.862805 0.769623
vt 0.852616 0.779936
vt 0.843978 0.785705
vt 0.838206 0.794343
vt 0.836179 0.804531
vt 0.838206 0.814718
vt 0.843978 0.823354
vt 0.852616 0.829125
vt 0.862805 0.831152
vt 0.872993 0.829125
vt 0.881632 0.823357
vt 0.887403 0.814720
vt 0.889429 0.804531
vt 0.887402 0.794343
vt 0.881632 0.785705
vt 0.872993 0.779935
vt 0.862805 0.777908
vt 0.856797 0.790030
vt 0.851705 0.793435
vt 0.848301 0.798525
vt 0.847108 0.804531
vt 0.848301 0.810537
vt 0.851706 0.815630
vt 0.856797 0.819032
vt 0.862806 0.820226
vt 0.868812 0.819032
vt 0.873904 0.815630
vt 0.877308 0.810538
vt 0.878502 0.804531
vt 0.877308 0.798525
vt 0.873905 0.793432
vt 0.868812 0.790029
vt 0.862806 0.788835
vt 0.862806 0.804529
vt 0.154554 0.710713
vt 0.157643 0.719157
vt 0.163125 0.714287
vt 0.159700 0.711873
vt 0.144016 0.710579
vt 0.145003 0.717761
vt 0.149294 0.710068
vt 0.161885 0.694126
vt 0.151924 0.693406
vt 0.170930 0.698682
vt 0.176596 0.704682
vt 0.130697 0.720439
vt 0.129444 0.712530
vt 0.140134 0.695182
vt 0.168572 0.725143
vt 0.182172 0.720220
vt 0.161374 0.728306
vt 0.126180 0.698662
vt 0.577785 0.669866
vt 0.584465 0.672392
vt 0.584465 0.660795
vt 0.591145 0.669866
vt 0.594749 0.663057
vt 0.592743 0.654546
vt 0.584462 0.648102
vt 0.576182 0.654546
vt 0.574180 0.663059
vt 0.567091 0.684556
vt 0.584466 0.690618
vt 0.601840 0.684554
vt 0.611751 0.669240
vt 0.610983 0.652006
vt 0.604442 0.638300
vt 0.564482 0.638301
vt 0.557943 0.652008
vt 0.557179 0.669244
vt 0.593444 0.732964
vt 0.586764 0.723892
vt 0.586764 0.735490
vt 0.580082 0.732964
vt 0.576477 0.726155
vt 0.578479 0.717644
vt 0.586762 0.711200
vt 0.595045 0.717643
vt 0.597047 0.726155
vt 0.586765 0.753716
vt 0.604138 0.747652
vt 0.569388 0.747653
vt 0.559478 0.732343
vt 0.560241 0.715109
vt 0.566778 0.701402
vt 0.613283 0.715104
vt 0.606743 0.701397
vt 0.614047 0.732340
vt 0.410631 0.710741
vt 0.405485 0.711900
vt 0.402059 0.714313
vt 0.407540 0.719185
vt 0.403304 0.694153
vt 0.415891 0.710097
vt 0.413265 0.693435
vt 0.394258 0.698707
vt 0.388591 0.704705
vt 0.420182 0.717791
vt 0.421169 0.710610
vt 0.396365 0.725712
vt 0.403622 0.728817
vt 0.383159 0.719665
vt 0.435116 0.720562
vt 0.436004 0.712590
vt 0.425055 0.695213
vt 0.437923 0.698425
vt 0.333369 0.514587
vt 0.317923 0.519113
vt 0.323745 0.524712
vt 0.339369 0.521221
vt 0.327991 0.510857
vt 0.310717 0.514823
vt 0.327549 0.535375
vt 0.343566 0.534446
vt 0.307285 0.445118
vt 0.323865 0.449071
vt 0.314963 0.440840
vt 0.329665 0.444790
vt 0.321626 0.433950
vt 0.336423 0.437199
vt 0.278960 0.444881
vt 0.283460 0.515098
vt 0.306973 0.539952
vt 0.326433 0.547523
vt 0.281534 0.538930
vt 0.315247 0.558445
vt 0.315381 0.565856
vt 0.321917 0.569880
vt 0.328471 0.567587
vt 0.320810 0.555300
vt 0.335519 0.561757
vt 0.342192 0.550308
vt 0.306519 0.560400
vt 0.281148 0.558773
vt 0.214738 0.514587
vt 0.208739 0.521221
vt 0.224362 0.524712
vt 0.230184 0.519113
vt 0.220116 0.510857
vt 0.237390 0.514823
vt 0.220559 0.535375
vt 0.204541 0.534446
vt 0.240822 0.445118
vt 0.224243 0.449071
vt 0.233145 0.440840
vt 0.218442 0.444790
vt 0.269148 0.444881
vt 0.264648 0.515098
vt 0.221675 0.547523
vt 0.241134 0.539952
vt 0.266574 0.538930
vt 0.232861 0.558445
vt 0.219636 0.567587
vt 0.226190 0.569880
vt 0.232726 0.565856
vt 0.227297 0.555300
vt 0.212588 0.561757
vt 0.205915 0.550308
vt 0.241589 0.560400
vt 0.266959 0.558773
vt 0.678567 0.262803
vt 0.684260 0.262090
vt 0.683778 0.232315
vt 0.678004 0.233969
vt 0.675863 0.344186
vt 0.683780 0.346122
vt 0.685247 0.327143
vt 0.677972 0.325869
vt 0.678697 0.297585
vt 0.684813 0.298051
vt 0.682794 0.210470
vt 0.676500 0.213096
vt 0.694935 0.298446
vt 0.695764 0.327927
vt 0.695860 0.347572
vt 0.689599 0.208673
vt 0.691821 0.231259
vt 0.693198 0.261737
vt 0.702423 0.230198
vt 0.699071 0.206814
vt 0.750521 0.354154
vt 0.773912 0.355370
vt 0.773912 0.335675
vt 0.750385 0.334765
vt 0.704845 0.261389
vt 0.710896 0.349643
vt 0.710134 0.329811
vt 0.707922 0.299108
vt 0.727179 0.332984
vt 0.727552 0.352295
vt 0.751107 0.368717
vt 0.773913 0.370135
vt 0.623720 0.425895
vt 0.640602 0.445096
vt 0.665908 0.378693
vt 0.651143 0.368841
vt 0.672924 0.357145
vt 0.682772 0.360370
vt 0.773910 0.300999
vt 0.749641 0.300082
vt 0.725633 0.299375
vt 0.721149 0.227707
vt 0.718713 0.202650
vt 0.723245 0.260321
vt 0.747206 0.225542
vt 0.748381 0.259388
vt 0.773908 0.259318
vt 0.773907 0.225509
vt 0.745978 0.198953
vt 0.773906 0.197919
vt 0.727946 0.366213
vt 0.655285 0.359784
vt 0.669454 0.368486
vt 0.660147 0.347849
vt 0.664521 0.337638
vt 0.660644 0.335053
vt 0.655576 0.344255
vt 0.653899 0.342113
vt 0.658367 0.333750
vt 0.666094 0.216903
vt 0.668389 0.236308
vt 0.658486 0.208616
vt 0.662010 0.218858
vt 0.663406 0.205300
vt 0.664568 0.237339
vt 0.659998 0.224109
vt 0.661732 0.237443
vt 0.655983 0.212091
vt 0.629035 0.115825
vt 0.653748 0.189337
vt 0.657724 0.187141
vt 0.632343 0.111373
vt 0.593705 0.175741
vt 0.644754 0.202160
vt 0.644938 0.197775
vt 0.576320 0.163018
vt 0.595380 0.213229
vt 0.578533 0.207630
vt 0.580686 0.258537
vt 0.597125 0.260358
vt 0.576510 0.166842
vt 0.583116 0.313153
vt 0.599344 0.311915
vt 0.599823 0.323260
vt 0.583635 0.324823
vt 0.640200 0.319359
vt 0.640518 0.308775
vt 0.648393 0.319040
vt 0.649032 0.308504
vt 0.669242 0.263778
vt 0.665517 0.264021
vt 0.661983 0.265557
vt 0.669264 0.296920
vt 0.667844 0.323723
vt 0.665567 0.296148
vt 0.662046 0.289712
vt 0.664184 0.321970
vt 0.661235 0.324082
vt 0.664978 0.307150
vt 0.661674 0.307431
vt 0.662191 0.317621
vt 0.585174 0.359432
vt 0.601341 0.352552
vt 0.651352 0.357126
vt 0.646056 0.346825
vt 0.645755 0.349532
vt 0.647431 0.365904
vt 0.620797 0.421293
vt 0.638838 0.351461
vt 0.638713 0.353688
vt 0.610741 0.366965
vt 0.601801 0.364656
vt 0.602070 0.371749
vt 0.604026 0.367412
vt 0.585895 0.380674
vt 0.586013 0.384144
vt 0.695584 0.191405
vt 0.716646 0.187258
vt 0.745112 0.184629
vt 0.773905 0.183784
vt 0.743334 0.172628
vt 0.773905 0.171555
vt 0.713843 0.175983
vt 0.736321 0.096216
vt 0.734881 0.079747
vt 0.695782 0.083508
vt 0.698752 0.098976
vt 0.773901 0.095472
vt 0.773901 0.078320
vt 0.691990 0.180276
vt 0.674449 0.199947
vt 0.668195 0.181507
vt 0.643208 0.104168
vt 0.687138 0.193940
vt 0.680984 0.197095
vt 0.684326 0.182852
vt 0.680097 0.182473
vt 0.664857 0.088119
vt 0.669183 0.102902
vt 0.649425 0.099136
vt 0.673473 0.179755
vt 0.676877 0.178669
vt 0.661392 0.105869
vt 0.655613 0.094201
vt 0.651407 0.097556
vt 0.658364 0.109007
vt 0.657308 0.116347
vt 0.773914 0.391400
vt 0.773914 0.387765
vt 0.750966 0.386444
vt 0.750705 0.390583
vt 0.746382 0.449798
vt 0.743425 0.489280
vt 0.773918 0.491268
vt 0.773916 0.450957
vt 0.695737 0.362012
vt 0.711224 0.362825
vt 0.654426 0.460128
vt 0.676767 0.384728
vt 0.679753 0.373443
vt 0.693815 0.376786
vt 0.691193 0.388169
vt 0.726977 0.383983
vt 0.726470 0.387817
vt 0.709177 0.379926
vt 0.715922 0.385157
vt 0.708116 0.385209
vt 0.703702 0.387819
vt 0.702446 0.391540
vt 0.713202 0.485294
vt 0.718599 0.445749
vt 0.680328 0.431984
vt 0.669463 0.475800
vt 0.696441 0.425896
vt 0.688311 0.483455
vt 0.696765 0.435643
vt 0.702654 0.441105
vt 0.869250 0.262795
vt 0.869810 0.233961
vt 0.864036 0.232307
vt 0.863557 0.262082
vt 0.871961 0.344178
vt 0.869850 0.325861
vt 0.862575 0.327135
vt 0.864044 0.346114
vt 0.869123 0.297577
vt 0.863007 0.298043
vt 0.871312 0.213088
vt 0.865018 0.210462
vt 0.852885 0.298439
vt 0.852058 0.327920
vt 0.851964 0.347565
vt 0.858213 0.208666
vt 0.855993 0.231252
vt 0.854618 0.261730
vt 0.845391 0.230192
vt 0.848741 0.206808
vt 0.797303 0.354152
vt 0.797438 0.334763
vt 0.842972 0.261383
vt 0.837688 0.329806
vt 0.836928 0.349638
vt 0.839898 0.299102
vt 0.820272 0.352291
vt 0.820644 0.332980
vt 0.796719 0.368715
vt 0.924110 0.425882
vt 0.896683 0.368831
vt 0.881918 0.378684
vt 0.907230 0.445085
vt 0.874901 0.357136
vt 0.865053 0.360362
vt 0.798179 0.300080
vt 0.822187 0.299371
vt 0.829098 0.202645
vt 0.826665 0.227702
vt 0.824571 0.260317
vt 0.800607 0.225540
vt 0.799435 0.259386
vt 0.801833 0.198951
vt 0.819879 0.366209
vt 0.892540 0.359774
vt 0.878372 0.368477
vt 0.887677 0.347839
vt 0.883302 0.337629
vt 0.892247 0.344245
vt 0.887179 0.335043
vt 0.893924 0.342103
vt 0.889456 0.333740
vt 0.881719 0.216894
vt 0.879425 0.236299
vt 0.889326 0.208606
vt 0.884406 0.205291
vt 0.885803 0.218848
vt 0.883246 0.237330
vt 0.887816 0.224099
vt 0.886082 0.237433
vt 0.891830 0.212081
vt 0.918769 0.115813
vt 0.915461 0.111361
vt 0.890086 0.187131
vt 0.894062 0.189327
vt 0.954105 0.175725
vt 0.971488 0.163001
vt 0.902873 0.197764
vt 0.903058 0.202149
vt 0.952432 0.213214
vt 0.950692 0.260342
vt 0.967130 0.258520
vt 0.969279 0.207613
vt 0.971299 0.166825
vt 0.948477 0.311900
vt 0.964705 0.313137
vt 0.948000 0.323246
vt 0.964187 0.324807
vt 0.907621 0.319348
vt 0.907303 0.308764
vt 0.899429 0.319030
vt 0.898789 0.308494
vt 0.878575 0.263769
vt 0.882300 0.264012
vt 0.885834 0.265547
vt 0.878555 0.296911
vt 0.879978 0.323714
vt 0.882252 0.296139
vt 0.885774 0.289702
vt 0.883638 0.321961
vt 0.886587 0.324073
vt 0.882843 0.307141
vt 0.886147 0.307421
vt 0.885631 0.317612
vt 0.946483 0.352537
vt 0.962651 0.359416
vt 0.896473 0.357116
vt 0.902069 0.349521
vt 0.901768 0.346814
vt 0.927033 0.421280
vt 0.900394 0.365893
vt 0.909111 0.353676
vt 0.908986 0.351450
vt 0.937085 0.366951
vt 0.946025 0.364642
vt 0.943799 0.367397
vt 0.945756 0.371735
vt 0.961932 0.380658
vt 0.961814 0.384128
vt 0.852226 0.191398
vt 0.831164 0.187253
vt 0.802698 0.184627
vt 0.804475 0.172626
vt 0.833966 0.175978
vt 0.811482 0.096212
vt 0.849051 0.098969
vt 0.852019 0.083501
vt 0.812920 0.079744
vt 0.855819 0.180269
vt 0.873362 0.199938
vt 0.879615 0.181498
vt 0.904595 0.104157
vt 0.860673 0.193933
vt 0.866827 0.197087
vt 0.863484 0.182844
vt 0.867713 0.182464
vt 0.878620 0.102893
vt 0.882945 0.088110
vt 0.898378 0.099125
vt 0.874336 0.179746
vt 0.870932 0.178661
vt 0.886411 0.105859
vt 0.892189 0.094191
vt 0.889440 0.108997
vt 0.896396 0.097545
vt 0.890497 0.116337
vt 0.797123 0.390581
vt 0.796861 0.386442
vt 0.801451 0.449795
vt 0.804411 0.489277
vt 0.852088 0.362005
vt 0.836601 0.362820
vt 0.871060 0.384720
vt 0.893407 0.460118
vt 0.868073 0.373435
vt 0.854011 0.376779
vt 0.856634 0.388162
vt 0.820850 0.383979
vt 0.821358 0.387813
vt 0.838650 0.379920
vt 0.831905 0.385152
vt 0.839711 0.385204
vt 0.844126 0.387813
vt 0.845382 0.391534
vt 0.834634 0.485289
vt 0.829233 0.445744
vt 0.867503 0.431976
vt 0.878372 0.475791
vt 0.851389 0.425889
vt 0.859524 0.483448
vt 0.851067 0.435637
vt 0.845178 0.441099
vt 0.865016 0.210470
vt 0.885800 0.218858
vt 0.883242 0.237339
vt 0.864032 0.232315
vt 0.862563 0.327143
vt 0.864030 0.346122
vt 0.851950 0.347572
vt 0.852046 0.327927
vt 0.858211 0.208673
vt 0.855989 0.231259
vt 0.845387 0.230198
vt 0.848739 0.206814
vt 0.797289 0.354154
vt 0.773898 0.355370
vt 0.773898 0.335675
vt 0.797425 0.334765
vt 0.854612 0.261737
vt 0.842965 0.261389
vt 0.836914 0.349643
vt 0.837676 0.329811
vt 0.852875 0.298446
vt 0.839888 0.299108
vt 0.820631 0.332984
vt 0.820258 0.352295
vt 0.796703 0.368717
vt 0.773897 0.370135
vt 0.773900 0.300999
vt 0.798169 0.300082
vt 0.822177 0.299375
vt 0.826661 0.227707
vt 0.829097 0.202650
vt 0.824565 0.260321
vt 0.800604 0.225542
vt 0.799429 0.259388
vt 0.773902 0.259318
vt 0.773903 0.225509
vt 0.801832 0.198953
vt 0.773904 0.197919
vt 0.819864 0.366213
vt 0.866826 0.197095
vt 0.889324 0.208616
vt 0.887394 0.223017
vt 0.885092 0.237407
vt 0.891282 0.211334
vt 0.852226 0.191405
vt 0.831164 0.187258
vt 0.802698 0.184629
vt 0.804331 0.173609
vt 0.773905 0.172537
vt 0.833727 0.176947
vt 0.811576 0.095217
vt 0.812929 0.079747
vt 0.852028 0.083508
vt 0.849248 0.097989
vt 0.773909 0.094471
vt 0.773909 0.078320
vt 0.855510 0.181235
vt 0.894062 0.189337
vt 0.874337 0.179755
vt 0.860672 0.193940
vt 0.863236 0.183828
vt 0.867650 0.183504
vt 0.882953 0.088119
vt 0.878911 0.101932
vt 0.871949 0.178993
vt 0.886857 0.104981
vt 0.892197 0.094201
vt 0.896403 0.097556
vt 0.889949 0.108179
vt 0.890911 0.115455
vt 0.898385 0.099136
vt 0.773896 0.390842
vt 0.773896 0.387765
vt 0.796844 0.386444
vt 0.797069 0.390024
vt 0.801472 0.450387
vt 0.804385 0.489280
vt 0.773892 0.491268
vt 0.773893 0.451547
vt 0.865038 0.360370
vt 0.852073 0.362012
vt 0.836586 0.362825
vt 0.820833 0.383983
vt 0.804476 0.172628
vt 0.833967 0.175983
vt 0.855820 0.180276
vt 0.863484 0.182852
vt 0.867713 0.182473
vt 0.870932 0.178669
vt 0.890502 0.116347
vt 0.889446 0.109007
vt 0.886418 0.105869
vt 0.878627 0.102902
vt 0.849058 0.098976
vt 0.811489 0.096216
vt 0.773909 0.095472
vt 0.882293 0.264021
vt 0.863550 0.262090
vt 0.862997 0.298051
vt 0.884782 0.265103
vt 0.886077 0.237443
vt 0.885827 0.265557
vt 0.887812 0.224109
vt 0.891827 0.212091
vt 0.887166 0.335053
vt 0.892234 0.344255
vt 0.888946 0.334035
vt 0.889443 0.333750
vt 0.893910 0.342113
vt 0.893490 0.342650
vt 0.883626 0.321970
vt 0.896458 0.357126
vt 0.868057 0.373443
vt 0.901754 0.346825
vt 0.901826 0.347472
vt 0.882243 0.296148
vt 0.902055 0.349532
vt 0.955005 0.175082
vt 0.903019 0.201274
vt 0.902872 0.197775
vt 0.971490 0.163018
vt 0.953744 0.212792
vt 0.969277 0.207630
vt 0.952430 0.213229
vt 0.954105 0.175741
vt 0.918775 0.115825
vt 0.903056 0.202160
vt 0.908972 0.351461
vt 0.909004 0.352037
vt 0.900379 0.365904
vt 0.871043 0.384728
vt 0.909097 0.353688
vt 0.946982 0.365636
vt 0.944266 0.368481
vt 0.943784 0.367412
vt 0.946009 0.364656
vt 0.936530 0.367613
vt 0.937069 0.366965
vt 0.913696 0.393599
vt 0.927013 0.421293
vt 0.893384 0.460128
vt 0.961914 0.380674
vt 0.961797 0.384144
vt 0.935447 0.368916
vt 0.946469 0.352552
vt 0.947745 0.353095
vt 0.962636 0.359432
vt 0.967124 0.258537
vt 0.952058 0.260206
vt 0.950685 0.260358
vt 0.886575 0.324082
vt 0.885960 0.323642
vt 0.949422 0.322173
vt 0.964175 0.324823
vt 0.907330 0.310047
vt 0.907562 0.317775
vt 0.899316 0.317365
vt 0.898856 0.309784
vt 0.949795 0.313304
vt 0.964694 0.313153
vt 0.948466 0.311915
vt 0.947987 0.323260
vt 0.907610 0.319359
vt 0.899417 0.319040
vt 0.907292 0.308775
vt 0.898778 0.308504
vt 0.885205 0.290734
vt 0.885764 0.289712
vt 0.885042 0.308749
vt 0.882832 0.307150
vt 0.885140 0.315822
vt 0.885619 0.317621
vt 0.886136 0.307431
vt 0.801428 0.449798
vt 0.773893 0.450957
vt 0.773896 0.391400
vt 0.797105 0.390583
vt 0.853995 0.376786
vt 0.821267 0.387263
vt 0.838633 0.379926
vt 0.832334 0.384811
vt 0.839521 0.384350
vt 0.839694 0.385209
vt 0.831888 0.385157
vt 0.844769 0.387081
vt 0.844108 0.387819
vt 0.846345 0.391246
vt 0.845364 0.391540
vt 0.834608 0.485294
vt 0.829291 0.446334
vt 0.856617 0.388169
vt 0.829211 0.445749
vt 0.845156 0.441105
vt 0.845345 0.441665
vt 0.821340 0.387817
vt 0.851369 0.425896
vt 0.852600 0.426361
vt 0.851045 0.435643
vt 0.852280 0.435368
vt 0.859499 0.483455
vt 0.867482 0.431984
vt 0.878347 0.475800
vt 0.682792 0.210462
vt 0.683774 0.232307
vt 0.664564 0.237330
vt 0.662007 0.218848
vt 0.685235 0.327135
vt 0.695752 0.327920
vt 0.695846 0.347565
vt 0.683766 0.346114
vt 0.689597 0.208666
vt 0.691817 0.231252
vt 0.702419 0.230192
vt 0.699069 0.206808
vt 0.750507 0.354152
vt 0.750372 0.334763
vt 0.704839 0.261383
vt 0.693191 0.261730
vt 0.710122 0.329805
vt 0.710882 0.349638
vt 0.694925 0.298439
vt 0.707912 0.299102
vt 0.727538 0.352291
vt 0.727166 0.332980
vt 0.751091 0.368715
vt 0.749631 0.300080
vt 0.725623 0.299371
vt 0.718712 0.202645
vt 0.721145 0.227702
vt 0.723239 0.260317
vt 0.747203 0.225540
vt 0.748375 0.259386
vt 0.745977 0.198951
vt 0.727931 0.366209
vt 0.658484 0.208606
vt 0.680983 0.197087
vt 0.660412 0.223008
vt 0.662713 0.237397
vt 0.656525 0.211324
vt 0.695584 0.191398
vt 0.716646 0.187253
vt 0.745112 0.184627
vt 0.743480 0.173607
vt 0.714083 0.176942
vt 0.736241 0.095213
vt 0.698569 0.097982
vt 0.695791 0.083501
vt 0.734890 0.079744
vt 0.692300 0.181228
vt 0.653748 0.189327
vt 0.673474 0.179746
vt 0.687137 0.193933
vt 0.684574 0.183820
vt 0.680159 0.183496
vt 0.668906 0.101923
vt 0.664865 0.088110
vt 0.675862 0.178985
vt 0.660959 0.104972
vt 0.655621 0.094191
vt 0.657867 0.108169
vt 0.651414 0.097545
vt 0.656905 0.115445
vt 0.649432 0.099125
vt 0.750723 0.390022
vt 0.750949 0.386442
vt 0.746315 0.450384
vt 0.743399 0.489277
vt 0.695722 0.362005
vt 0.682757 0.360362
vt 0.711209 0.362820
vt 0.726960 0.383979
vt 0.743335 0.172626
vt 0.713844 0.175978
vt 0.691991 0.180269
vt 0.684326 0.182844
vt 0.680097 0.182464
vt 0.676878 0.178661
vt 0.657313 0.116337
vt 0.658370 0.108997
vt 0.661399 0.105859
vt 0.669190 0.102893
vt 0.698759 0.098969
vt 0.736328 0.096212
vt 0.684253 0.262082
vt 0.665510 0.264012
vt 0.684803 0.298043
vt 0.663021 0.265093
vt 0.661976 0.265547
vt 0.661728 0.237433
vt 0.659994 0.224099
vt 0.655980 0.212081
vt 0.655562 0.344245
vt 0.660631 0.335043
vt 0.658851 0.334025
vt 0.654306 0.342640
vt 0.653886 0.342103
vt 0.658354 0.333740
vt 0.664172 0.321961
vt 0.651337 0.357116
vt 0.679737 0.373435
vt 0.645970 0.347461
vt 0.646042 0.346814
vt 0.665558 0.296139
vt 0.645741 0.349521
vt 0.592805 0.175067
vt 0.576322 0.163001
vt 0.644937 0.197764
vt 0.644789 0.201263
vt 0.594063 0.212777
vt 0.578531 0.207613
vt 0.593705 0.175725
vt 0.595378 0.213214
vt 0.629041 0.115813
vt 0.644752 0.202149
vt 0.638791 0.352026
vt 0.638824 0.351450
vt 0.647416 0.365893
vt 0.676750 0.384720
vt 0.638699 0.353676
vt 0.600812 0.365621
vt 0.601785 0.364642
vt 0.604011 0.367397
vt 0.603528 0.368467
vt 0.611264 0.367599
vt 0.610725 0.366951
vt 0.634096 0.393587
vt 0.654403 0.460118
vt 0.620777 0.421280
vt 0.585996 0.384128
vt 0.585878 0.380658
vt 0.612347 0.368902
vt 0.600050 0.353080
vt 0.601327 0.352537
vt 0.585159 0.359416
vt 0.580680 0.258520
vt 0.595746 0.260190
vt 0.597118 0.260342
vt 0.661223 0.324073
vt 0.661838 0.323633
vt 0.583623 0.324807
vt 0.598376 0.322158
vt 0.640469 0.310035
vt 0.648943 0.309774
vt 0.648483 0.317354
vt 0.640236 0.317764
vt 0.583104 0.313137
vt 0.598003 0.313289
vt 0.599333 0.311900
vt 0.599810 0.323246
vt 0.648381 0.319030
vt 0.640189 0.319348
vt 0.640507 0.308764
vt 0.649021 0.308494
vt 0.662596 0.290725
vt 0.662036 0.289702
vt 0.664967 0.307141
vt 0.662757 0.308739
vt 0.662659 0.315812
vt 0.662179 0.317612
vt 0.661663 0.307421
vt 0.746359 0.449795
vt 0.750687 0.390581
vt 0.693799 0.376779
vt 0.726525 0.387259
vt 0.709160 0.379920
vt 0.715458 0.384806
vt 0.715905 0.385152
vt 0.708098 0.385204
vt 0.708271 0.384344
vt 0.703023 0.387075
vt 0.703684 0.387813
vt 0.701447 0.391240
vt 0.702428 0.391534
vt 0.713176 0.485289
vt 0.718497 0.446330
vt 0.691176 0.388162
vt 0.718577 0.445744
vt 0.702442 0.441659
vt 0.702632 0.441099
vt 0.726452 0.387813
vt 0.696420 0.425889
vt 0.695189 0.426354
vt 0.695508 0.435362
vt 0.696743 0.435637
vt 0.688286 0.483448
vt 0.680307 0.431976
vt 0.669438 0.475791
vt 0.185275 0.170884
vt 0.182606 0.168994
vt 0.176416 0.171862
vt 0.178614 0.174639
vt 0.162088 0.172751
vt 0.155669 0.166999
vt 0.155175 0.176782
vt 0.146103 0.174158
vt 0.148051 0.178483
vt 0.169446 0.173777
vt 0.162767 0.167987
vt 0.174673 0.168819
vt 0.126945 0.176887
vt 0.133745 0.178765
vt 0.134052 0.176347
vt 0.140904 0.179431
vt 0.148901 0.162955
vt 0.143198 0.169016
vt 0.172935 0.163842
vt 0.164690 0.162971
vt 0.134828 0.170662
vt 0.136402 0.159665
vt 0.169800 0.153595
vt 0.255906 0.738172
vt 0.233238 0.737030
vt 0.233764 0.745399
vt 0.256835 0.746390
vt 0.282589 0.746918
vt 0.282590 0.738839
vt 0.202845 0.736129
vt 0.204816 0.742147
vt 0.198081 0.736433
vt 0.201176 0.746410
vt 0.236205 0.087673
vt 0.236086 0.094643
vt 0.282661 0.095224
vt 0.282662 0.088478
vt 0.234383 0.108541
vt 0.282659 0.108467
vt 0.232139 0.117248
vt 0.231563 0.124059
vt 0.282658 0.121066
vt 0.282659 0.116731
vt 0.282663 0.074947
vt 0.235810 0.075865
vt 0.151337 0.638343
vt 0.150605 0.614024
vt 0.134254 0.611539
vt 0.134886 0.633410
vt 0.173420 0.691438
vt 0.163143 0.687428
vt 0.165049 0.672452
vt 0.177635 0.676080
vt 0.179157 0.661055
vt 0.165831 0.658607
vt 0.222652 0.094347
vt 0.221266 0.108500
vt 0.222643 0.087296
vt 0.222086 0.076023
vt 0.080511 0.649914
vt 0.089956 0.639461
vt 0.085710 0.635989
vt 0.076300 0.645829
vt 0.093684 0.623315
vt 0.098374 0.625687
vt 0.082948 0.634662
vt 0.073718 0.644185
vt 0.090666 0.622432
vt 0.096716 0.590421
vt 0.095417 0.607316
vt 0.098565 0.607640
vt 0.099871 0.590122
vt 0.087419 0.557888
vt 0.094052 0.573056
vt 0.097091 0.572168
vt 0.090479 0.556327
vt 0.095045 0.553788
vt 0.083850 0.541357
vt 0.079937 0.545027
vt 0.068097 0.538013
vt 0.071826 0.533327
vt 0.104791 0.589844
vt 0.101948 0.570708
vt 0.103431 0.608709
vt 0.076603 0.547697
vt 0.064823 0.541834
vt 0.112002 0.269587
vt 0.108642 0.291901
vt 0.131699 0.297107
vt 0.132349 0.270996
vt 0.046635 0.199636
vt 0.052191 0.202646
vt 0.054415 0.197167
vt 0.048737 0.194165
vt 0.088629 0.305942
vt 0.095439 0.288696
vt 0.089809 0.286841
vt 0.083658 0.302672
vt 0.092663 0.269136
vt 0.098443 0.269502
vt 0.097457 0.250467
vt 0.091965 0.251506
vt 0.044893 0.200869
vt 0.050181 0.204561
vt 0.060645 0.210606
vt 0.063514 0.208298
vt 0.088836 0.268634
vt 0.086060 0.285828
vt 0.080145 0.301004
vt 0.087644 0.235440
vt 0.083905 0.236241
vt 0.088119 0.251545
vt 0.066557 0.327518
vt 0.077971 0.318862
vt 0.074355 0.314429
vt 0.063692 0.322269
vt 0.071319 0.312089
vt 0.061154 0.319402
vt 0.043638 0.325867
vt 0.046211 0.328578
vt 0.039975 0.533723
vt 0.042724 0.531734
vt 0.030032 0.349547
vt 0.031528 0.406088
vt 0.035016 0.406015
vt 0.033661 0.349645
vt 0.031641 0.332976
vt 0.034836 0.334372
vt 0.183426 0.073746
vt 0.221909 0.070227
vt 0.183031 0.067960
vt 0.033423 0.181532
vt 0.030356 0.186657
vt 0.235665 0.070082
vt 0.282664 0.069192
vt 0.282664 0.067545
vt 0.235664 0.068438
vt 0.221934 0.068581
vt 0.183410 0.066326
vt 0.029485 0.188149
vt 0.100085 0.314547
vt 0.069830 0.334415
vt 0.083067 0.328295
vt 0.071498 0.349919
vt 0.083556 0.349434
vt 0.116015 0.609859
vt 0.117278 0.589016
vt 0.152105 0.657440
vt 0.135862 0.652693
vt 0.166158 0.639365
vt 0.152464 0.671349
vt 0.152831 0.686747
vt 0.099930 0.349071
vt 0.089312 0.533724
vt 0.075671 0.527075
vt 0.106111 0.545285
vt 0.086740 0.478146
vt 0.075314 0.477056
vt 0.102779 0.478709
vt 0.105525 0.164782
vt 0.094081 0.165534
vt 0.109207 0.173029
vt 0.190746 0.736363
vt 0.184417 0.735375
vt 0.182440 0.744316
vt 0.188578 0.745579
vt 0.177536 0.755752
vt 0.175431 0.752821
vt 0.055528 0.700404
vt 0.055399 0.707889
vt 0.060068 0.708074
vt 0.059792 0.700514
vt 0.058392 0.715599
vt 0.053109 0.714864
vt 0.254077 0.789624
vt 0.282584 0.790120
vt 0.282585 0.785253
vt 0.254519 0.785025
vt 0.180624 0.788629
vt 0.198195 0.788892
vt 0.197924 0.784211
vt 0.178836 0.783948
vt 0.079526 0.715795
vt 0.079360 0.707159
vt 0.069873 0.708099
vt 0.069616 0.716513
vt 0.069448 0.699711
vt 0.079470 0.698759
vt 0.066106 0.716488
vt 0.067070 0.708253
vt 0.066472 0.699983
vt 0.089906 0.716845
vt 0.092679 0.706014
vt 0.177366 0.765057
vt 0.198220 0.775633
vt 0.178178 0.776830
vt 0.110299 0.632573
vt 0.110669 0.653605
vt 0.114164 0.567534
vt 0.060235 0.657124
vt 0.066383 0.660524
vt 0.057260 0.655746
vt 0.050482 0.663662
vt 0.053800 0.663955
vt 0.060380 0.666594
vt 0.055297 0.677453
vt 0.054042 0.670251
vt 0.050466 0.671053
vt 0.051641 0.678629
vt 0.068836 0.662356
vt 0.071398 0.667881
vt 0.088208 0.663969
vt 0.085370 0.657062
vt 0.061929 0.678066
vt 0.074765 0.676304
vt 0.065290 0.678070
vt 0.099177 0.658465
vt 0.096938 0.647658
vt 0.063131 0.668000
vt 0.063962 0.671942
vt 0.060219 0.671603
vt 0.282586 0.772420
vt 0.254597 0.771893
vt 0.254657 0.776954
vt 0.282585 0.777408
vt 0.198377 0.770258
vt 0.178263 0.773953
vt 0.170152 0.218962
vt 0.169513 0.205785
vt 0.150916 0.208270
vt 0.151356 0.221110
vt 0.151226 0.243416
vt 0.169822 0.241901
vt 0.150528 0.271344
vt 0.168411 0.271246
vt 0.233719 0.789110
vt 0.233933 0.784534
vt 0.282588 0.751035
vt 0.254608 0.750605
vt 0.234232 0.749932
vt 0.234060 0.771097
vt 0.234108 0.776295
vt 0.174772 0.184352
vt 0.166142 0.187030
vt 0.168622 0.198581
vt 0.219276 0.117224
vt 0.184014 0.107340
vt 0.183861 0.114342
vt 0.224788 0.127461
vt 0.157702 0.188547
vt 0.150326 0.201222
vt 0.149109 0.189871
vt 0.132690 0.226342
vt 0.132700 0.246135
vt 0.110209 0.247378
vt 0.132344 0.215405
vt 0.217418 0.147424
vt 0.227339 0.130487
vt 0.214465 0.146665
vt 0.216799 0.157891
vt 0.213760 0.160385
vt 0.223307 0.162816
vt 0.222652 0.166348
vt 0.253450 0.164512
vt 0.253127 0.167613
vt 0.070430 0.213288
vt 0.067387 0.215404
vt 0.076198 0.224073
vt 0.079599 0.222487
vt 0.092539 0.232966
vt 0.103575 0.225516
vt 0.083633 0.218469
vt 0.100982 0.404401
vt 0.084263 0.404811
vt 0.073421 0.405108
vt 0.172572 0.735343
vt 0.164037 0.736219
vt 0.168210 0.746859
vt 0.172051 0.741214
vt 0.095568 0.716508
vt 0.101681 0.706891
vt 0.097635 0.696725
vt 0.111927 0.702311
vt 0.106591 0.693600
vt 0.102163 0.673798
vt 0.092195 0.674983
vt 0.110604 0.715112
vt 0.106152 0.720226
vt 0.119210 0.721610
vt 0.116993 0.713293
vt 0.257916 0.698943
vt 0.254896 0.688421
vt 0.251153 0.689476
vt 0.251505 0.700802
vt 0.254546 0.667127
vt 0.252058 0.667548
vt 0.282598 0.668039
vt 0.282595 0.688579
vt 0.252237 0.724387
vt 0.282594 0.697933
vt 0.282591 0.725257
vt 0.282642 0.267774
vt 0.282646 0.233098
vt 0.249461 0.233797
vt 0.247793 0.268035
vt 0.282649 0.203277
vt 0.250807 0.204906
vt 0.251304 0.194055
vt 0.282650 0.192581
vt 0.282651 0.180744
vt 0.282652 0.173565
vt 0.252464 0.173806
vt 0.251924 0.181608
vt 0.282653 0.168838
vt 0.282653 0.166155
vt 0.231913 0.127410
vt 0.225383 0.148547
vt 0.254473 0.148953
vt 0.282658 0.124336
vt 0.282655 0.149347
vt 0.156216 0.180185
vt 0.148676 0.181814
vt 0.163678 0.177831
vt 0.171280 0.176762
vt 0.183140 0.181309
vt 0.190470 0.175331
vt 0.195875 0.168787
vt 0.190041 0.165468
vt 0.186585 0.163840
vt 0.191691 0.158361
vt 0.190205 0.151061
vt 0.187244 0.151676
vt 0.188748 0.157893
vt 0.125389 0.179682
vt 0.132992 0.181856
vt 0.140845 0.182469
vt 0.207161 0.145033
vt 0.194137 0.150280
vt 0.188320 0.143617
vt 0.182176 0.131194
vt 0.180209 0.138342
vt 0.196781 0.159349
vt 0.122826 0.184721
vt 0.131621 0.187609
vt 0.075587 0.164795
vt 0.077300 0.187276
vt 0.104012 0.189730
vt 0.115120 0.179618
vt 0.131941 0.196193
vt 0.140444 0.189185
vt 0.118696 0.175759
vt 0.184862 0.162848
vt 0.186518 0.151878
vt 0.183939 0.146068
vt 0.179520 0.159569
vt 0.180777 0.152083
vt 0.185563 0.145066
vt 0.122678 0.171603
vt 0.121193 0.173078
vt 0.123820 0.159593
vt 0.116800 0.161022
vt 0.127245 0.167094
vt 0.113576 0.169898
vt 0.116674 0.167999
vt 0.178320 0.142504
vt 0.175936 0.145579
vt 0.110418 0.162682
vt 0.179217 0.139852
vt 0.178660 0.141901
vt 0.114786 0.161560
vt 0.228767 0.649767
vt 0.202212 0.646947
vt 0.201892 0.666802
vt 0.229971 0.667654
vt 0.195917 0.666147
vt 0.196579 0.642299
vt 0.228932 0.632123
vt 0.202762 0.627088
vt 0.197212 0.624554
vt 0.253490 0.650915
vt 0.253602 0.633284
vt 0.188595 0.618985
vt 0.188174 0.641756
vt 0.179942 0.640708
vt 0.187968 0.664118
vt 0.282599 0.651627
vt 0.282601 0.633773
vt 0.166220 0.614560
vt 0.180526 0.609776
vt 0.182350 0.269758
vt 0.179139 0.302880
vt 0.189522 0.301191
vt 0.193161 0.268897
vt 0.177117 0.339577
vt 0.187816 0.333199
vt 0.246028 0.299415
vt 0.211823 0.268305
vt 0.208239 0.300144
vt 0.282638 0.298709
vt 0.205454 0.328081
vt 0.244777 0.320997
vt 0.282636 0.318264
vt 0.186451 0.192648
vt 0.186989 0.201011
vt 0.185284 0.239976
vt 0.197499 0.237105
vt 0.215207 0.234518
vt 0.206189 0.209093
vt 0.201531 0.210086
vt 0.217939 0.206588
vt 0.206410 0.174799
vt 0.186909 0.215762
vt 0.221303 0.174054
vt 0.220208 0.182499
vt 0.218948 0.195577
vt 0.203731 0.198660
vt 0.205931 0.187235
vt 0.209922 0.197406
vt 0.214527 0.184384
vt 0.184687 0.086740
vt 0.184725 0.093763
vt 0.052639 0.184237
vt 0.042549 0.171693
vt 0.068225 0.164715
vt 0.054599 0.165982
vt 0.057705 0.183884
vt 0.069802 0.185956
vt 0.048476 0.168010
vt 0.056902 0.190171
vt 0.068686 0.193902
vt 0.066386 0.202786
vt 0.073695 0.208070
vt 0.103400 0.206342
vt 0.087699 0.213994
vt 0.076133 0.205980
vt 0.076515 0.196934
vt 0.232796 0.722585
vt 0.201973 0.689891
vt 0.231634 0.689270
vt 0.232083 0.702136
vt 0.202169 0.704418
vt 0.202396 0.721243
vt 0.202071 0.697154
vt 0.038552 0.349664
vt 0.039918 0.405939
vt 0.049890 0.333844
vt 0.039955 0.337438
vt 0.062911 0.335936
vt 0.054675 0.350059
vt 0.055907 0.405693
vt 0.057416 0.475916
vt 0.033524 0.478874
vt 0.036924 0.478627
vt 0.060156 0.523365
vt 0.048325 0.528092
vt 0.038127 0.524604
vt 0.034914 0.525545
vt 0.042027 0.477631
vt 0.043544 0.521824
vt 0.149632 0.301036
vt 0.166472 0.303708
vt 0.149789 0.586424
vt 0.133274 0.587497
vt 0.165716 0.586355
vt 0.170837 0.586275
vt 0.130730 0.476911
vt 0.130313 0.403784
vt 0.131445 0.540064
vt 0.132120 0.562418
vt 0.140458 0.403588
vt 0.140898 0.476036
vt 0.169806 0.475016
vt 0.169548 0.403338
vt 0.164061 0.403272
vt 0.163717 0.474921
vt 0.169204 0.351262
vt 0.164246 0.352411
vt 0.165280 0.324297
vt 0.131233 0.319770
vt 0.130890 0.348720
vt 0.164308 0.532272
vt 0.169794 0.532377
vt 0.164901 0.556846
vt 0.169866 0.556951
vt 0.148944 0.557466
vt 0.152886 0.533550
vt 0.152312 0.475273
vt 0.149070 0.324354
vt 0.152715 0.351271
vt 0.140700 0.349908
vt 0.152252 0.403396
vt 0.142915 0.536075
vt 0.380030 0.170905
vt 0.386690 0.174662
vt 0.388889 0.171886
vt 0.382700 0.169016
vt 0.403217 0.172777
vt 0.410129 0.176811
vt 0.409637 0.167027
vt 0.417253 0.178513
vt 0.419201 0.174188
vt 0.402538 0.168014
vt 0.395858 0.173802
vt 0.390632 0.168843
vt 0.438359 0.176921
vt 0.431251 0.176380
vt 0.431558 0.178797
vt 0.424399 0.179462
vt 0.422108 0.169047
vt 0.416405 0.162985
vt 0.400617 0.162997
vt 0.392372 0.163866
vt 0.430477 0.170695
vt 0.428905 0.159697
vt 0.395508 0.153620
vt 0.309273 0.738178
vt 0.308342 0.746396
vt 0.331414 0.745410
vt 0.331941 0.737041
vt 0.360362 0.742164
vt 0.362335 0.736147
vt 0.364001 0.746428
vt 0.367099 0.736452
vt 0.329118 0.087683
vt 0.329236 0.094653
vt 0.330935 0.108552
vt 0.333177 0.117259
vt 0.333752 0.124070
vt 0.329516 0.075875
vt 0.413864 0.638372
vt 0.430316 0.633443
vt 0.430953 0.611572
vt 0.414602 0.614053
vt 0.402047 0.687454
vt 0.391770 0.691462
vt 0.400146 0.672478
vt 0.399366 0.658633
vt 0.386039 0.661078
vt 0.387558 0.676103
vt 0.344052 0.108514
vt 0.342670 0.094360
vt 0.342681 0.087309
vt 0.343240 0.076036
vt 0.484688 0.649959
vt 0.488900 0.645875
vt 0.479492 0.636033
vt 0.475245 0.639504
vt 0.471520 0.623357
vt 0.466830 0.625728
vt 0.491482 0.644231
vt 0.482254 0.634706
vt 0.474539 0.622474
vt 0.468496 0.590462
vt 0.465341 0.590162
vt 0.466643 0.607681
vt 0.469791 0.607357
vt 0.477800 0.557931
vt 0.474740 0.556369
vt 0.468125 0.572209
vt 0.471164 0.573098
vt 0.470175 0.553829
vt 0.485285 0.545072
vt 0.481373 0.541401
vt 0.497126 0.538060
vt 0.493399 0.533374
vt 0.460421 0.589883
vt 0.463268 0.570748
vt 0.461777 0.608749
vt 0.488618 0.547743
vt 0.500400 0.541882
vt 0.453281 0.269625
vt 0.432933 0.271029
vt 0.433578 0.297140
vt 0.456636 0.291939
vt 0.518663 0.199688
vt 0.516563 0.194217
vt 0.510884 0.197217
vt 0.513107 0.202697
vt 0.476646 0.305985
vt 0.481618 0.302716
vt 0.475470 0.286884
vt 0.469839 0.288737
vt 0.472620 0.269178
vt 0.466840 0.269543
vt 0.473322 0.251548
vt 0.467830 0.250508
vt 0.520405 0.200922
vt 0.515116 0.204612
vt 0.501782 0.208346
vt 0.504651 0.210655
vt 0.476447 0.268677
vt 0.479219 0.285872
vt 0.485131 0.301049
vt 0.477646 0.235483
vt 0.477168 0.251588
vt 0.481385 0.236285
vt 0.498713 0.327566
vt 0.501579 0.322317
vt 0.490918 0.314475
vt 0.487301 0.318907
vt 0.493954 0.312136
vt 0.504118 0.319451
vt 0.519059 0.328630
vt 0.521632 0.325920
vt 0.525249 0.533777
vt 0.522501 0.531787
vt 0.535234 0.349603
vt 0.531604 0.349700
vt 0.530236 0.406070
vt 0.533725 0.406144
vt 0.533628 0.333031
vt 0.530433 0.334427
vt 0.381900 0.073768
vt 0.382296 0.067982
vt 0.343418 0.070240
vt 0.534945 0.186713
vt 0.531879 0.181587
vt 0.329662 0.070092
vt 0.329664 0.068448
vt 0.343394 0.068594
vt 0.381918 0.066348
vt 0.535816 0.188205
vt 0.465188 0.314587
vt 0.495438 0.334462
vt 0.482203 0.328339
vt 0.493767 0.349966
vt 0.481709 0.349478
vt 0.447934 0.589053
vt 0.449192 0.609896
vt 0.413092 0.657469
vt 0.429336 0.652725
vt 0.399043 0.639391
vt 0.465335 0.349111
vt 0.489555 0.527121
vt 0.475912 0.533767
vt 0.459111 0.545324
vt 0.489923 0.477102
vt 0.478497 0.478189
vt 0.462458 0.478749
vt 0.459782 0.164821
vt 0.456097 0.173067
vt 0.471225 0.165576
vt 0.374434 0.736383
vt 0.376599 0.745600
vt 0.382738 0.744338
vt 0.380763 0.735397
vt 0.387639 0.755775
vt 0.389746 0.752845
vt 0.509660 0.700454
vt 0.505396 0.700563
vt 0.505118 0.708123
vt 0.509787 0.707939
vt 0.506792 0.715649
vt 0.512075 0.714915
vt 0.311091 0.789630
vt 0.310650 0.785031
vt 0.384545 0.788652
vt 0.386333 0.783971
vt 0.367245 0.784230
vt 0.366973 0.788911
vt 0.485658 0.715840
vt 0.495568 0.716560
vt 0.495313 0.708146
vt 0.485826 0.707204
vt 0.495740 0.699758
vt 0.485718 0.698804
vt 0.499078 0.716536
vt 0.498116 0.708301
vt 0.498716 0.700031
vt 0.475278 0.716888
vt 0.472507 0.706056
vt 0.387807 0.765080
vt 0.386993 0.776853
vt 0.366952 0.775652
vt 0.454904 0.632611
vt 0.454530 0.653643
vt 0.451053 0.567571
vt 0.504963 0.657173
vt 0.498813 0.660572
vt 0.507937 0.655796
vt 0.511396 0.664006
vt 0.514714 0.663713
vt 0.504815 0.666643
vt 0.509896 0.677503
vt 0.513551 0.678680
vt 0.514728 0.671104
vt 0.511152 0.670302
vt 0.496360 0.662403
vt 0.479827 0.657106
vt 0.476987 0.664012
vt 0.493797 0.667928
vt 0.503264 0.678115
vt 0.499902 0.678118
vt 0.490428 0.676350
vt 0.468261 0.647699
vt 0.466020 0.658506
vt 0.502064 0.668049
vt 0.501232 0.671990
vt 0.504975 0.671652
vt 0.310513 0.776960
vt 0.310575 0.771899
vt 0.366795 0.770277
vt 0.386909 0.773976
vt 0.395143 0.218987
vt 0.413937 0.221139
vt 0.414380 0.208299
vt 0.395784 0.205810
vt 0.395467 0.241926
vt 0.414063 0.243445
vt 0.414755 0.271373
vt 0.396871 0.271271
vt 0.331449 0.789121
vt 0.331236 0.784545
vt 0.310568 0.750611
vt 0.331112 0.771108
vt 0.330945 0.749943
vt 0.331063 0.776306
vt 0.390530 0.184376
vt 0.396676 0.198606
vt 0.399160 0.187056
vt 0.346040 0.117238
vt 0.381456 0.114364
vt 0.381306 0.107362
vt 0.340526 0.127474
vt 0.407599 0.188575
vt 0.414972 0.201251
vt 0.416192 0.189901
vt 0.432588 0.246168
vt 0.432603 0.226375
vt 0.455079 0.247416
vt 0.432952 0.215438
vt 0.347893 0.147438
vt 0.350845 0.146680
vt 0.337975 0.130499
vt 0.348509 0.157906
vt 0.351548 0.160400
vt 0.341999 0.162829
vt 0.342655 0.166361
vt 0.311856 0.164518
vt 0.312179 0.167619
vt 0.494865 0.213335
vt 0.485694 0.222532
vt 0.489095 0.224119
vt 0.497908 0.215452
vt 0.472752 0.233008
vt 0.461718 0.225556
vt 0.481661 0.218513
vt 0.464271 0.404441
vt 0.480990 0.404855
vt 0.491832 0.405154
vt 0.392608 0.735367
vt 0.393127 0.741238
vt 0.396967 0.746884
vt 0.401143 0.736245
vt 0.463505 0.706931
vt 0.469616 0.716549
vt 0.467553 0.696766
vt 0.458598 0.693639
vt 0.453260 0.702349
vt 0.472998 0.675025
vt 0.463030 0.673838
vt 0.452788 0.672830
vt 0.454580 0.715150
vt 0.448192 0.713330
vt 0.445973 0.721646
vt 0.459031 0.720265
vt 0.450035 0.692318
vt 0.307272 0.698948
vt 0.313683 0.700809
vt 0.314037 0.689483
vt 0.310294 0.688427
vt 0.313137 0.667555
vt 0.310649 0.667133
vt 0.385034 0.696610
vt 0.377228 0.664139
vt 0.378829 0.681383
vt 0.312945 0.724394
vt 0.317490 0.268043
vt 0.315830 0.233804
vt 0.314491 0.204913
vt 0.313996 0.194062
vt 0.313379 0.181614
vt 0.312840 0.173812
vt 0.333401 0.127421
vt 0.310837 0.148960
vt 0.339927 0.148560
vt 0.409087 0.180213
vt 0.416626 0.181844
vt 0.401625 0.177858
vt 0.394024 0.176786
vt 0.382163 0.181331
vt 0.374834 0.175351
vt 0.375265 0.165488
vt 0.369431 0.168806
vt 0.378722 0.163862
vt 0.373617 0.158381
vt 0.376560 0.157914
vt 0.378066 0.151697
vt 0.375104 0.151081
vt 0.439914 0.179717
vt 0.432310 0.181889
vt 0.424457 0.182500
vt 0.358149 0.145050
vt 0.371173 0.150300
vt 0.376991 0.143637
vt 0.383137 0.131216
vt 0.385103 0.138365
vt 0.368526 0.159368
vt 0.433680 0.187642
vt 0.442476 0.184756
vt 0.461288 0.189770
vt 0.488001 0.187321
vt 0.489719 0.164841
vt 0.450183 0.179655
vt 0.433359 0.196226
vt 0.424857 0.189216
vt 0.446608 0.175796
vt 0.380444 0.162870
vt 0.378791 0.151899
vt 0.381372 0.146090
vt 0.385788 0.159592
vt 0.384532 0.152106
vt 0.379748 0.145088
vt 0.444111 0.173114
vt 0.442626 0.171638
vt 0.441487 0.159628
vt 0.438061 0.167128
vt 0.448507 0.161059
vt 0.451729 0.169935
vt 0.448631 0.168035
vt 0.389374 0.145603
vt 0.386991 0.142527
vt 0.454889 0.162720
vt 0.386651 0.141924
vt 0.386094 0.139875
vt 0.450521 0.161597
vt 0.336432 0.649779
vt 0.335224 0.667666
vt 0.363304 0.666820
vt 0.362987 0.646965
vt 0.369279 0.666166
vt 0.368621 0.642318
vt 0.336271 0.632134
vt 0.362442 0.627106
vt 0.367993 0.624573
vt 0.311708 0.650921
vt 0.311601 0.633290
vt 0.377026 0.641777
vt 0.376611 0.619005
vt 0.385259 0.640731
vt 0.398986 0.614586
vt 0.384681 0.609799
vt 0.382933 0.269780
vt 0.372122 0.268917
vt 0.375754 0.301212
vt 0.386136 0.302903
vt 0.377453 0.333220
vt 0.388151 0.339600
vt 0.319249 0.299423
vt 0.357038 0.300160
vt 0.353460 0.268321
vt 0.359816 0.328098
vt 0.320495 0.321005
vt 0.378850 0.192669
vt 0.378310 0.201032
vt 0.380005 0.239998
vt 0.367791 0.237124
vt 0.350084 0.234533
vt 0.363765 0.210104
vt 0.359108 0.209110
vt 0.347359 0.206602
vt 0.358894 0.174816
vt 0.378386 0.215783
vt 0.344001 0.174068
vt 0.345094 0.182513
vt 0.346351 0.195591
vt 0.359371 0.187252
vt 0.361568 0.198678
vt 0.355378 0.197422
vt 0.350775 0.184399
vt 0.380637 0.086762
vt 0.380597 0.093785
vt 0.522755 0.171746
vt 0.512663 0.184288
vt 0.497081 0.164762
vt 0.495499 0.186003
vt 0.507597 0.183934
vt 0.510707 0.166032
vt 0.516829 0.168062
vt 0.508398 0.190221
vt 0.496614 0.193949
vt 0.498912 0.202834
vt 0.491601 0.208116
vt 0.461897 0.206382
vt 0.477596 0.214037
vt 0.489164 0.206026
vt 0.488784 0.196980
vt 0.332387 0.722596
vt 0.333557 0.689281
vt 0.363218 0.689909
vt 0.362787 0.721261
vt 0.363018 0.704435
vt 0.333105 0.702147
vt 0.368367 0.720777
vt 0.363118 0.697172
vt 0.526714 0.349718
vt 0.525335 0.405993
vt 0.515379 0.333896
vt 0.502357 0.335985
vt 0.525313 0.337492
vt 0.510591 0.350109
vt 0.507822 0.475966
vt 0.509346 0.405743
vt 0.528313 0.478681
vt 0.531712 0.478929
vt 0.516900 0.528144
vt 0.505071 0.523414
vt 0.530312 0.525600
vt 0.527099 0.524658
vt 0.523210 0.477684
vt 0.521683 0.521877
vt 0.415644 0.301065
vt 0.398804 0.303734
vt 0.431939 0.587530
vt 0.415424 0.586453
vt 0.399497 0.586381
vt 0.394376 0.586300
vt 0.434507 0.476945
vt 0.434940 0.403818
vt 0.433778 0.540097
vt 0.433098 0.562451
vt 0.424795 0.403620
vt 0.424340 0.476068
vt 0.395432 0.475041
vt 0.401520 0.474947
vt 0.401192 0.403298
vt 0.395706 0.403363
vt 0.401018 0.352437
vt 0.396061 0.351287
vt 0.399991 0.324323
vt 0.434039 0.319803
vt 0.434376 0.348754
vt 0.400918 0.532298
vt 0.395431 0.532402
vt 0.400319 0.556872
vt 0.395354 0.556975
vt 0.416276 0.557496
vt 0.412338 0.533579
vt 0.412926 0.475302
vt 0.416201 0.324384
vt 0.412550 0.351300
vt 0.424565 0.349939
vt 0.413002 0.403425
vt 0.422309 0.536106
vt 0.451992 0.874378
vt 0.449989 0.863693
vt 0.439433 0.860979
vt 0.439466 0.874750
vt 0.426960 0.874418
vt 0.428905 0.863753
vt 0.419793 0.875928
vt 0.417497 0.870134
vt 0.439391 0.906920
vt 0.453393 0.905580
vt 0.447826 0.897490
vt 0.439440 0.896238
vt 0.425459 0.905378
vt 0.431072 0.897429
vt 0.452172 0.879755
vt 0.439466 0.880107
vt 0.426802 0.879775
vt 0.421777 0.878718
vt 0.426121 0.890147
vt 0.416060 0.901689
vt 0.452861 0.890175
vt 0.439458 0.888142
vt 0.416642 0.880731
vt 0.439114 0.937017
vt 0.422734 0.936518
vt 0.442956 0.966542
vt 0.438715 0.968219
vt 0.445254 0.974703
vt 0.449695 0.971282
vt 0.412442 0.904003
vt 0.411394 0.936863
vt 0.415238 0.936750
vt 0.421947 0.964134
vt 0.429220 0.962195
vt 0.415776 0.877521
vt 0.413022 0.870737
vt 0.434652 0.966503
vt 0.427796 0.971088
vt 0.431992 0.974520
vt 0.404409 0.906874
vt 0.466906 0.937569
vt 0.474564 0.907483
vt 0.466526 0.904425
vt 0.461475 0.870030
vt 0.459203 0.875865
vt 0.462923 0.902018
vt 0.463049 0.937345
vt 0.457216 0.878680
vt 0.455529 0.936906
vt 0.462389 0.880693
vt 0.463252 0.877451
vt 0.465979 0.870607
vt 0.448372 0.962454
vt 0.455600 0.964584
vt 0.527844 0.559947
vt 0.519797 0.565331
vt 0.522750 0.567830
vt 0.528581 0.563057
vt 0.517596 0.583786
vt 0.511600 0.581781
vt 0.555857 0.581474
vt 0.547301 0.565063
vt 0.544382 0.567630
vt 0.549807 0.583531
vt 0.548077 0.619137
vt 0.543005 0.619199
vt 0.544458 0.627410
vt 0.551777 0.623571
vt 0.519720 0.619274
vt 0.516073 0.623743
vt 0.523505 0.627523
vt 0.524881 0.619273
vt 0.511623 0.614992
vt 0.519012 0.613913
vt 0.526272 0.613157
vt 0.548739 0.613755
vt 0.541544 0.613087
vt 0.556154 0.614764
vt 0.541948 0.584566
vt 0.525498 0.584657
vt 0.538448 0.562964
vt 0.539120 0.559834
vt 0.539009 0.570311
vt 0.528227 0.570386
vt 0.537535 0.043927
vt 0.536110 0.053576
vt 0.548405 0.056038
vt 0.549435 0.048646
vt 0.470657 0.053641
vt 0.469206 0.043987
vt 0.457323 0.048749
vt 0.458373 0.056141
vt 0.503373 0.052129
vt 0.503368 0.042699
vt 0.543039 0.033975
vt 0.545877 0.022942
vt 0.503343 0.022942
vt 0.503365 0.034470
vt 0.463682 0.034032
vt 0.460808 0.022942
vt 0.443661 0.042820
vt 0.449993 0.043475
vt 0.556777 0.043346
vt 0.563102 0.042673
vt 0.449397 0.053177
vt 0.557369 0.053060
vt 0.809500 0.537761
vt 0.809260 0.524335
vt 0.762555 0.524214
vt 0.762423 0.537632
vt 0.844885 0.538264
vt 0.844904 0.524583
vt 0.849461 0.538377
vt 0.848425 0.524645
vt 0.853077 0.538697
vt 0.850787 0.524688
vt 0.859801 0.538903
vt 0.856838 0.526222
vt 0.873020 0.540579
vt 0.868425 0.525846
vt 0.879314 0.537200
vt 0.875050 0.523061
vt 0.897784 0.523551
vt 0.892362 0.513542
vt 0.880670 0.520698
vt 0.884652 0.534334
vt 0.917727 0.507564
vt 0.915624 0.500413
vt 0.907327 0.535219
vt 0.916124 0.542419
vt 0.933808 0.522668
vt 0.927234 0.519186
vt 0.894121 0.546347
vt 0.907229 0.551963
vt 0.885852 0.557513
vt 0.901919 0.562529
vt 0.904792 0.556812
vt 0.890326 0.551472
vt 0.858558 0.558599
vt 0.853278 0.570225
vt 0.863645 0.572145
vt 0.872520 0.559949
vt 0.851994 0.557653
vt 0.847731 0.571107
vt 0.848623 0.557471
vt 0.846135 0.570980
vt 0.844360 0.557143
vt 0.843430 0.570765
vt 0.809320 0.555607
vt 0.808811 0.569024
vt 0.763473 0.569515
vt 0.762355 0.556063
vt 0.924698 0.511718
vt 0.929839 0.507531
vt 0.923660 0.502881
vt 0.902512 0.529607
vt 0.888081 0.541598
vt 0.874774 0.551063
vt 0.881974 0.545942
vt 0.859943 0.549029
vt 0.852919 0.548341
vt 0.848596 0.548026
vt 0.843016 0.547767
vt 0.808993 0.546794
vt 0.762332 0.546935
vt 0.933049 0.514403
vt 0.762132 0.556060
vt 0.715683 0.545878
vt 0.715185 0.554683
vt 0.636658 0.539172
vt 0.622320 0.526951
vt 0.617410 0.532638
vt 0.630600 0.543870
vt 0.643229 0.543993
vt 0.634676 0.549475
vt 0.681648 0.546184
vt 0.680125 0.555531
vt 0.676066 0.546333
vt 0.671741 0.546562
vt 0.672487 0.555890
vt 0.675857 0.555776
vt 0.600396 0.508797
vt 0.597770 0.516158
vt 0.664708 0.547115
vt 0.649853 0.548853
vt 0.651921 0.557780
vt 0.665906 0.556709
vt 0.715352 0.536836
vt 0.715854 0.523417
vt 0.679963 0.536644
vt 0.680210 0.522965
vt 0.675386 0.536668
vt 0.676682 0.522959
vt 0.671763 0.536919
vt 0.674314 0.522955
vt 0.665035 0.537001
vt 0.668229 0.524381
vt 0.651775 0.538435
vt 0.656653 0.523809
vt 0.640218 0.531991
vt 0.645973 0.535200
vt 0.650577 0.521129
vt 0.644550 0.518471
vt 0.627258 0.520910
vt 0.633240 0.511100
vt 0.607351 0.504755
vt 0.609877 0.497726
vt 0.595294 0.504528
vt 0.592009 0.511344
vt 0.591305 0.519858
vt 0.608726 0.540129
vt 0.617514 0.549498
vt 0.620116 0.554759
vt 0.660552 0.570151
vt 0.670954 0.568436
vt 0.676480 0.569427
vt 0.678077 0.569331
vt 0.680786 0.569170
vt 0.715430 0.568106
vt 0.760749 0.569488
vt 0.601524 0.499976
vt 0.638784 0.555126
vt 0.622739 0.560062
vt 0.288948 0.932310
vt 0.297833 0.928030
vt 0.294237 0.920233
vt 0.285656 0.924172
vt 0.307254 0.883269
vt 0.309451 0.892461
vt 0.318178 0.889520
vt 0.315195 0.880433
vt 0.301387 0.933659
vt 0.293192 0.939367
vt 0.297828 0.945460
vt 0.305784 0.939022
vt 0.307280 0.936641
vt 0.303198 0.931806
vt 0.309605 0.895098
vt 0.316185 0.891206
vt 0.299289 0.926285
vt 0.296465 0.918948
vt 0.313868 0.899021
vt 0.317745 0.894406
vt 0.304830 0.906836
vt 0.302405 0.912245
vt 0.363197 0.922534
vt 0.362991 0.919097
vt 0.309170 0.902865
vt 0.364319 0.915975
vt 0.366740 0.913597
vt 0.369071 0.910656
vt 0.308290 0.929544
vt 0.310947 0.933763
vt 0.365337 0.936638
vt 0.365604 0.933002
vt 0.305052 0.924997
vt 0.365172 0.929196
vt 0.302993 0.918579
vt 0.364204 0.925666
vt 0.281054 0.914132
vt 0.289860 0.910704
vt 0.285581 0.903447
vt 0.277407 0.903048
vt 0.295646 0.911510
vt 0.288322 0.903634
vt 0.285929 0.888181
vt 0.290786 0.894811
vt 0.299203 0.894783
vt 0.296924 0.885494
vt 0.303255 0.899368
vt 0.297842 0.904412
vt 0.279243 0.894123
vt 0.286526 0.898137
vt 0.292487 0.896899
vt 0.289308 0.899684
vt 0.063149 0.910719
vt 0.061921 0.908507
vt 0.058829 0.911557
vt 0.059522 0.907348
vt 0.056572 0.907614
vt 0.054440 0.912748
vt 0.056245 0.915037
vt 0.062868 0.913223
vt 0.058715 0.915899
vt 0.108586 0.940414
vt 0.117837 0.939669
vt 0.111214 0.917364
vt 0.100118 0.937549
vt 0.074336 0.935384
vt 0.066360 0.938398
vt 0.067185 0.941239
vt 0.076398 0.938538
vt 0.061200 0.915182
vt 0.082580 0.931141
vt 0.080288 0.929322
vt 0.064169 0.919663
vt 0.067821 0.915305
vt 0.085274 0.922480
vt 0.088763 0.923744
vt 0.088270 0.914554
vt 0.086824 0.914302
vt 0.092813 0.931774
vt 0.090812 0.905491
vt 0.087093 0.905987
vt 0.086291 0.897087
vt 0.083686 0.898392
vt 0.068450 0.909723
vt 0.096552 0.898760
vt 0.104960 0.894948
vt 0.081771 0.888682
vt 0.079096 0.891332
vt 0.073223 0.884330
vt 0.071843 0.886932
vt 0.065876 0.904808
vt 0.113829 0.894359
vt 0.122658 0.897380
vt 0.064675 0.879978
vt 0.064002 0.883686
vt 0.055468 0.881028
vt 0.055339 0.884218
vt 0.061134 0.902159
vt 0.133706 0.911393
vt 0.129424 0.903281
vt 0.046261 0.882078
vt 0.046665 0.885559
vt 0.028995 0.923394
vt 0.034491 0.930707
vt 0.036701 0.928414
vt 0.032030 0.921659
vt 0.056128 0.902347
vt 0.125728 0.935704
vt 0.131714 0.928868
vt 0.058074 0.940141
vt 0.049873 0.938184
vt 0.048979 0.940979
vt 0.057971 0.943940
vt 0.058801 0.921310
vt 0.134337 0.920364
vt 0.039987 0.938019
vt 0.042220 0.934888
vt 0.053645 0.919828
vt 0.050374 0.916122
vt 0.782408 0.582312
vt 0.760805 0.582312
vt 0.760809 0.595285
vt 0.781951 0.595234
vt 0.806753 0.582312
vt 0.808004 0.595171
vt 0.836490 0.595332
vt 0.835364 0.582312
vt 0.840943 0.595366
vt 0.839187 0.582310
vt 0.844446 0.595097
vt 0.841792 0.581557
vt 0.853268 0.596278
vt 0.850024 0.581807
vt 0.860752 0.580560
vt 0.865517 0.596497
vt 0.867227 0.578989
vt 0.872591 0.593148
vt 0.872221 0.577778
vt 0.878047 0.590566
vt 0.889459 0.582920
vt 0.883100 0.574050
vt 0.897414 0.578349
vt 0.891987 0.570281
vt 0.904301 0.604129
vt 0.910923 0.597225
vt 0.905138 0.589483
vt 0.898038 0.595297
vt 0.897374 0.612730
vt 0.886799 0.603564
vt 0.876896 0.614072
vt 0.892496 0.622296
vt 0.895250 0.616895
vt 0.882487 0.608139
vt 0.847164 0.628067
vt 0.856712 0.630435
vt 0.865198 0.616406
vt 0.852510 0.614503
vt 0.839594 0.627595
vt 0.843682 0.614565
vt 0.840439 0.613948
vt 0.837731 0.626741
vt 0.836233 0.613713
vt 0.834620 0.626579
vt 0.808019 0.613235
vt 0.806756 0.626107
vt 0.760936 0.613549
vt 0.761920 0.626321
vt 0.783000 0.626220
vt 0.782028 0.613408
vt 0.903160 0.582749
vt 0.909043 0.578374
vt 0.905023 0.573143
vt 0.894157 0.588994
vt 0.881195 0.598081
vt 0.866925 0.606995
vt 0.874982 0.601962
vt 0.852616 0.605561
vt 0.843632 0.604948
vt 0.839873 0.604753
vt 0.834839 0.604613
vt 0.807716 0.604314
vt 0.760817 0.604511
vt 0.781853 0.604423
vt 0.912435 0.583854
vt 0.739196 0.613402
vt 0.739415 0.604422
vt 0.713919 0.604315
vt 0.713633 0.613238
vt 0.640403 0.598452
vt 0.627357 0.589488
vt 0.623533 0.595827
vt 0.634847 0.603988
vt 0.647316 0.602684
vt 0.639667 0.609009
vt 0.686797 0.604653
vt 0.685429 0.613762
vt 0.681765 0.604811
vt 0.678010 0.605027
vt 0.678005 0.614648
vt 0.681235 0.614013
vt 0.618298 0.583328
vt 0.616381 0.590079
vt 0.669033 0.605696
vt 0.654743 0.607231
vt 0.656512 0.616617
vt 0.669184 0.614637
vt 0.714849 0.582312
vt 0.713611 0.595172
vt 0.739238 0.595233
vt 0.741037 0.582312
vt 0.686210 0.582312
vt 0.685120 0.595368
vt 0.682353 0.582355
vt 0.680659 0.595423
vt 0.679718 0.581619
vt 0.677145 0.595178
vt 0.671465 0.581924
vt 0.668323 0.596417
vt 0.660708 0.580756
vt 0.656072 0.596728
vt 0.649202 0.578070
vt 0.643486 0.590908
vt 0.649553 0.593714
vt 0.654749 0.579365
vt 0.638282 0.574443
vt 0.632003 0.583369
vt 0.629361 0.570756
vt 0.624005 0.578874
vt 0.612375 0.579005
vt 0.609034 0.584517
vt 0.617351 0.604717
vt 0.610668 0.597873
vt 0.624359 0.613254
vt 0.626753 0.617843
vt 0.674597 0.628174
vt 0.665067 0.630595
vt 0.682149 0.627661
vt 0.683988 0.626798
vt 0.687073 0.626625
vt 0.714914 0.626109
vt 0.740457 0.626224
vt 0.616349 0.573739
vt 0.644846 0.614404
vt 0.629326 0.622773
vt 0.570754 0.073491
vt 0.562668 0.065817
vt 0.559242 0.074850
vt 0.561912 0.077724
vt 0.460163 0.135430
vt 0.456661 0.144331
vt 0.562670 0.144336
vt 0.559169 0.135431
vt 0.456666 0.065815
vt 0.460102 0.074849
vt 0.457426 0.077719
vt 0.448585 0.073488
vt 0.457395 0.132226
vt 0.448396 0.136252
vt 0.561938 0.132230
vt 0.570933 0.136255
vt 0.201009 0.855111
vt 0.166407 0.857277
vt 0.168561 0.885431
vt 0.201297 0.882471
vt 0.178720 0.905177
vt 0.201355 0.910607
vt 0.169813 0.897813
vt 0.234389 0.886557
vt 0.235715 0.857066
vt 0.231502 0.897314
vt 0.222138 0.905194
vt 0.245872 0.889199
vt 0.241362 0.861034
vt 0.156859 0.889402
vt 0.160597 0.905747
vt 0.241977 0.905083
vt 0.160765 0.861240
vt 0.170377 0.916412
vt 0.196143 0.922495
vt 0.206874 0.922342
vt 0.230735 0.916333
vt 0.049278 0.846667
vt 0.047066 0.853841
vt 0.066276 0.835250
vt 0.060759 0.828146
vt 0.085073 0.831702
vt 0.081675 0.821843
vt 0.136298 0.843442
vt 0.135372 0.835753
vt 0.099052 0.832384
vt 0.100653 0.840179
vt 0.096848 0.822655
vt 0.134187 0.826057
vt 0.165496 0.838869
vt 0.164922 0.829008
vt 0.200766 0.839179
vt 0.166042 0.846970
vt 0.200766 0.846973
vt 0.200760 0.829537
vt 0.086775 0.848394
vt 0.086201 0.854817
vt 0.099283 0.854710
vt 0.100552 0.848492
vt 0.134015 0.857669
vt 0.135541 0.851621
vt 0.071193 0.850558
vt 0.071972 0.857259
vt 0.058203 0.853224
vt 0.059558 0.859820
vt 0.043833 0.843281
vt 0.040467 0.850830
vt 0.056734 0.823576
vt 0.078462 0.816018
vt 0.096214 0.816326
vt 0.080814 0.815401
vt 0.134008 0.819665
vt 0.164922 0.822565
vt 0.200754 0.823133
vt 0.086658 0.839880
vt 0.070316 0.843260
vt 0.051846 0.855454
vt 0.051697 0.861836
vt 0.045629 0.861316
vt 0.352259 0.846614
vt 0.340785 0.828087
vt 0.335264 0.835189
vt 0.354471 0.853786
vt 0.319868 0.821775
vt 0.316471 0.831635
vt 0.265240 0.843327
vt 0.300892 0.840097
vt 0.302485 0.832308
vt 0.266163 0.835640
vt 0.304691 0.822577
vt 0.267343 0.825944
vt 0.236600 0.828898
vt 0.236035 0.838755
vt 0.235496 0.846843
vt 0.314766 0.848323
vt 0.300989 0.848415
vt 0.302257 0.854634
vt 0.315336 0.854747
vt 0.267526 0.857551
vt 0.266004 0.851503
vt 0.329565 0.857195
vt 0.330348 0.850496
vt 0.341976 0.859762
vt 0.343331 0.853168
vt 0.361070 0.850773
vt 0.357708 0.843227
vt 0.344811 0.823520
vt 0.323084 0.815951
vt 0.320729 0.815331
vt 0.305328 0.816249
vt 0.267526 0.819555
vt 0.236595 0.822453
vt 0.314885 0.839808
vt 0.331224 0.843196
vt 0.349689 0.855402
vt 0.349838 0.861783
vt 0.355905 0.861262
vt 0.852279 0.654880
vt 0.852704 0.667677
vt 0.863599 0.665540
vt 0.858940 0.651046
vt 0.846254 0.646072
vt 0.847513 0.641824
vt 0.840711 0.641704
vt 0.841598 0.646103
vt 0.843901 0.664672
vt 0.843901 0.649840
vt 0.850640 0.647869
vt 0.853462 0.644205
vt 0.837613 0.647829
vt 0.834738 0.644185
vt 0.829326 0.651079
vt 0.836014 0.654871
vt 0.843901 0.691884
vt 0.847960 0.677502
vt 0.841083 0.677579
vt 0.855133 0.677089
vt 0.868520 0.675005
vt 0.833218 0.677143
vt 0.832780 0.690836
vt 0.843901 0.670481
vt 0.824742 0.665596
vt 0.835655 0.667693
vt 0.819840 0.675069
vt 0.855646 0.690729
vt 0.795102 0.647190
vt 0.796539 0.643004
vt 0.787662 0.642821
vt 0.789407 0.646875
vt 0.776918 0.651770
vt 0.783580 0.655604
vt 0.785218 0.648591
vt 0.782395 0.644928
vt 0.791958 0.650566
vt 0.806535 0.651803
vt 0.801121 0.644907
vt 0.798247 0.648550
vt 0.799846 0.655594
vt 0.772257 0.666264
vt 0.783155 0.668404
vt 0.791958 0.692613
vt 0.788555 0.678268
vt 0.780726 0.677816
vt 0.780212 0.691459
vt 0.767338 0.675734
vt 0.803078 0.691566
vt 0.802642 0.677870
vt 0.794986 0.678296
vt 0.791958 0.671256
vt 0.811119 0.666320
vt 0.800205 0.668419
vt 0.791958 0.665652
vt 0.816021 0.675795
vt 0.670497 0.640515
vt 0.669111 0.644667
vt 0.673022 0.646356
vt 0.675911 0.642771
vt 0.664130 0.644545
vt 0.661878 0.640779
vt 0.657354 0.642748
vt 0.660303 0.646310
vt 0.674797 0.653098
vt 0.681103 0.649730
vt 0.666402 0.648019
vt 0.652235 0.649762
vt 0.658569 0.653089
vt 0.655766 0.679744
vt 0.658072 0.670204
vt 0.647031 0.668476
vt 0.642394 0.678044
vt 0.677670 0.679685
vt 0.669758 0.680097
vt 0.666402 0.694447
vt 0.678176 0.693302
vt 0.655344 0.693422
vt 0.662746 0.680090
vt 0.666402 0.672873
vt 0.666402 0.666660
vt 0.691052 0.677982
vt 0.686400 0.668419
vt 0.675375 0.670185
vt 0.724880 0.642974
vt 0.727038 0.639162
vt 0.718426 0.638894
vt 0.720048 0.642945
vt 0.713000 0.641155
vt 0.715889 0.644740
vt 0.728615 0.644695
vt 0.731564 0.641132
vt 0.707805 0.648120
vt 0.714114 0.651487
vt 0.722512 0.646412
vt 0.736684 0.648152
vt 0.730350 0.651478
vt 0.722512 0.664721
vt 0.730847 0.668601
vt 0.741889 0.666872
vt 0.722512 0.671652
vt 0.722512 0.692853
vt 0.718517 0.678469
vt 0.711242 0.678087
vt 0.710737 0.691709
vt 0.713536 0.668581
vt 0.702511 0.666814
vt 0.697857 0.676381
vt 0.726254 0.678492
vt 0.733571 0.691830
vt 0.733152 0.678148
vt 0.746526 0.676442
vt 0.571695 0.824600
vt 0.571796 0.818476
vt 0.531948 0.816071
vt 0.531800 0.825112
vt 0.436237 0.816835
vt 0.436251 0.822896
vt 0.440293 0.822913
vt 0.440320 0.816792
vt 0.569603 0.835161
vt 0.569613 0.832000
vt 0.530992 0.832401
vt 0.530968 0.837112
vt 0.575755 0.824634
vt 0.575851 0.818574
vt 0.572224 0.814386
vt 0.532182 0.812089
vt 0.531920 0.829099
vt 0.571973 0.828741
vt 0.480830 0.824024
vt 0.480902 0.814987
vt 0.439919 0.827040
vt 0.480631 0.827999
vt 0.481356 0.836039
vt 0.481463 0.831325
vt 0.442198 0.830322
vt 0.442143 0.833476
vt 0.480766 0.810995
vt 0.440011 0.812688
vt 0.579431 0.823488
vt 0.579483 0.820340
vt 0.570159 0.810820
vt 0.531448 0.808414
vt 0.432587 0.818563
vt 0.432597 0.821706
vt 0.481571 0.807353
vt 0.442150 0.809162
vt 0.433810 0.759444
vt 0.434073 0.763002
vt 0.438206 0.763597
vt 0.438054 0.758857
vt 0.512543 0.770937
vt 0.516694 0.771507
vt 0.517082 0.769082
vt 0.513270 0.768575
vt 0.435901 0.773035
vt 0.437005 0.768525
vt 0.433374 0.768263
vt 0.431893 0.771757
vt 0.429990 0.758789
vt 0.429729 0.762305
vt 0.438007 0.753725
vt 0.432905 0.751487
vt 0.430956 0.755049
vt 0.434535 0.756370
vt 0.453994 0.759157
vt 0.453381 0.764629
vt 0.502779 0.770141
vt 0.503237 0.766891
vt 0.503548 0.763558
vt 0.504906 0.759349
vt 0.455613 0.747114
vt 0.454413 0.753628
vt 0.502470 0.777928
vt 0.502748 0.774560
vt 0.452989 0.771267
vt 0.452410 0.776725
vt 0.446817 0.763905
vt 0.446937 0.758655
vt 0.447143 0.746634
vt 0.437288 0.748156
vt 0.447254 0.753271
vt 0.446005 0.770238
vt 0.444995 0.775659
vt 0.510736 0.768153
vt 0.510300 0.771160
vt 0.513177 0.766120
vt 0.514733 0.762245
vt 0.512674 0.761303
vt 0.511138 0.765099
vt 0.513073 0.778023
vt 0.512384 0.775497
vt 0.510336 0.775162
vt 0.510246 0.778087
vt 0.434808 0.777664
vt 0.431810 0.775192
vt 0.443889 0.781378
vt 0.502299 0.781334
vt 0.451848 0.782263
vt 0.512240 0.780330
vt 0.510153 0.781138
vt 0.517336 0.766612
vt 0.939207 0.702220
vt 0.937045 0.700250
vt 0.931241 0.702085
vt 0.931237 0.704401
vt 0.925431 0.700249
vt 0.923259 0.702225
vt 0.923683 0.694701
vt 0.921345 0.694501
vt 0.925693 0.689175
vt 0.923715 0.687278
vt 0.931262 0.686600
vt 0.931270 0.683642
vt 0.936813 0.689195
vt 0.938796 0.687309
vt 0.938771 0.694719
vt 0.941079 0.694529
vt 0.934854 0.698292
vt 0.931222 0.694997
vt 0.931216 0.699569
vt 0.927578 0.698289
vt 0.926221 0.694891
vt 0.927691 0.691259
vt 0.931230 0.689686
vt 0.934762 0.691268
vt 0.936213 0.694902
vt 0.931396 0.619423
vt 0.936510 0.621191
vt 0.938287 0.619541
vt 0.931322 0.616508
vt 0.926289 0.621255
vt 0.924427 0.619640
vt 0.922308 0.685466
vt 0.918649 0.684760
vt 0.916770 0.693938
vt 0.919879 0.694349
vt 0.919082 0.705878
vt 0.921805 0.703516
vt 0.931149 0.708958
vt 0.931212 0.705841
vt 0.943260 0.705896
vt 0.940621 0.703512
vt 0.945574 0.693997
vt 0.942506 0.694388
vt 0.943801 0.684811
vt 0.940185 0.685499
vt 0.959253 0.619003
vt 0.969208 0.617550
vt 0.966965 0.605997
vt 0.959035 0.606047
vt 0.949045 0.617532
vt 0.950934 0.605969
vt 0.909823 0.693071
vt 0.911418 0.682485
vt 0.899518 0.682177
vt 0.898531 0.690427
vt 0.908679 0.703625
vt 0.896681 0.699060
vt 0.931017 0.716355
vt 0.920054 0.716488
vt 0.921576 0.729922
vt 0.930818 0.729233
vt 0.941984 0.716499
vt 0.940050 0.729930
vt 0.952480 0.693170
vt 0.953694 0.703715
vt 0.965777 0.699205
vt 0.963883 0.690578
vt 0.951045 0.682563
vt 0.963033 0.682312
vt 0.931437 0.678360
vt 0.931284 0.681648
vt 0.938595 0.678712
vt 0.942172 0.678070
vt 0.965875 0.623516
vt 0.959277 0.627656
vt 0.924011 0.678719
vt 0.952337 0.623516
vt 0.920362 0.678066
vt 0.931495 0.645669
vt 0.925176 0.645508
vt 0.922426 0.645237
vt 0.952752 0.653984
vt 0.959367 0.654176
vt 0.965747 0.653982
vt 0.937646 0.645495
vt 0.940325 0.645235
vt 0.931426 0.623232
vt 0.936785 0.624192
vt 0.926022 0.624282
vt 0.923846 0.624731
vt 0.959396 0.670880
vt 0.959390 0.668627
vt 0.953700 0.667943
vt 0.954752 0.669749
vt 0.963978 0.669890
vt 0.964990 0.668115
vt 0.938900 0.624605
vt 0.931478 0.634693
vt 0.936627 0.634986
vt 0.926236 0.634993
vt 0.924173 0.634365
vt 0.959381 0.664864
vt 0.953320 0.663328
vt 0.965293 0.663378
vt 0.938622 0.634353
vt 0.918045 0.624547
vt 0.918749 0.627889
vt 0.959408 0.677089
vt 0.964403 0.675791
vt 0.954378 0.675638
vt 0.918595 0.634110
vt 0.917275 0.644548
vt 0.915341 0.676081
vt 0.947256 0.676122
vt 0.945516 0.644572
vt 0.944214 0.634091
vt 0.944028 0.627740
vt 0.944749 0.624433
vt 0.760713 0.613540
vt 0.759739 0.626310
vt 0.322420 0.410844
vt 0.337436 0.408720
vt 0.331836 0.399526
vt 0.317046 0.403522
vt 0.324116 0.422198
vt 0.339271 0.423007
vt 0.325509 0.393258
vt 0.309379 0.398426
vt 0.320193 0.382285
vt 0.308477 0.384126
vt 0.304947 0.421368
vt 0.225687 0.410844
vt 0.231062 0.403522
vt 0.216272 0.399526
vt 0.210671 0.408720
vt 0.223992 0.422198
vt 0.208836 0.423007
vt 0.211685 0.437199
vt 0.226481 0.433950
vt 0.238729 0.398426
vt 0.222598 0.393258
vt 0.239631 0.384126
vt 0.227915 0.382285
vt 0.243160 0.421368
vt 0.278430 0.420455
vt 0.295027 0.381873
vt 0.281617 0.397662
vt 0.281579 0.379621
vt 0.269677 0.420455
vt 0.253080 0.381873
vt 0.266491 0.397662
vt 0.266529 0.379621
vt 0.412730 0.671378
vt 0.412360 0.686776
vt 0.428834 0.665864
vt 0.381559 0.725940
vt 0.375112 0.721386
vt 0.402224 0.732444
vt 0.394145 0.730620
vt 0.446564 0.700582
vt 0.427182 0.687996
vt 0.441972 0.713173
vt 0.439829 0.721230
vt 0.378832 0.705111
vt 0.370516 0.690655
vt 0.369490 0.705028
vt 0.369967 0.698345
vt 0.136362 0.665832
vt 0.112405 0.672792
vt 0.190071 0.721366
vt 0.183623 0.725918
vt 0.162957 0.732418
vt 0.171037 0.730595
vt 0.138009 0.687964
vt 0.115154 0.692281
vt 0.118623 0.700546
vt 0.123213 0.713138
vt 0.125354 0.721195
vt 0.180154 0.696587
vt 0.186354 0.705090
vt 0.186363 0.681362
vt 0.196816 0.720758
vt 0.194674 0.690636
vt 0.195697 0.705009
vt 0.195221 0.698326
s 1
usemtl Body_SG1
f 1/1/1 2/2/2 3/3/3
f 1/1/1 3/3/3 4/4/4
f 2/2/2 5/5/5 6/6/6
f 2/2/2 6/6/6 3/3/3
f 5/5/5 7/7/7 8/8/8
f 5/5/5 8/8/8 6/6/6
f 9/9/7 10/10/9 11/11/10
f 9/9/7 11/11/10 12/12/11
f 10/10/9 13/13/12 14/14/13
f 10/10/9 14/14/13 11/11/10
f 13/13/12 15/15/14 16/16/15
f 13/13/12 16/16/15 14/14/13
f 15/15/14 17/17/16 18/18/17
f 15/15/14 18/18/17 16/16/15
f 17/17/16 19/19/18 20/20/19
f 17/17/16 20/20/19 18/18/17
f 19/19/18 21/21/20 22/22/21
f 19/19/18 22/22/21 20/20/19
f 21/21/20 23/23/22 24/24/23
f 21/21/20 24/24/23 22/22/21
f 23/23/22 25/25/24 26/26/25
f 23/23/22 26/26/25 24/24/23
f 25/25/24 27/27/26 28/28/27
f 25/25/24 28/28/27 26/26/25
f 27/27/26 29/29/28 30/30/29
f 27/27/26 30/30/29 28/28/27
f 29/29/28 31/31/30 32/32/31
f 29/29/28 32/32/31 30/30/29
f 32/32/31 31/31/30 33/33/32
f 32/32/31 33/33/32 34/34/33
f 33/33/32 1/1/1 4/4/4
f 33/33/32 4/4/4 34/34/33
f 35/35/34 36/36/35 37/37/36
f 35/35/34 37/37/36 38/38/37
f 35/35/34 38/38/37 39/39/38
f 35/35/34 39/39/38 40/40/39
f 35/35/34 40/40/39 41/41/40
f 35/35/34 41/41/40 42/42/41
f 35/35/34 42/42/41 43/43/42
f 35/35/34 43/43/42 44/44/43
f 35/35/34 44/44/43 45/45/44
f 35/35/34 45/45/44 46/46/45
f 35/35/34 46/46/45 47/47/46
f 35/35/34 47/47/46 48/48/47
f 35/35/34 48/48/47 49/49/48
f 35/35/34 49/49/48 50/50/49
f 35/35/34 50/50/49 51/51/50
f 35/35/34 51/51/50 36/36/35
f 52/52/51 53/53/2 54/54/52
f 52/52/51 54/54/52 55/55/53
f 56/56/54 53/53/2 52/52/51
f 56/56/54 52/52/51 57/57/55
f 58/58/56 56/56/54 57/57/55
f 58/58/56 57/57/55 59/59/57
f 60/60/9 58/58/56 59/59/57
f 60/60/9 59/59/57 61/61/58
f 62/62/59 60/60/9 61/61/58
f 62/62/59 61/61/58 63/63/60
f 64/64/61 62/62/59 63/63/60
f 64/64/61 63/63/60 65/65/62
f 66/66/16 64/64/61 65/65/62
f 66/66/16 65/65/62 67/67/63
f 68/68/18 66/66/16 67/67/63
f 68/68/18 67/67/63 69/69/64
f 70/70/20 68/68/18 69/69/64
f 70/70/20 69/69/64 71/71/65
f 72/72/22 70/70/20 71/71/65
f 72/72/22 71/71/65 73/73/66
f 74/74/24 72/72/22 73/73/66
f 74/74/24 73/73/66 75/75/67
f 76/76/26 74/74/24 75/75/67
f 76/76/26 75/75/67 77/77/68
f 78/78/28 76/76/26 77/77/68
f 78/78/28 77/77/68 79/79/69
f 80/80/30 78/78/28 79/79/69
f 80/80/30 79/79/69 81/81/70
f 82/82/32 80/80/30 81/81/70
f 82/82/32 81/81/70 83/83/71
f 54/54/52 82/82/32 83/83/71
f 54/54/52 83/83/71 55/55/53
f 84/84/72 85/85/73 86/86/74
f 84/84/72 86/86/74 87/87/75
f 85/85/73 88/88/76 89/89/77
f 85/85/73 89/89/77 86/86/74
f 88/88/76 90/90/78 91/91/79
f 88/88/76 91/91/79 89/89/77
f 90/90/78 92/92/80 93/93/81
f 90/90/78 93/93/81 91/91/79
f 92/92/80 94/94/82 95/95/83
f 92/92/80 95/95/83 93/93/81
f 94/94/82 96/96/84 97/97/85
f 94/94/82 97/97/85 95/95/83
f 96/96/84 98/98/86 99/99/87
f 96/96/84 99/99/87 97/97/85
f 98/98/86 100/100/88 101/101/89
f 98/98/86 101/101/89 99/99/87
f 100/100/88 102/102/90 103/103/91
f 100/100/88 103/103/91 101/101/89
f 102/102/90 104/104/92 105/105/93
f 102/102/90 105/105/93 103/103/91
f 104/104/92 106/106/94 107/107/95
f 104/104/92 107/107/95 105/105/93
f 106/106/94 108/108/96 109/109/97
f 106/106/94 109/109/97 107/107/95
f 108/108/96 110/110/98 111/111/99
f 108/108/96 111/111/99 109/109/97
f 110/110/98 112/112/100 113/113/101
f 110/110/98 113/113/101 111/111/99
f 112/112/100 114/114/102 115/115/103
f 112/112/100 115/115/103 113/113/101
f 114/114/102 84/84/72 87/87/75
f 114/114/102 87/87/75 115/115/103
f 116/116/104 52/52/51 55/55/53
f 116/116/104 55/55/53 117/117/105
f 118/118/106 57/57/55 52/52/51
f 118/118/106 52/52/51 116/116/104
f 59/59/57 57/57/55 118/118/106
f 59/59/57 118/118/106 119/119/107
f 120/120/108 61/61/58 59/59/57
f 120/120/108 59/59/57 119/119/107
f 121/121/109 63/63/60 61/61/58
f 121/121/109 61/61/58 120/120/108
f 122/122/110 65/65/62 63/63/60
f 122/122/110 63/63/60 121/121/109
f 123/123/111 67/67/63 65/65/62
f 123/123/111 65/65/62 122/122/110
f 124/124/112 69/69/64 67/67/63
f 124/124/112 67/67/63 123/123/111
f 125/125/113 71/71/65 69/69/64
f 125/125/113 69/69/64 124/124/112
f 126/126/114 73/73/66 71/71/65
f 126/126/114 71/71/65 125/125/113
f 127/127/115 75/75/67 73/73/66
f 127/127/115 73/73/66 126/126/114
f 128/128/116 77/77/68 75/75/67
f 128/128/116 75/75/67 127/127/115
f 129/129/117 79/79/69 77/77/68
f 129/129/117 77/77/68 128/128/116
f 130/130/118 81/81/70 79/79/69
f 130/130/118 79/79/69 129/129/117
f 131/131/119 83/83/71 81/81/70
f 131/131/119 81/81/70 130/130/118
f 117/117/105 55/55/53 83/83/71
f 117/117/105 83/83/71 131/131/119
f 86/86/74 36/36/35 51/51/50
f 86/86/74 51/51/50 87/87/75
f 89/89/77 37/37/36 36/36/35
f 89/89/77 36/36/35 86/86/74
f 91/91/79 38/38/37 37/37/36
f 91/91/79 37/37/36 89/89/77
f 93/93/81 39/39/38 38/38/37
f 93/93/81 38/38/37 91/91/79
f 95/95/83 40/40/39 39/39/38
f 95/95/83 39/39/38 93/93/81
f 97/97/85 41/41/40 40/40/39
f 97/97/85 40/40/39 95/95/83
f 99/99/87 42/42/41 41/41/40
f 99/99/87 41/41/40 97/97/85
f 101/101/89 43/43/42 42/42/41
f 101/101/89 42/42/41 99/99/87
f 103/103/91 44/44/43 43/43/42
f 103/103/91 43/43/42 101/101/89
f 105/105/93 45/45/44 44/44/43
f 105/105/93 44/44/43 103/103/91
f 107/107/95 46/46/45 45/45/44
f 107/107/95 45/45/44 105/105/93
f 109/109/97 47/47/46 46/46/45
f 109/109/97 46/46/45 107/107/95
f 111/111/99 48/48/47 47/47/46
f 111/111/99 47/47/46 109/109/97
f 113/113/101 49/49/48 48/48/47
f 113/113/101 48/48/47 111/111/99
f 115/115/103 50/50/49 49/49/48
f 115/115/103 49/49/48 113/113/101
f 87/87/75 51/51/50 50/50/49
f 87/87/75 50/50/49 115/115/103
f 132/132/120 32/32/31 34/34/33
f 132/132/120 34/34/33 133/133/102
f 30/30/29 32/32/31 132/132/120
f 30/30/29 132/132/120 134/134/98
f 28/28/27 30/30/29 134/134/98
f 28/28/27 134/134/98 135/135/121
f 26/26/25 28/28/27 135/135/121
f 26/26/25 135/135/121 136/136/94
f 24/24/23 26/26/25 136/136/94
f 24/24/23 136/136/94 137/137/92
f 22/22/21 24/24/23 137/137/92
f 22/22/21 137/137/92 138/138/90
f 20/20/19 22/22/21 138/138/90
f 20/20/19 138/138/90 139/139/122
f 18/18/17 20/20/19 139/139/122
f 18/18/17 139/139/122 140/140/123
f 16/16/15 18/18/17 140/140/123
f 16/16/15 140/140/123 141/141/84
f 14/14/13 16/16/15 141/141/84
f 14/14/13 141/141/84 142/142/82
f 11/11/10 14/14/13 142/142/82
f 11/11/10 142/142/82 143/143/124
f 12/12/11 11/11/10 143/143/124
f 12/12/11 143/143/124 144/144/78
f 6/6/6 8/8/8 145/145/78
f 6/6/6 145/145/78 146/146/76
f 3/3/3 6/6/6 146/146/76
f 3/3/3 146/146/76 147/147/73
f 4/4/4 3/3/3 147/147/73
f 4/4/4 147/147/73 148/148/72
f 34/34/33 4/4/4 148/148/72
f 34/34/33 148/148/72 133/133/102
f 116/116/104 117/117/105 149/149/125
f 116/116/104 149/149/125 150/150/126
f 118/118/106 116/116/104 150/150/126
f 118/118/106 150/150/126 151/151/127
f 119/119/107 118/118/106 151/151/127
f 119/119/107 151/151/127 152/152/128
f 120/120/108 119/119/107 152/152/128
f 120/120/108 152/152/128 153/153/129
f 121/121/109 120/120/108 153/153/129
f 121/121/109 153/153/129 154/154/130
f 122/122/110 121/121/109 154/154/130
f 122/122/110 154/154/130 155/155/131
f 123/123/111 122/122/110 155/155/131
f 123/123/111 155/155/131 156/156/132
f 124/124/112 123/123/111 156/156/132
f 124/124/112 156/156/132 157/157/133
f 125/125/113 124/124/112 157/157/133
f 125/125/113 157/157/133 158/158/134
f 126/126/114 125/125/113 158/158/134
f 126/126/114 158/158/134 159/159/135
f 127/127/115 126/126/114 159/159/135
f 127/127/115 159/159/135 160/160/136
f 128/128/116 127/127/115 160/160/136
f 128/128/116 160/160/136 161/161/137
f 129/129/117 128/128/116 161/161/137
f 129/129/117 161/161/137 162/162/138
f 130/130/118 129/129/117 162/162/138
f 130/130/118 162/162/138 163/163/139
f 131/131/119 130/130/118 163/163/139
f 131/131/119 163/163/139 164/164/140
f 117/117/105 131/131/119 164/164/140
f 117/117/105 164/164/140 149/149/125
f 150/150/126 149/149/125 165/165/141
f 150/150/126 165/165/141 166/166/142
f 151/151/127 150/150/126 166/166/142
f 151/151/127 166/166/142 167/167/143
f 152/152/128 151/151/127 167/167/143
f 152/152/128 167/167/143 168/168/144
f 153/153/129 152/152/128 168/168/144
f 153/153/129 168/168/144 169/169/145
f 154/154/130 153/153/129 169/169/145
f 154/154/130 169/169/145 170/170/146
f 155/155/131 154/154/130 170/170/146
f 155/155/131 170/170/146 171/171/147
f 156/156/132 155/155/131 171/171/147
f 156/156/132 171/171/147 172/172/148
f 157/157/133 156/156/132 172/172/148
f 157/157/133 172/172/148 173/173/149
f 158/158/134 157/157/133 173/173/149
f 158/158/134 173/173/149 174/174/150
f 159/159/135 158/158/134 174/174/150
f 159/159/135 174/174/150 175/175/151
f 160/160/136 159/159/135 175/175/151
f 160/160/136 175/175/151 176/176/152
f 161/161/137 160/160/136 176/176/152
f 161/161/137 176/176/152 177/177/153
f 162/162/138 161/161/137 177/177/153
f 162/162/138 177/177/153 178/178/154
f 163/163/139 162/162/138 178/178/154
f 163/163/139 178/178/154 179/179/155
f 164/164/140 163/163/139 179/179/155
f 164/164/140 179/179/155 180/180/156
f 149/149/125 164/164/140 180/180/156
f 149/149/125 180/180/156 165/165/141
f 166/166/142 165/165/141 181/181/157
f 166/166/142 181/181/157 182/182/158
f 167/167/143 166/166/142 182/182/158
f 167/167/143 182/182/158 183/183/159
f 168/168/144 167/167/143 183/183/159
f 168/168/144 183/183/159 184/184/160
f 169/169/145 168/168/144 184/184/160
f 169/169/145 184/184/160 185/185/161
f 170/170/146 169/169/145 185/185/161
f 170/170/146 185/185/161 186/186/162
f 171/171/147 170/170/146 186/186/162
f 171/171/147 186/186/162 187/187/163
f 172/172/148 171/171/147 187/187/163
f 172/172/148 187/187/163 188/188/164
f 173/173/149 172/172/148 188/188/164
f 173/173/149 188/188/164 189/189/165
f 174/174/150 173/173/149 189/189/165
f 174/174/150 189/189/165 190/190/166
f 175/175/151 174/174/150 190/190/166
f 175/175/151 190/190/166 191/191/167
f 176/176/152 175/175/151 191/191/167
f 176/176/152 191/191/167 192/192/168
f 177/177/153 176/176/152 192/192/168
f 177/177/153 192/192/168 193/193/169
f 178/178/154 177/177/153 193/193/169
f 178/178/154 193/193/169 194/194/170
f 179/179/155 178/178/154 194/194/170
f 179/179/155 194/194/170 195/195/171
f 180/180/156 179/179/155 195/195/171
f 180/180/156 195/195/171 196/196/172
f 165/165/141 180/180/156 196/196/172
f 165/165/141 196/196/172 181/181/157
f 182/182/158 181/181/157 197/197/173
f 183/183/159 182/182/158 197/197/173
f 184/184/160 183/183/159 197/197/173
f 185/185/161 184/184/160 197/197/173
f 186/186/162 185/185/161 197/197/173
f 187/187/163 186/186/162 197/197/173
f 188/188/164 187/187/163 197/197/173
f 189/189/165 188/188/164 197/197/173
f 190/190/166 189/189/165 197/197/173
f 191/191/167 190/190/166 197/197/173
f 192/192/168 191/191/167 197/197/173
f 193/193/169 192/192/168 197/197/173
f 194/194/170 193/193/169 197/197/173
f 195/195/171 194/194/170 197/197/173
f 196/196/172 195/195/171 197/197/173
f 181/181/157 196/196/172 197/197/173
f 198/1/174 199/4/175 200/3/176
f 198/1/174 200/3/176 201/2/177
f 201/2/177 200/3/176 202/6/178
f 201/2/177 202/6/178 203/5/179
f 203/5/179 202/6/178 204/8/180
f 203/5/179 204/8/180 205/7/181
f 206/9/182 207/12/183 208/11/184
f 206/9/182 208/11/184 209/10/185
f 209/10/185 208/11/184 210/14/186
f 209/10/185 210/14/186 211/13/187
f 211/13/187 210/14/186 212/16/188
f 211/13/187 212/16/188 213/15/189
f 213/15/189 212/16/188 214/18/190
f 213/15/189 214/18/190 215/17/191
f 215/17/191 214/18/190 216/20/192
f 215/17/191 216/20/192 217/19/193
f 217/19/193 216/20/192 218/22/194
f 217/19/193 218/22/194 219/21/195
f 219/21/195 218/22/194 220/24/196
f 219/21/195 220/24/196 221/23/197
f 221/23/197 220/24/196 222/26/198
f 221/23/197 222/26/198 223/25/199
f 223/25/199 222/26/198 224/28/200
f 223/25/199 224/28/200 225/27/201
f 225/27/201 224/28/200 226/30/202
f 225/27/201 226/30/202 227/29/203
f 227/29/203 226/30/202 228/32/204
f 227/29/203 228/32/204 229/31/205
f 228/32/204 230/34/206 231/33/207
f 228/32/204 231/33/207 229/31/205
f 231/33/207 230/34/206 199/4/175
f 231/33/207 199/4/175 198/1/174
f 232/35/208 233/38/209 234/37/210
f 232/35/208 234/37/210 235/36/211
f 232/35/208 236/40/212 237/39/213
f 232/35/208 237/39/213 233/38/209
f 232/35/208 238/42/214 239/41/215
f 232/35/208 239/41/215 236/40/212
f 232/35/208 240/44/216 241/43/217
f 232/35/208 241/43/217 238/42/214
f 232/35/208 242/46/218 243/45/219
f 232/35/208 243/45/219 240/44/216
f 232/35/208 244/48/220 245/47/221
f 232/35/208 245/47/221 242/46/218
f 232/35/208 246/50/222 247/49/223
f 232/35/208 247/49/223 244/48/220
f 232/35/208 235/36/211 248/51/224
f 232/35/208 248/51/224 246/50/222
f 249/52/225 250/55/226 251/54/174
f 249/52/225 251/54/174 252/53/177
f 253/56/179 254/57/227 249/52/225
f 253/56/179 249/52/225 252/53/177
f 255/58/228 256/59/229 254/57/227
f 255/58/228 254/57/227 253/56/179
f 257/60/230 258/61/231 256/59/229
f 257/60/230 256/59/229 255/58/228
f 259/62/232 260/63/233 258/61/231
f 259/62/232 258/61/231 257/60/230
f 261/64/234 262/65/235 260/63/233
f 261/64/234 260/63/233 259/62/232
f 263/66/236 264/67/237 262/65/235
f 263/66/236 262/65/235 261/64/234
f 265/68/193 266/69/238 264/67/237
f 265/68/193 264/67/237 263/66/236
f 267/70/195 268/71/239 266/69/238
f 267/70/195 266/69/238 265/68/193
f 269/72/240 270/73/241 268/71/239
f 269/72/240 268/71/239 267/70/195
f 271/74/199 272/75/242 270/73/241
f 271/74/199 270/73/241 269/72/240
f 273/76/243 274/77/244 272/75/242
f 273/76/243 272/75/242 271/74/199
f 275/78/203 276/79/245 274/77/244
f 275/78/203 274/77/244 273/76/243
f 277/80/205 278/81/246 276/79/245
f 277/80/205 276/79/245 275/78/203
f 279/82/207 280/83/247 278/81/246
f 279/82/207 278/81/246 277/80/205
f 251/54/174 250/55/226 280/83/247
f 251/54/174 280/83/247 279/82/207
f 281/84/248 282/87/249 283/86/250
f 281/84/248 283/86/250 284/85/251
f 284/85/251 283/86/250 285/89/252
f 284/85/251 285/89/252 286/88/253
f 286/88/253 285/89/252 287/91/254
f 286/88/253 287/91/254 288/90/255
f 288/90/255 287/91/254 289/93/256
f 288/90/255 289/93/256 290/92/257
f 290/92/257 289/93/256 291/95/258
f 290/92/257 291/95/258 292/94/259
f 292/94/259 291/95/258 293/97/260
f 292/94/259 293/97/260 294/96/261
f 294/96/261 293/97/260 295/99/262
f 294/96/261 295/99/262 296/98/263
f 296/98/263 295/99/262 297/101/264
f 296/98/263 297/101/264 298/100/265
f 298/100/265 297/101/264 299/103/266
f 298/100/265 299/103/266 300/102/267
f 300/102/267 299/103/266 301/105/268
f 300/102/267 301/105/268 302/104/269
f 302/104/269 301/105/268 303/107/270
f 302/104/269 303/107/270 304/106/271
f 304/106/271 303/107/270 305/109/272
f 304/106/271 305/109/272 306/108/273
f 306/108/273 305/109/272 307/111/274
f 306/108/273 307/111/274 308/110/275
f 308/110/275 307/111/274 309/113/276
f 308/110/275 309/113/276 310/112/277
f 310/112/277 309/113/276 311/115/278
f 310/112/277 311/115/278 312/114/279
f 312/114/279 311/115/278 282/87/249
f 312/114/279 282/87/249 281/84/248
f 313/116/280 314/117/281 250/55/226
f 313/116/280 250/55/226 249/52/225
f 315/118/282 313/116/280 249/52/225
f 315/118/282 249/52/225 254/57/227
f 256/59/229 316/119/283 315/118/282
f 256/59/229 315/118/282 254/57/227
f 317/120/284 316/119/283 256/59/229
f 317/120/284 256/59/229 258/61/231
f 318/121/285 317/120/284 258/61/231
f 318/121/285 258/61/231 260/63/233
f 319/122/286 318/121/285 260/63/233
f 319/122/286 260/63/233 262/65/235
f 320/123/287 319/122/286 262/65/235
f 320/123/287 262/65/235 264/67/237
f 321/124/288 320/123/287 264/67/237
f 321/124/288 264/67/237 266/69/238
f 322/125/289 321/124/288 266/69/238
f 322/125/289 266/69/238 268/71/239
f 323/126/290 322/125/289 268/71/239
f 323/126/290 268/71/239 270/73/241
f 324/127/291 323/126/290 270/73/241
f 324/127/291 270/73/241 272/75/242
f 325/128/292 324/127/291 272/75/242
f 325/128/292 272/75/242 274/77/244
f 326/129/293 325/128/292 274/77/244
f 326/129/293 274/77/244 276/79/245
f 327/130/294 326/129/293 276/79/245
f 327/130/294 276/79/245 278/81/246
f 328/131/295 327/130/294 278/81/246
f 328/131/295 278/81/246 280/83/247
f 314/117/281 328/131/295 280/83/247
f 314/117/281 280/83/247 250/55/226
f 283/86/250 282/87/249 248/51/224
f 283/86/250 248/51/224 235/36/211
f 285/89/252 283/86/250 235/36/211
f 285/89/252 235/36/211 234/37/210
f 287/91/254 285/89/252 234/37/210
f 287/91/254 234/37/210 233/38/209
f 289/93/256 287/91/254 233/38/209
f 289/93/256 233/38/209 237/39/213
f 291/95/258 289/93/256 237/39/213
f 291/95/258 237/39/213 236/40/212
f 293/97/260 291/95/258 236/40/212
f 293/97/260 236/40/212 239/41/215
f 295/99/262 293/97/260 239/41/215
f 295/99/262 239/41/215 238/42/214
f 297/101/264 295/99/262 238/42/214
f 297/101/264 238/42/214 241/43/217
f 299/103/266 297/101/264 241/43/217
f 299/103/266 241/43/217 240/44/216
f 301/105/268 299/103/266 240/44/216
f 301/105/268 240/44/216 243/45/219
f 303/107/270 301/105/268 243/45/219
f 303/107/270 243/45/219 242/46/218
f 305/109/272 303/107/270 242/46/218
f 305/109/272 242/46/218 245/47/221
f 307/111/274 305/109/272 245/47/221
f 307/111/274 245/47/221 244/48/220
f 309/113/276 307/111/274 244/48/220
f 309/113/276 244/48/220 247/49/223
f 311/115/278 309/113/276 247/49/223
f 311/115/278 247/49/223 246/50/222
f 282/87/249 311/115/278 246/50/222
f 282/87/249 246/50/222 248/51/224
f 329/132/296 330/133/279 230/34/206
f 329/132/296 230/34/206 228/32/204
f 226/30/202 331/134/297 329/132/296
f 226/30/202 329/132/296 228/32/204
f 224/28/200 332/135/298 331/134/297
f 224/28/200 331/134/297 226/30/202
f 222/26/198 333/136/299 332/135/298
f 222/26/198 332/135/298 224/28/200
f 220/24/196 334/137/300 333/136/299
f 220/24/196 333/136/299 222/26/198
f 218/22/194 335/138/301 334/137/300
f 218/22/194 334/137/300 220/24/196
f 216/20/192 336/139/302 335/138/301
f 216/20/192 335/138/301 218/22/194
f 214/18/190 337/140/303 336/139/302
f 214/18/190 336/139/302 216/20/192
f 212/16/188 338/141/261 337/140/303
f 212/16/188 337/140/303 214/18/190
f 210/14/186 339/142/259 338/141/261
f 210/14/186 338/141/261 212/16/188
f 208/11/184 340/143/304 339/142/259
f 208/11/184 339/142/259 210/14/186
f 207/12/183 341/144/255 340/143/304
f 207/12/183 340/143/304 208/11/184
f 202/6/178 342/146/253 343/145/305
f 202/6/178 343/145/305 204/8/180
f 200/3/176 344/147/306 342/146/253
f 200/3/176 342/146/253 202/6/178
f 199/4/175 345/148/248 344/147/306
f 199/4/175 344/147/306 200/3/176
f 230/34/206 330/133/279 345/148/248
f 230/34/206 345/148/248 199/4/175
f 313/116/280 346/150/307 347/149/308
f 313/116/280 347/149/308 314/117/281
f 315/118/282 348/151/309 346/150/307
f 315/118/282 346/150/307 313/116/280
f 316/119/283 349/152/310 348/151/309
f 316/119/283 348/151/309 315/118/282
f 317/120/284 350/153/311 349/152/310
f 317/120/284 349/152/310 316/119/283
f 318/121/285 351/154/312 350/153/311
f 318/121/285 350/153/311 317/120/284
f 319/122/286 352/155/313 351/154/312
f 319/122/286 351/154/312 318/121/285
f 320/123/287 353/156/314 352/155/313
f 320/123/287 352/155/313 319/122/286
f 321/124/288 354/157/315 353/156/314
f 321/124/288 353/156/314 320/123/287
f 322/125/289 355/158/316 354/157/315
f 322/125/289 354/157/315 321/124/288
f 323/126/290 356/159/317 355/158/316
f 323/126/290 355/158/316 322/125/289
f 324/127/291 357/160/318 356/159/317
f 324/127/291 356/159/317 323/126/290
f 325/128/292 358/161/319 357/160/318
f 325/128/292 357/160/318 324/127/291
f 326/129/293 359/162/320 358/161/319
f 326/129/293 358/161/319 325/128/292
f 327/130/294 360/163/321 359/162/320
f 327/130/294 359/162/320 326/129/293
f 328/131/295 361/164/322 360/163/321
f 328/131/295 360/163/321 327/130/294
f 314/117/281 347/149/308 361/164/322
f 314/117/281 361/164/322 328/131/295
f 346/150/307 362/166/323 363/165/324
f 346/150/307 363/165/324 347/149/308
f 348/151/309 364/167/325 362/166/323
f 348/151/309 362/166/323 346/150/307
f 349/152/310 365/168/326 364/167/325
f 349/152/310 364/167/325 348/151/309
f 350/153/311 366/169/327 365/168/326
f 350/153/311 365/168/326 349/152/310
f 351/154/312 367/170/328 366/169/327
f 351/154/312 366/169/327 350/153/311
f 352/155/313 368/171/329 367/170/328
f 352/155/313 367/170/328 351/154/312
f 353/156/314 369/172/330 368/171/329
f 353/156/314 368/171/329 352/155/313
f 354/157/315 370/173/331 369/172/330
f 354/157/315 369/172/330 353/156/314
f 355/158/316 371/174/332 370/173/331
f 355/158/316 370/173/331 354/157/315
f 356/159/317 372/175/333 371/174/332
f 356/159/317 371/174/332 355/158/316
f 357/160/318 373/176/334 372/175/333
f 357/160/318 372/175/333 356/159/317
f 358/161/319 374/177/335 373/176/334
f 358/161/319 373/176/334 357/160/318
f 359/162/320 375/178/336 374/177/335
f 359/162/320 374/177/335 358/161/319
f 360/163/321 376/179/337 375/178/336
f 360/163/321 375/178/336 359/162/320
f 361/164/322 377/180/338 376/179/337
f 361/164/322 376/179/337 360/163/321
f 347/149/308 363/165/324 377/180/338
f 347/149/308 377/180/338 361/164/322
f 362/166/323 378/182/339 379/181/340
f 362/166/323 379/181/340 363/165/324
f 364/167/325 380/183/341 378/182/339
f 364/167/325 378/182/339 362/166/323
f 365/168/326 381/184/342 380/183/341
f 365/168/326 380/183/341 364/167/325
f 366/169/327 382/185/343 381/184/342
f 366/169/327 381/184/342 365/168/326
f 367/170/328 383/186/344 382/185/343
f 367/170/328 382/185/343 366/169/327
f 368/171/329 384/187/345 383/186/344
f 368/171/329 383/186/344 367/170/328
f 369/172/330 385/188/346 384/187/345
f 369/172/330 384/187/345 368/171/329
f 370/173/331 386/189/347 385/188/346
f 370/173/331 385/188/346 369/172/330
f 371/174/332 387/190/348 386/189/347
f 371/174/332 386/189/347 370/173/331
f 372/175/333 388/191/349 387/190/348
f 372/175/333 387/190/348 371/174/332
f 373/176/334 389/192/350 388/191/349
f 373/176/334 388/191/349 372/175/333
f 374/177/335 390/193/351 389/192/350
f 374/177/335 389/192/350 373/176/334
f 375/178/336 391/194/352 390/193/351
f 375/178/336 390/193/351 374/177/335
f 376/179/337 392/195/353 391/194/352
f 376/179/337 391/194/352 375/178/336
f 377/180/338 393/196/354 392/195/353
f 377/180/338 392/195/353 376/179/337
f 363/165/324 379/181/340 393/196/354
f 363/165/324 393/196/354 377/180/338
f 378/182/339 394/197/355 379/181/340
f 380/183/341 394/197/355 378/182/339
f 381/184/342 394/197/355 380/183/341
f 382/185/343 394/197/355 381/184/342
f 383/186/344 394/197/355 382/185/343
f 384/187/345 394/197/355 383/186/344
f 385/188/346 394/197/355 384/187/345
f 386/189/347 394/197/355 385/188/346
f 387/190/348 394/197/355 386/189/347
f 388/191/349 394/197/355 387/190/348
f 389/192/350 394/197/355 388/191/349
f 390/193/351 394/197/355 389/192/350
f 391/194/352 394/197/355 390/193/351
f 392/195/353 394/197/355 391/194/352
f 393/196/354 394/197/355 392/195/353
f 379/181/340 394/197/355 393/196/354
f 395/1/356 396/4/357 397/3/358
f 395/1/356 397/3/358 398/2/359
f 398/2/359 397/3/358 399/6/360
f 398/2/359 399/6/360 400/5/361
f 400/5/361 399/6/360 401/8/362
f 400/5/361 401/8/362 402/7/363
f 403/9/364 404/12/365 405/11/366
f 403/9/364 405/11/366 406/10/367
f 406/10/367 405/11/366 407/14/368
f 406/10/367 407/14/368 408/13/369
f 408/13/369 407/14/368 409/16/370
f 408/13/369 409/16/370 410/15/371
f 410/15/371 409/16/370 411/18/372
f 410/15/371 411/18/372 412/17/373
f 412/17/373 411/18/372 413/20/374
f 412/17/373 413/20/374 414/19/375
f 414/19/375 413/20/374 415/22/376
f 414/19/375 415/22/376 416/21/377
f 416/21/377 415/22/376 417/24/378
f 416/21/377 417/24/378 418/23/379
f 418/23/379 417/24/378 419/26/380
f 418/23/379 419/26/380 420/25/381
f 420/25/381 419/26/380 421/28/382
f 420/25/381 421/28/382 422/27/383
f 422/27/383 421/28/382 423/30/384
f 422/27/383 423/30/384 424/29/385
f 424/29/385 423/30/384 425/32/386
f 424/29/385 425/32/386 426/31/387
f 425/32/386 427/34/388 428/33/389
f 425/32/386 428/33/389 426/31/387
f 428/33/389 427/34/388 396/4/357
f 428/33/389 396/4/357 395/1/356
f 429/35/390 430/38/391 431/37/392
f 429/35/390 431/37/392 432/36/393
f 429/35/390 433/40/394 434/39/395
f 429/35/390 434/39/395 430/38/391
f 429/35/390 435/42/396 436/41/397
f 429/35/390 436/41/397 433/40/394
f 429/35/390 437/44/398 438/43/399
f 429/35/390 438/43/399 435/42/396
f 429/35/390 439/46/400 440/45/401
f 429/35/390 440/45/401 437/44/398
f 429/35/390 441/48/402 442/47/403
f 429/35/390 442/47/403 439/46/400
f 429/35/390 443/50/404 444/49/405
f 429/35/390 444/49/405 441/48/402
f 429/35/390 432/36/393 445/51/406
f 429/35/390 445/51/406 443/50/404
f 446/52/407 447/55/408 448/54/356
f 446/52/407 448/54/356 449/53/359
f 450/56/361 451/57/409 446/52/407
f 450/56/361 446/52/407 449/53/359
f 452/58/410 453/59/411 451/57/409
f 452/58/410 451/57/409 450/56/361
f 454/60/412 455/61/413 453/59/411
f 454/60/412 453/59/411 452/58/410
f 456/62/414 457/63/415 455/61/413
f 456/62/414 455/61/413 454/60/412
f 458/64/416 459/65/417 457/63/415
f 458/64/416 457/63/415 456/62/414
f 460/66/373 461/67/418 459/65/417
f 460/66/373 459/65/417 458/64/416
f 462/68/375 463/69/419 461/67/418
f 462/68/375 461/67/418 460/66/373
f 464/70/377 465/71/420 463/69/419
f 464/70/377 463/69/419 462/68/375
f 466/72/379 467/73/421 465/71/420
f 466/72/379 465/71/420 464/70/377
f 468/74/381 469/75/422 467/73/421
f 468/74/381 467/73/421 466/72/379
f 470/76/383 471/77/423 469/75/422
f 470/76/383 469/75/422 468/74/381
f 472/78/385 473/79/424 471/77/423
f 472/78/385 471/77/423 470/76/383
f 474/80/425 475/81/426 473/79/424
f 474/80/425 473/79/424 472/78/385
f 476/82/389 477/83/427 475/81/426
f 476/82/389 475/81/426 474/80/425
f 448/54/356 447/55/408 477/83/427
f 448/54/356 477/83/427 476/82/389
f 478/84/428 479/87/429 480/86/430
f 478/84/428 480/86/430 481/85/431
f 481/85/431 480/86/430 482/89/432
f 481/85/431 482/89/432 483/88/433
f 483/88/433 482/89/432 484/91/434
f 483/88/433 484/91/434 485/90/435
f 485/90/435 484/91/434 486/93/436
f 485/90/435 486/93/436 487/92/437
f 487/92/437 486/93/436 488/95/438
f 487/92/437 488/95/438 489/94/439
f 489/94/439 488/95/438 490/97/440
f 489/94/439 490/97/440 491/96/441
f 491/96/441 490/97/440 492/99/442
f 491/96/441 492/99/442 493/98/443
f 493/98/443 492/99/442 494/101/444
f 493/98/443 494/101/444 495/100/445
f 495/100/445 494/101/444 496/103/446
f 495/100/445 496/103/446 497/102/447
f 497/102/447 496/103/446 498/105/448
f 497/102/447 498/105/448 499/104/449
f 499/104/449 498/105/448 500/107/450
f 499/104/449 500/107/450 501/106/451
f 501/106/451 500/107/450 502/109/452
f 501/106/451 502/109/452 503/108/453
f 503/108/453 502/109/452 504/111/454
f 503/108/453 504/111/454 505/110/455
f 505/110/455 504/111/454 506/113/456
f 505/110/455 506/113/456 507/112/457
f 507/112/457 506/113/456 508/115/458
f 507/112/457 508/115/458 509/114/459
f 509/114/459 508/115/458 479/87/429
f 509/114/459 479/87/429 478/84/428
f 510/116/460 511/117/461 447/55/408
f 510/116/460 447/55/408 446/52/407
f 512/118/462 510/116/460 446/52/407
f 512/118/462 446/52/407 451/57/409
f 453/59/411 513/119/463 512/118/462
f 453/59/411 512/118/462 451/57/409
f 514/120/464 513/119/463 453/59/411
f 514/120/464 453/59/411 455/61/413
f 515/121/465 514/120/464 455/61/413
f 515/121/465 455/61/413 457/63/415
f 516/122/466 515/121/465 457/63/415
f 516/122/466 457/63/415 459/65/417
f 517/123/467 516/122/466 459/65/417
f 517/123/467 459/65/417 461/67/418
f 518/124/468 517/123/467 461/67/418
f 518/124/468 461/67/418 463/69/419
f 519/125/469 518/124/468 463/69/419
f 519/125/469 463/69/419 465/71/420
f 520/126/470 519/125/469 465/71/420
f 520/126/470 465/71/420 467/73/421
f 521/127/471 520/126/470 467/73/421
f 521/127/471 467/73/421 469/75/422
f 522/128/472 521/127/471 469/75/422
f 522/128/472 469/75/422 471/77/423
f 523/129/473 522/128/472 471/77/423
f 523/129/473 471/77/423 473/79/424
f 524/130/474 523/129/473 473/79/424
f 524/130/474 473/79/424 475/81/426
f 525/131/475 524/130/474 475/81/426
f 525/131/475 475/81/426 477/83/427
f 511/117/461 525/131/475 477/83/427
f 511/117/461 477/83/427 447/55/408
f 480/86/430 479/87/429 445/51/406
f 480/86/430 445/51/406 432/36/393
f 482/89/432 480/86/430 432/36/393
f 482/89/432 432/36/393 431/37/392
f 484/91/434 482/89/432 431/37/392
f 484/91/434 431/37/392 430/38/391
f 486/93/436 484/91/434 430/38/391
f 486/93/436 430/38/391 434/39/395
f 488/95/438 486/93/436 434/39/395
f 488/95/438 434/39/395 433/40/394
f 490/97/440 488/95/438 433/40/394
f 490/97/440 433/40/394 436/41/397
f 492/99/442 490/97/440 436/41/397
f 492/99/442 436/41/397 435/42/396
f 494/101/444 492/99/442 435/42/396
f 494/101/444 435/42/396 438/43/399
f 496/103/446 494/101/444 438/43/399
f 496/103/446 438/43/399 437/44/398
f 498/105/448 496/103/446 437/44/398
f 498/105/448 437/44/398 440/45/401
f 500/107/450 498/105/448 440/45/401
f 500/107/450 440/45/401 439/46/400
f 502/109/452 500/107/450 439/46/400
f 502/109/452 439/46/400 442/47/403
f 504/111/454 502/109/452 442/47/403
f 504/111/454 442/47/403 441/48/402
f 506/113/456 504/111/454 441/48/402
f 506/113/456 441/48/402 444/49/405
f 508/115/458 506/113/456 444/49/405
f 508/115/458 444/49/405 443/50/404
f 479/87/429 508/115/458 443/50/404
f 479/87/429 443/50/404 445/51/406
f 526/132/457 527/133/459 427/34/388
f 526/132/457 427/34/388 425/32/386
f 423/30/384 528/134/455 526/132/457
f 423/30/384 526/132/457 425/32/386
f 421/28/382 529/135/476 528/134/455
f 421/28/382 528/134/455 423/30/384
f 419/26/380 530/136/451 529/135/476
f 419/26/380 529/135/476 421/28/382
f 417/24/378 531/137/477 530/136/451
f 417/24/378 530/136/451 419/26/380
f 415/22/376 532/138/447 531/137/477
f 415/22/376 531/137/477 417/24/378
f 413/20/374 533/139/478 532/138/447
f 413/20/374 532/138/447 415/22/376
f 411/18/372 534/140/479 533/139/478
f 411/18/372 533/139/478 413/20/374
f 409/16/370 535/141/441 534/140/479
f 409/16/370 534/140/479 411/18/372
f 407/14/368 536/142/480 535/141/441
f 407/14/368 535/141/441 409/16/370
f 405/11/366 537/143/481 536/142/480
f 405/11/366 536/142/480 407/14/368
f 404/12/365 538/144/482 537/143/481
f 404/12/365 537/143/481 405/11/366
f 399/6/360 539/146/433 540/145/483
f 399/6/360 540/145/483 401/8/362
f 397/3/358 541/147/484 539/146/433
f 397/3/358 539/146/433 399/6/360
f 396/4/357 542/148/485 541/147/484
f 396/4/357 541/147/484 397/3/358
f 427/34/388 527/133/459 542/148/485
f 427/34/388 542/148/485 396/4/357
f 510/116/460 543/150/486 544/149/487
f 510/116/460 544/149/487 511/117/461
f 512/118/462 545/151/488 543/150/486
f 512/118/462 543/150/486 510/116/460
f 513/119/463 546/152/489 545/151/488
f 513/119/463 545/151/488 512/118/462
f 514/120/464 547/153/490 546/152/489
f 514/120/464 546/152/489 513/119/463
f 515/121/465 548/154/491 547/153/490
f 515/121/465 547/153/490 514/120/464
f 516/122/466 549/155/492 548/154/491
f 516/122/466 548/154/491 515/121/465
f 517/123/467 550/156/493 549/155/492
f 517/123/467 549/155/492 516/122/466
f 518/124/468 551/157/494 550/156/493
f 518/124/468 550/156/493 517/123/467
f 519/125/469 552/158/495 551/157/494
f 519/125/469 551/157/494 518/124/468
f 520/126/470 553/159/496 552/158/495
f 520/126/470 552/158/495 519/125/469
f 521/127/471 554/160/497 553/159/496
f 521/127/471 553/159/496 520/126/470
f 522/128/472 555/161/498 554/160/497
f 522/128/472 554/160/497 521/127/471
f 523/129/473 556/162/499 555/161/498
f 523/129/473 555/161/498 522/128/472
f 524/130/474 557/163/500 556/162/499
f 524/130/474 556/162/499 523/129/473
f 525/131/475 558/164/501 557/163/500
f 525/131/475 557/163/500 524/130/474
f 511/117/461 544/149/487 558/164/501
f 511/117/461 558/164/501 525/131/475
f 543/150/486 559/166/502 560/165/503
f 543/150/486 560/165/503 544/149/487
f 545/151/488 561/167/504 559/166/502
f 545/151/488 559/166/502 543/150/486
f 546/152/489 562/168/505 561/167/504
f 546/152/489 561/167/504 545/151/488
f 547/153/490 563/169/506 562/168/505
f 547/153/490 562/168/505 546/152/489
f 548/154/491 564/170/507 563/169/506
f 548/154/491 563/169/506 547/153/490
f 549/155/492 565/171/508 564/170/507
f 549/155/492 564/170/507 548/154/491
f 550/156/493 566/172/509 565/171/508
f 550/156/493 565/171/508 549/155/492
f 551/157/494 567/173/510 566/172/509
f 551/157/494 566/172/509 550/156/493
f 552/158/495 568/174/511 567/173/510
f 552/158/495 567/173/510 551/157/494
f 553/159/496 569/175/512 568/174/511
f 553/159/496 568/174/511 552/158/495
f 554/160/497 570/176/513 569/175/512
f 554/160/497 569/175/512 553/159/496
f 555/161/498 571/177/514 570/176/513
f 555/161/498 570/176/513 554/160/497
f 556/162/499 572/178/515 571/177/514
f 556/162/499 571/177/514 555/161/498
f 557/163/500 573/179/516 572/178/515
f 557/163/500 572/178/515 556/162/499
f 558/164/501 574/180/517 573/179/516
f 558/164/501 573/179/516 557/163/500
f 544/149/487 560/165/503 574/180/517
f 544/149/487 574/180/517 558/164/501
f 559/166/502 575/182/518 576/181/519
f 559/166/502 576/181/519 560/165/503
f 561/167/504 577/183/520 575/182/518
f 561/167/504 575/182/518 559/166/502
f 562/168/505 578/184/521 577/183/520
f 562/168/505 577/183/520 561/167/504
f 563/169/506 579/185/522 578/184/521
f 563/169/506 578/184/521 562/168/505
f 564/170/507 580/186/523 579/185/522
f 564/170/507 579/185/522 563/169/506
f 565/171/508 581/187/524 580/186/523
f 565/171/508 580/186/523 564/170/507
f 566/172/509 582/188/525 581/187/524
f 566/172/509 581/187/524 565/171/508
f 567/173/510 583/189/526 582/188/525
f 567/173/510 582/188/525 566/172/509
f 568/174/511 584/190/527 583/189/526
f 568/174/511 583/189/526 567/173/510
f 569/175/512 585/191/528 584/190/527
f 569/175/512 584/190/527 568/174/511
f 570/176/513 586/192/529 585/191/528
f 570/176/513 585/191/528 569/175/512
f 571/177/514 587/193/530 586/192/529
f 571/177/514 586/192/529 570/176/513
f 572/178/515 588/194/531 587/193/530
f 572/178/515 587/193/530 571/177/514
f 573/179/516 589/195/532 588/194/531
f 573/179/516 588/194/531 572/178/515
f 574/180/517 590/196/533 589/195/532
f 574/180/517 589/195/532 573/179/516
f 560/165/503 576/181/519 590/196/533
f 560/165/503 590/196/533 574/180/517
f 575/182/518 591/197/534 576/181/519
f 577/183/520 591/197/534 575/182/518
f 578/184/521 591/197/534 577/183/520
f 579/185/522 591/197/534 578/184/521
f 580/186/523 591/197/534 579/185/522
f 581/187/524 591/197/534 580/186/523
f 582/188/525 591/197/534 581/187/524
f 583/189/526 591/197/534 582/188/525
f 584/190/527 591/197/534 583/189/526
f 585/191/528 591/197/534 584/190/527
f 586/192/529 591/197/534 585/191/528
f 587/193/530 591/197/534 586/192/529
f 588/194/531 591/197/534 587/193/530
f 589/195/532 591/197/534 588/194/531
f 590/196/533 591/197/534 589/195/532
f 576/181/519 591/197/534 590/196/533
f 592/1/535 593/2/536 594/3/537
f 592/1/535 594/3/537 595/4/538
f 593/2/536 596/5/539 597/6/540
f 593/2/536 597/6/540 594/3/537
f 596/5/539 598/7/541 599/8/542
f 596/5/539 599/8/542 597/6/540
f 600/9/541 601/10/543 602/11/544
f 600/9/541 602/11/544 603/12/545
f 601/10/543 604/13/546 605/14/547
f 601/10/543 605/14/547 602/11/544
f 604/13/546 606/15/548 607/16/549
f 604/13/546 607/16/549 605/14/547
f 606/15/548 608/17/550 609/18/551
f 606/15/548 609/18/551 607/16/549
f 608/17/550 610/19/552 611/20/553
f 608/17/550 611/20/553 609/18/551
f 610/19/552 612/21/554 613/22/555
f 610/19/552 613/22/555 611/20/553
f 612/21/554 614/23/556 615/24/557
f 612/21/554 615/24/557 613/22/555
f 614/23/556 616/25/558 617/26/559
f 614/23/556 617/26/559 615/24/557
f 616/25/558 618/27/560 619/28/561
f 616/25/558 619/28/561 617/26/559
f 618/27/560 620/29/562 621/30/563
f 618/27/560 621/30/563 619/28/561
f 620/29/562 622/31/564 623/32/565
f 620/29/562 623/32/565 621/30/563
f 623/32/565 622/31/564 624/33/566
f 623/32/565 624/33/566 625/34/567
f 624/33/566 592/1/535 595/4/538
f 624/33/566 595/4/538 625/34/567
f 626/35/568 627/36/569 628/37/570
f 626/35/568 628/37/570 629/38/571
f 626/35/568 629/38/571 630/39/572
f 626/35/568 630/39/572 631/40/573
f 626/35/568 631/40/573 632/41/574
f 626/35/568 632/41/574 633/42/575
f 626/35/568 633/42/575 634/43/576
f 626/35/568 634/43/576 635/44/577
f 626/35/568 635/44/577 636/45/578
f 626/35/568 636/45/578 637/46/579
f 626/35/568 637/46/579 638/47/580
f 626/35/568 638/47/580 639/48/581
f 626/35/568 639/48/581 640/49/582
f 626/35/568 640/49/582 641/50/583
f 626/35/568 641/50/583 642/51/584
f 626/35/568 642/51/584 627/36/569
f 643/52/585 644/53/536 645/54/535
f 643/52/585 645/54/535 646/55/586
f 647/56/587 644/53/536 643/52/585
f 647/56/587 643/52/585 648/57/588
f 649/58/541 647/56/587 648/57/588
f 649/58/541 648/57/588 650/59/589
f 651/60/543 649/58/541 650/59/589
f 651/60/543 650/59/589 652/61/590
f 653/62/591 651/60/543 652/61/590
f 653/62/591 652/61/590 654/63/592
f 655/64/548 653/62/591 654/63/592
f 655/64/548 654/63/592 656/65/593
f 657/66/550 655/64/548 656/65/593
f 657/66/550 656/65/593 658/67/594
f 659/68/552 657/66/550 658/67/594
f 659/68/552 658/67/594 660/69/595
f 661/70/554 659/68/552 660/69/595
f 661/70/554 660/69/595 662/71/596
f 663/72/556 661/70/554 662/71/596
f 663/72/556 662/71/596 664/73/597
f 665/74/558 663/72/556 664/73/597
f 665/74/558 664/73/597 666/75/598
f 667/76/560 665/74/558 666/75/598
f 667/76/560 666/75/598 668/77/599
f 669/78/562 667/76/560 668/77/599
f 669/78/562 668/77/599 670/79/600
f 671/80/601 669/78/562 670/79/600
f 671/80/601 670/79/600 672/81/602
f 673/82/566 671/80/601 672/81/602
f 673/82/566 672/81/602 674/83/603
f 645/54/535 673/82/566 674/83/603
f 645/54/535 674/83/603 646/55/586
f 675/84/604 676/85/605 677/86/606
f 675/84/604 677/86/606 678/87/607
f 676/85/605 679/88/608 680/89/609
f 676/85/605 680/89/609 677/86/606
f 679/88/608 681/90/610 682/91/611
f 679/88/608 682/91/611 680/89/609
f 681/90/610 683/92/612 684/93/613
f 681/90/610 684/93/613 682/91/611
f 683/92/612 685/94/614 686/95/615
f 683/92/612 686/95/615 684/93/613
f 685/94/614 687/96/616 688/97/617
f 685/94/614 688/97/617 686/95/615
f 687/96/616 689/98/618 690/99/619
f 687/96/616 690/99/619 688/97/617
f 689/98/618 691/100/620 692/101/621
f 689/98/618 692/101/621 690/99/619
f 691/100/620 693/102/622 694/103/623
f 691/100/620 694/103/623 692/101/621
f 693/102/622 695/104/624 696/105/625
f 693/102/622 696/105/625 694/103/623
f 695/104/624 697/106/626 698/107/627
f 695/104/624 698/107/627 696/105/625
f 697/106/626 699/108/628 700/109/629
f 697/106/626 700/109/629 698/107/627
f 699/108/628 701/110/630 702/111/631
f 699/108/628 702/111/631 700/109/629
f 701/110/630 703/112/632 704/113/633
f 701/110/630 704/113/633 702/111/631
f 703/112/632 705/114/634 706/115/635
f 703/112/632 706/115/635 704/113/633
f 705/114/634 675/84/604 678/87/607
f 705/114/634 678/87/607 706/115/635
f 707/116/636 643/52/585 646/55/586
f 707/116/636 646/55/586 708/117/637
f 709/118/638 648/57/588 643/52/585
f 709/118/638 643/52/585 707/116/636
f 650/59/589 648/57/588 709/118/638
f 650/59/589 709/118/638 710/119/639
f 711/120/640 652/61/590 650/59/589
f 711/120/640 650/59/589 710/119/639
f 712/121/641 654/63/592 652/61/590
f 712/121/641 652/61/590 711/120/640
f 713/122/642 656/65/593 654/63/592
f 713/122/642 654/63/592 712/121/641
f 714/123/643 658/67/594 656/65/593
f 714/123/643 656/65/593 713/122/642
f 715/124/644 660/69/595 658/67/594
f 715/124/644 658/67/594 714/123/643
f 716/125/645 662/71/596 660/69/595
f 716/125/645 660/69/595 715/124/644
f 717/126/646 664/73/597 662/71/596
f 717/126/646 662/71/596 716/125/645
f 718/127/647 666/75/598 664/73/597
f 718/127/647 664/73/597 717/126/646
f 719/128/648 668/77/599 666/75/598
f 719/128/648 666/75/598 718/127/647
f 720/129/649 670/79/600 668/77/599
f 720/129/649 668/77/599 719/128/648
f 721/130/650 672/81/602 670/79/600
f 721/130/650 670/79/600 720/129/649
f 722/131/651 674/83/603 672/81/602
f 722/131/651 672/81/602 721/130/650
f 708/117/637 646/55/586 674/83/603
f 708/117/637 674/83/603 722/131/651
f 677/86/606 627/36/569 642/51/584
f 677/86/606 642/51/584 678/87/607
f 680/89/609 628/37/570 627/36/569
f 680/89/609 627/36/569 677/86/606
f 682/91/611 629/38/571 628/37/570
f 682/91/611 628/37/570 680/89/609
f 684/93/613 630/39/572 629/38/571
f 684/93/613 629/38/571 682/91/611
f 686/95/615 631/40/573 630/39/572
f 686/95/615 630/39/572 684/93/613
f 688/97/617 632/41/574 631/40/573
f 688/97/617 631/40/573 686/95/615
f 690/99/619 633/42/575 632/41/574
f 690/99/619 632/41/574 688/97/617
f 692/101/621 634/43/576 633/42/575
f 692/101/621 633/42/575 690/99/619
f 694/103/623 635/44/577 634/43/576
f 694/103/623 634/43/576 692/101/621
f 696/105/625 636/45/578 635/44/577
f 696/105/625 635/44/577 694/103/623
f 698/107/627 637/46/579 636/45/578
f 698/107/627 636/45/578 696/105/625
f 700/109/629 638/47/580 637/46/579
f 700/109/629 637/46/579 698/107/627
f 702/111/631 639/48/581 638/47/580
f 702/111/631 638/47/580 700/109/629
f 704/113/633 640/49/582 639/48/581
f 704/113/633 639/48/581 702/111/631
f 706/115/635 641/50/583 640/49/582
f 706/115/635 640/49/582 704/113/633
f 678/87/607 642/51/584 641/50/583
f 678/87/607 641/50/583 706/115/635
f 723/132/632 623/32/565 625/34/567
f 723/132/632 625/34/567 724/133/634
f 621/30/563 623/32/565 723/132/632
f 621/30/563 723/132/632 725/134/652
f 619/28/561 621/30/563 725/134/652
f 619/28/561 725/134/652 726/135/653
f 617/26/559 619/28/561 726/135/653
f 617/26/559 726/135/653 727/136/626
f 615/24/557 617/26/559 727/136/626
f 615/24/557 727/136/626 728/137/624
f 613/22/555 615/24/557 728/137/624
f 613/22/555 728/137/624 729/138/622
f 611/20/553 613/22/555 729/138/622
f 611/20/553 729/138/622 730/139/654
f 609/18/551 611/20/553 730/139/654
f 609/18/551 730/139/654 731/140/655
f 607/16/549 609/18/551 731/140/655
f 607/16/549 731/140/655 732/141/616
f 605/14/547 607/16/549 732/141/616
f 605/14/547 732/141/616 733/142/656
f 602/11/544 605/14/547 733/142/656
f 602/11/544 733/142/656 734/143/657
f 603/12/545 602/11/544 734/143/657
f 603/12/545 734/143/657 735/144/658
f 597/6/540 599/8/542 736/145/658
f 597/6/540 736/145/658 737/146/608
f 594/3/537 597/6/540 737/146/608
f 594/3/537 737/146/608 738/147/605
f 595/4/538 594/3/537 738/147/605
f 595/4/538 738/147/605 739/148/659
f 625/34/567 595/4/538 739/148/659
f 625/34/567 739/148/659 724/133/634
f 707/116/636 708/117/637 740/149/660
f 707/116/636 740/149/660 741/150/661
f 709/118/638 707/116/636 741/150/661
f 709/118/638 741/150/661 742/151/662
f 710/119/639 709/118/638 742/151/662
f 710/119/639 742/151/662 743/152/663
f 711/120/640 710/119/639 743/152/663
f 711/120/640 743/152/663 744/153/664
f 712/121/641 711/120/640 744/153/664
f 712/121/641 744/153/664 745/154/665
f 713/122/642 712/121/641 745/154/665
f 713/122/642 745/154/665 746/155/666
f 714/123/643 713/122/642 746/155/666
f 714/123/643 746/155/666 747/156/667
f 715/124/644 714/123/643 747/156/667
f 715/124/644 747/156/667 748/157/668
f 716/125/645 715/124/644 748/157/668
f 716/125/645 748/157/668 749/158/669
f 717/126/646 716/125/645 749/158/669
f 717/126/646 749/158/669 750/159/670
f 718/127/647 717/126/646 750/159/670
f 718/127/647 750/159/670 751/160/671
f 719/128/648 718/127/647 751/160/671
f 719/128/648 751/160/671 752/161/672
f 720/129/649 719/128/648 752/161/672
f 720/129/649 752/161/672 753/162/673
f 721/130/650 720/129/649 753/162/673
f 721/130/650 753/162/673 754/163/674
f 722/131/651 721/130/650 754/163/674
f 722/131/651 754/163/674 755/164/675
f 708/117/637 722/131/651 755/164/675
f 708/117/637 755/164/675 740/149/660
f 741/150/661 740/149/660 756/165/676
f 741/150/661 756/165/676 757/166/677
f 742/151/662 741/150/661 757/166/677
f 742/151/662 757/166/677 758/167/678
f 743/152/663 742/151/662 758/167/678
f 743/152/663 758/167/678 759/168/679
f 744/153/664 743/152/663 759/168/679
f 744/153/664 759/168/679 760/169/680
f 745/154/665 744/153/664 760/169/680
f 745/154/665 760/169/680 761/170/681
f 746/155/666 745/154/665 761/170/681
f 746/155/666 761/170/681 762/171/682
f 747/156/667 746/155/666 762/171/682
f 747/156/667 762/171/682 763/172/683
f 748/157/668 747/156/667 763/172/683
f 748/157/668 763/172/683 764/173/684
f 749/158/669 748/157/668 764/173/684
f 749/158/669 764/173/684 765/174/685
f 750/159/670 749/158/669 765/174/685
f 750/159/670 765/174/685 766/175/686
f 751/160/671 750/159/670 766/175/686
f 751/160/671 766/175/686 767/176/687
f 752/161/672 751/160/671 767/176/687
f 752/161/672 767/176/687 768/177/688
f 753/162/673 752/161/672 768/177/688
f 753/162/673 768/177/688 769/178/689
f 754/163/674 753/162/673 769/178/689
f 754/163/674 769/178/689 770/179/690
f 755/164/675 754/163/674 770/179/690
f 755/164/675 770/179/690 771/180/691
f 740/149/660 755/164/675 771/180/691
f 740/149/660 771/180/691 756/165/676
f 757/166/677 756/165/676 772/181/692
f 757/166/677 772/181/692 773/182/693
f 758/167/678 757/166/677 773/182/693
f 758/167/678 773/182/693 774/183/694
f 759/168/679 758/167/678 774/183/694
f 759/168/679 774/183/694 775/184/695
f 760/169/680 759/168/679 775/184/695
f 760/169/680 775/184/695 776/185/696
f 761/170/681 760/169/680 776/185/696
f 761/170/681 776/185/696 777/186/697
f 762/171/682 761/170/681 777/186/697
f 762/171/682 777/186/697 778/187/698
f 763/172/683 762/171/682 778/187/698
f 763/172/683 778/187/698 779/188/699
f 764/173/684 763/172/683 779/188/699
f 764/173/684 779/188/699 780/189/700
f 765/174/685 764/173/684 780/189/700
f 765/174/685 780/189/700 781/190/701
f 766/175/686 765/174/685 781/190/701
f 766/175/686 781/190/701 782/191/702
f 767/176/687 766/175/686 782/191/702
f 767/176/687 782/191/702 783/192/703
f 768/177/688 767/176/687 783/192/703
f 768/177/688 783/192/703 784/193/704
f 769/178/689 768/177/688 784/193/704
f 769/178/689 784/193/704 785/194/705
f 770/179/690 769/178/689 785/194/705
f 770/179/690 785/194/705 786/195/706
f 771/180/691 770/179/690 786/195/706
f 771/180/691 786/195/706 787/196/707
f 756/165/676 771/180/691 787/196/707
f 756/165/676 787/196/707 772/181/692
f 773/182/693 772/181/692 788/197/708
f 774/183/694 773/182/693 788/197/708
f 775/184/695 774/183/694 788/197/708
f 776/185/696 775/184/695 788/197/708
f 777/186/697 776/185/696 788/197/708
f 778/187/698 777/186/697 788/197/708
f 779/188/699 778/187/698 788/197/708
f 780/189/700 779/188/699 788/197/708
f 781/190/701 780/189/700 788/197/708
f 782/191/702 781/190/701 788/197/708
f 783/192/703 782/191/702 788/197/708
f 784/193/704 783/192/703 788/197/708
f 785/194/705 784/193/704 788/197/708
f 786/195/706 785/194/705 788/197/708
f 787/196/707 786/195/706 788/197/708
f 772/181/692 787/196/707 788/197/708
f 789/198/709 790/199/710 791/200/711
f 789/198/709 791/200/711 792/201/712
f 793/202/713 794/203/714 789/198/709
f 793/202/713 789/198/709 795/204/715
f 796/205/716 797/206/717 795/204/715
f 796/205/716 795/204/715 789/198/709
f 798/207/718 796/205/716 789/198/709
f 798/207/718 789/198/709 792/201/712
f 799/208/719 798/207/718 792/201/712
f 799/208/719 792/201/712 791/200/711
f 800/209/720 794/203/714 793/202/713
f 800/209/720 793/202/713 801/210/721
f 793/202/713 795/204/715 797/206/717
f 793/202/713 797/206/717 802/211/722
f 791/200/711 803/212/723 804/213/724
f 791/200/711 804/213/724 799/208/719
f 805/214/725 803/212/723 791/200/711
f 805/214/725 791/200/711 790/199/710
f 801/210/721 793/202/713 802/211/722
f 801/210/721 802/211/722 806/215/726
f 807/216/727 808/217/728 809/218/729
f 808/217/728 810/219/730 809/218/729
f 810/219/730 811/220/731 809/218/729
f 811/220/731 812/221/732 809/218/729
f 812/221/732 813/222/733 809/218/729
f 813/222/733 814/223/734 809/218/729
f 814/223/734 815/224/735 809/218/729
f 815/224/735 807/216/727 809/218/729
f 808/217/728 807/216/727 816/225/736
f 808/217/728 816/225/736 817/226/737
f 810/219/730 808/217/728 817/226/737
f 810/219/730 817/226/737 818/227/738
f 811/220/731 810/219/730 818/227/738
f 811/220/731 818/227/738 819/228/739
f 812/221/732 811/220/731 819/228/739
f 812/221/732 819/228/739 820/229/740
f 813/222/733 812/221/732 820/229/740
f 813/222/733 820/229/740 821/230/741
f 814/223/734 813/222/733 822/231/741
f 814/223/734 822/231/741 823/232/742
f 824/233/743 815/224/735 814/223/734
f 824/233/743 814/223/734 823/232/742
f 807/216/727 815/224/735 824/233/743
f 807/216/727 824/233/743 816/225/736
f 825/234/730 826/235/729 827/236/728
f 827/236/728 826/235/729 828/237/727
f 828/237/727 826/235/729 829/238/744
f 829/238/744 826/235/729 830/239/745
f 830/239/745 826/235/729 831/240/733
f 831/240/733 826/235/729 832/241/732
f 832/241/732 826/235/729 833/242/731
f 833/242/731 826/235/729 825/234/730
f 827/236/728 834/243/737 835/244/738
f 827/236/728 835/244/738 825/234/730
f 828/237/727 836/245/736 834/243/737
f 828/237/727 834/243/737 827/236/728
f 829/238/744 837/246/743 836/245/736
f 829/238/744 836/245/736 828/237/727
f 830/239/745 838/247/742 837/246/743
f 830/239/745 837/246/743 829/238/744
f 831/240/733 839/248/741 838/247/742
f 831/240/733 838/247/742 830/239/745
f 832/241/732 840/249/740 841/250/741
f 832/241/732 841/250/741 831/240/733
f 842/251/739 840/249/740 832/241/732
f 842/251/739 832/241/732 833/242/731
f 825/234/730 835/244/738 842/251/739
f 825/234/730 842/251/739 833/242/731
f 843/252/746 844/253/747 845/254/748
f 843/252/746 845/254/748 846/255/749
f 847/256/750 843/252/746 848/257/751
f 847/256/750 848/257/751 849/258/752
f 850/259/753 844/253/747 843/252/746
f 850/259/753 843/252/746 847/256/750
f 851/260/754 845/254/748 844/253/747
f 851/260/754 844/253/747 850/259/753
f 852/261/749 853/262/755 848/257/751
f 852/261/749 848/257/751 843/252/746
f 846/255/749 845/254/748 854/263/756
f 846/255/749 854/263/756 855/264/757
f 854/263/756 845/254/748 851/260/754
f 854/263/756 851/260/754 856/265/758
f 852/261/749 857/266/720 858/267/759
f 852/261/749 858/267/759 853/262/755
f 849/258/752 848/257/751 853/262/755
f 849/258/752 853/262/755 859/268/760
f 858/267/759 860/269/761 859/268/760
f 858/267/759 859/268/760 853/262/755
f 861/270/762 862/271/763 863/272/764
f 861/270/762 863/272/764 864/273/765
f 865/274/766 866/275/767 862/271/763
f 865/274/766 862/271/763 861/270/762
f 867/276/768 868/277/769 864/273/765
f 867/276/768 864/273/765 863/272/764
f 869/278/770 866/275/767 865/274/766
f 869/278/770 865/274/766 870/279/771
f 871/280/772 869/278/770 870/279/771
f 871/280/772 870/279/771 872/281/773
f 873/282/774 871/280/772 872/281/773
f 873/282/774 872/281/773 874/283/775
f 875/284/776 876/285/777 866/275/767
f 875/284/776 866/275/767 869/278/770
f 867/276/768 863/272/764 877/286/778
f 867/276/768 877/286/778 878/287/779
f 877/286/778 866/275/767 876/285/777
f 877/286/778 876/285/777 879/288/780
f 880/289/781 881/290/782 882/291/783
f 880/289/781 882/291/783 883/292/784
f 884/293/785 880/289/781 883/292/784
f 884/293/785 883/292/784 885/294/786
f 878/287/779 884/293/785 885/294/786
f 878/287/779 885/294/786 886/295/787
f 867/276/768 878/287/779 886/295/787
f 867/276/768 886/295/787 868/277/769
f 887/296/788 877/286/778 879/288/780
f 887/296/788 879/288/780 888/297/789
f 877/286/778 880/289/781 884/293/785
f 877/286/778 884/293/785 878/287/779
f 880/289/781 877/286/778 887/296/788
f 877/286/778 863/272/764 862/271/763
f 877/286/778 862/271/763 866/275/767
f 880/289/781 887/296/788 889/290/790
f 890/298/791 891/299/765 892/300/792
f 890/298/791 892/300/792 893/301/793
f 894/302/794 890/298/791 893/301/793
f 894/302/794 893/301/793 895/303/795
f 896/304/796 892/300/792 891/299/765
f 896/304/796 891/299/765 897/305/769
f 898/306/797 899/307/798 894/302/794
f 898/306/797 894/302/794 895/303/795
f 900/308/799 901/309/800 899/307/798
f 900/308/799 899/307/798 898/306/797
f 902/310/776 898/306/797 895/303/795
f 902/310/776 895/303/795 903/311/777
f 896/304/796 904/312/801 905/313/802
f 896/304/796 905/313/802 892/300/792
f 905/313/802 906/314/803 903/311/777
f 905/313/802 903/311/777 895/303/795
f 907/315/804 908/316/805 909/317/806
f 907/315/804 909/317/806 910/318/807
f 911/319/808 912/320/786 908/316/805
f 911/319/808 908/316/805 907/315/804
f 904/312/801 913/321/787 912/320/786
f 904/312/801 912/320/786 911/319/808
f 896/304/796 897/305/769 913/321/787
f 896/304/796 913/321/787 904/312/801
f 914/322/809 915/323/810 906/314/803
f 914/322/809 906/314/803 905/313/802
f 905/313/802 904/312/801 911/319/808
f 905/313/802 911/319/808 907/315/804
f 907/315/804 914/322/809 905/313/802
f 905/313/802 895/303/795 893/301/793
f 905/313/802 893/301/793 892/300/792
f 907/315/804 916/318/811 914/322/809
f 917/324/812 918/325/813 919/326/814
f 917/324/812 919/326/814 920/327/815
f 921/328/816 922/329/817 923/330/818
f 921/328/816 923/330/818 924/331/819
f 925/332/820 924/331/819 923/330/818
f 925/332/820 923/330/818 926/333/821
f 919/326/814 927/334/822 928/335/823
f 919/326/814 928/335/823 920/327/815
f 929/336/824 926/333/821 923/330/818
f 929/336/824 923/330/818 930/337/825
f 923/330/818 922/329/817 931/338/826
f 923/330/818 931/338/826 930/337/825
f 932/339/827 927/334/822 919/326/814
f 932/339/827 919/326/814 933/340/828
f 933/340/828 919/326/814 918/325/813
f 933/340/828 918/325/813 934/341/829
f 935/342/830 936/343/831 932/339/827
f 935/342/830 932/339/827 933/340/828
f 937/344/832 938/345/833 939/346/834
f 937/344/832 939/346/834 940/347/835
f 933/340/828 934/341/829 941/348/836
f 933/340/828 941/348/836 935/342/830
f 931/338/826 942/349/837 943/350/838
f 931/338/826 943/350/838 930/337/825
f 929/336/824 930/337/825 943/350/838
f 929/336/824 943/350/838 944/351/839
f 940/347/835 945/352/840 946/353/841
f 940/347/835 946/353/841 937/344/832
f 946/353/841 945/352/840 943/350/838
f 946/353/841 943/350/838 942/349/837
f 938/345/833 937/344/832 947/354/842
f 938/345/833 947/354/842 948/355/843
f 949/356/844 950/357/845 951/358/846
f 949/356/844 951/358/846 952/359/847
f 953/360/848 954/361/849 922/329/817
f 953/360/848 922/329/817 921/328/816
f 940/347/835 939/346/834 955/362/850
f 940/347/835 955/362/850 956/363/851
f 945/352/840 940/347/835 956/363/851
f 945/352/840 956/363/851 957/364/852
f 936/343/831 935/342/830 958/365/853
f 936/343/831 958/365/853 959/366/854
f 941/348/836 960/367/855 958/365/853
f 941/348/836 958/365/853 935/342/830
f 943/350/838 945/352/840 957/364/852
f 943/350/838 957/364/852 944/351/839
f 961/368/856 962/369/857 963/370/858
f 961/368/856 963/370/858 964/371/859
f 959/366/854 958/365/853 961/368/856
f 959/366/854 961/368/856 965/372/860
f 960/367/855 962/369/857 961/368/856
f 960/367/855 961/368/856 958/365/853
f 961/368/856 964/371/859 966/373/861
f 961/368/856 966/373/861 965/372/860
f 967/374/862 947/354/842 937/344/832
f 967/374/862 937/344/832 946/353/841
f 926/333/821 918/325/813 917/324/812
f 926/333/821 917/324/812 925/332/820
f 957/364/852 960/367/855 941/348/836
f 957/364/852 941/348/836 944/351/839
f 956/363/851 962/369/857 960/367/855
f 956/363/851 960/367/855 957/364/852
f 956/363/851 955/362/850 963/370/858
f 956/363/851 963/370/858 962/369/857
f 934/341/829 929/336/824 944/351/839
f 934/341/829 944/351/839 941/348/836
f 926/333/821 929/336/824 934/341/829
f 926/333/821 934/341/829 918/325/813
f 968/375/863 952/359/847 951/358/846
f 968/375/863 951/358/846 969/376/864
f 968/375/863 969/376/864 953/360/848
f 968/375/863 953/360/848 970/377/865
f 970/377/865 953/360/848 921/328/816
f 970/377/865 921/328/816 971/378/866
f 971/378/866 972/379/867 973/380/868
f 971/378/866 973/380/868 970/377/865
f 974/381/869 973/380/868 972/379/867
f 974/381/869 972/379/867 975/382/870
f 976/383/871 977/384/872 920/327/815
f 976/383/871 920/327/815 928/335/823
f 978/385/873 979/386/874 976/383/871
f 978/385/873 976/383/871 980/387/875
f 979/386/874 981/388/876 977/384/872
f 979/386/874 977/384/872 976/383/871
f 982/389/877 983/390/878 981/388/876
f 982/389/877 981/388/876 979/386/874
f 979/386/874 978/385/873 984/391/879
f 979/386/874 984/391/879 982/389/877
f 985/392/880 986/393/881 987/394/882
f 985/392/880 987/394/882 988/395/883
f 986/393/881 978/385/873 980/387/875
f 986/393/881 980/387/875 987/394/882
f 989/396/884 990/397/885 991/398/886
f 989/396/884 991/398/886 992/399/887
f 978/385/873 991/398/886 990/397/885
f 978/385/873 990/397/885 984/391/879
s 0
f 993/400/888 994/401/888 995/402/888
s 1
f 993/400/889 995/402/890 996/403/890
s 0
f 989/396/891 997/404/891 994/401/891
f 989/396/892 994/401/892 993/400/892
s 1
f 992/399/887 997/404/891 989/396/884
s 0
f 996/403/893 995/402/893 998/405/893
s 1
f 996/403/894 998/405/895 999/406/896
s 0
f 1000/407/897 999/406/897 998/405/897
f 1000/407/898 998/405/899 1001/408/899
s 1
f 1002/409/900 1003/410/901 999/406/902
f 1002/409/900 999/406/902 1000/407/902
f 1004/411/903 1005/412/904 1003/410/901
f 1004/411/903 1003/410/901 1002/409/900
f 917/324/812 920/327/815 977/384/872
f 917/324/812 977/384/872 1006/413/905
f 981/388/876 1007/414/906 1006/413/905
f 981/388/876 1006/413/905 977/384/872
f 1007/414/906 981/388/876 983/390/878
f 1007/414/906 983/390/878 1008/415/907
f 1006/413/905 1009/416/908 925/332/820
f 1006/413/905 925/332/820 917/324/812
f 1010/417/909 924/331/819 925/332/820
f 1010/417/909 925/332/820 1009/416/908
f 971/378/866 921/328/816 924/331/819
f 971/378/866 924/331/819 1010/417/909
f 1006/413/905 1007/414/906 1011/418/910
f 1006/413/905 1011/418/910 1009/416/908
f 1012/419/911 1011/418/910 1007/414/906
f 1012/419/911 1007/414/906 1008/415/907
f 1010/417/909 1013/420/912 972/379/867
f 1010/417/909 972/379/867 971/378/866
f 972/379/867 1013/420/912 1014/421/913
f 972/379/867 1014/421/913 975/382/870
f 1015/422/914 1013/420/912 1010/417/909
f 1015/422/914 1010/417/909 1009/416/908
f 1016/423/915 1015/422/914 1011/418/910
f 1016/423/915 1011/418/910 1012/419/911
f 1015/422/914 1016/423/915 1017/424/916
f 1017/424/916 1016/423/915 1005/412/904
f 1017/424/916 1005/412/904 1004/411/903
f 1017/424/916 1014/421/913 1013/420/912
f 1017/424/916 1013/420/912 1015/422/914
f 1009/416/908 1011/418/910 1015/422/914
s 0
f 1001/408/917 1018/425/917 1019/426/917
f 1001/408/918 1019/426/918 1000/407/918
s 1
f 970/377/865 973/380/868 1020/427/919
f 970/377/865 1020/427/919 968/375/863
f 973/380/868 974/381/869 1021/428/920
f 973/380/868 1021/428/920 1022/429/921
f 952/359/847 1023/430/922 1024/431/923
f 952/359/847 1024/431/923 949/356/844
f 1023/430/922 952/359/847 968/375/863
f 1023/430/922 968/375/863 1020/427/919
f 1022/429/921 1021/428/920 1025/432/924
f 1022/429/921 1025/432/924 1026/433/922
f 1026/433/922 1025/432/924 1027/434/925
s 0
f 1028/435/926 1029/436/926 1030/437/926
f 1028/435/927 1019/426/927 1018/425/927
f 1028/435/928 1018/425/918 1031/438/928
f 1030/437/926 1029/436/926 1027/434/926
f 1031/438/926 1029/436/926 1028/435/926
s 1
f 1026/433/922 1027/434/925 1032/439/929
f 1027/434/925 1029/436/928 1032/439/929
f 1029/436/928 1031/438/928 1032/439/929
f 1033/440/930 936/343/831 959/366/854
f 1033/440/930 959/366/854 1034/441/931
f 1034/441/931 959/366/854 965/372/860
f 1034/441/931 965/372/860 1035/442/932
f 1035/442/932 965/372/860 966/373/861
f 1035/442/932 966/373/861 1036/443/933
f 1037/444/934 1035/442/932 1036/443/933
f 1037/444/934 1036/443/933 1038/445/935
f 1039/446/936 1034/441/931 1035/442/932
f 1039/446/936 1035/442/932 1037/444/934
f 1040/447/937 1041/448/938 1042/449/939
f 1040/447/937 1042/449/939 1043/450/940
f 1044/451/941 1045/452/941 1041/448/938
f 1044/451/941 1041/448/938 1040/447/937
f 1033/440/930 1034/441/931 1039/446/936
f 1033/440/930 1039/446/936 1046/453/942
f 928/335/823 1047/454/943 980/387/875
f 928/335/823 980/387/875 976/383/871
f 1048/455/944 1049/456/945 988/395/883
f 1048/455/944 988/395/883 987/394/882
f 987/394/882 980/387/875 1047/454/943
f 987/394/882 1047/454/943 1048/455/944
f 936/343/831 1033/440/930 1050/457/946
f 936/343/831 1050/457/946 932/339/827
f 1047/454/943 928/335/823 927/334/822
f 1047/454/943 927/334/822 1051/458/947
f 1051/458/947 927/334/822 932/339/827
f 1051/458/947 932/339/827 1050/457/946
f 1050/457/946 1033/440/930 1046/453/942
f 1050/457/946 1046/453/942 1052/459/948
f 1051/458/947 1050/457/946 1052/459/948
f 1051/458/947 1052/459/948 1053/460/949
f 1042/449/939 1054/461/950 1055/462/951
f 1042/449/939 1055/462/951 1043/450/940
f 1056/463/952 1049/456/945 1048/455/944
f 1056/463/952 1048/455/944 1057/464/953
f 1057/464/953 1048/455/944 1047/454/943
f 1057/464/953 1047/454/943 1051/458/947
f 1053/460/949 1058/465/954 1057/464/953
f 1053/460/949 1057/464/953 1051/458/947
f 1059/466/955 1055/462/951 1054/461/950
f 1059/466/955 1054/461/950 1060/467/956
f 1059/466/955 1060/467/956 1061/468/957
f 1059/466/955 1061/468/957 1062/469/958
f 1063/470/959 1056/463/952 1057/464/953
f 1063/470/959 1057/464/953 1058/465/954
f 1063/470/959 1062/469/958 1061/468/957
f 1063/470/959 1061/468/957 1056/463/952
f 1064/471/960 1065/472/961 1066/473/962
f 1064/471/960 1066/473/962 1067/474/963
f 948/355/843 947/354/842 1066/473/962
f 948/355/843 1066/473/962 1065/472/961
f 1068/475/964 1069/476/965 1070/477/966
f 1068/475/964 1070/477/966 1071/478/967
f 931/338/826 922/329/817 954/361/849
f 931/338/826 954/361/849 1072/479/968
f 942/349/837 931/338/826 1072/479/968
f 942/349/837 1072/479/968 1073/480/969
f 1073/480/969 967/374/862 946/353/841
f 1073/480/969 946/353/841 942/349/837
f 950/357/845 1074/481/970 1075/482/971
f 950/357/845 1075/482/971 951/358/846
f 951/358/846 1075/482/971 1076/483/972
f 951/358/846 1076/483/972 969/376/864
f 954/361/849 953/360/848 969/376/864
f 954/361/849 969/376/864 1076/483/972
f 1077/484/973 1072/479/968 954/361/849
f 1077/484/973 954/361/849 1076/483/972
f 1076/483/972 1075/482/971 1078/485/974
f 1076/483/972 1078/485/974 1077/484/973
f 947/354/842 967/374/862 1079/486/975
f 947/354/842 1079/486/975 1066/473/962
f 1066/473/962 1079/486/975 1080/487/976
f 1066/473/962 1080/487/976 1067/474/963
f 967/374/862 1073/480/969 1081/488/977
f 967/374/862 1081/488/977 1079/486/975
f 1072/479/968 1077/484/973 1081/488/977
f 1072/479/968 1081/488/977 1073/480/969
f 1079/486/975 1081/488/977 1082/489/978
f 1079/486/975 1082/489/978 1080/487/976
f 1082/489/978 1081/488/977 1083/490/979
f 1084/491/980 1083/490/979 1081/488/977
f 1084/491/980 1081/488/977 1077/484/973
f 1078/485/974 1085/492/981 1084/491/980
f 1078/485/974 1084/491/980 1077/484/973
f 1086/493/982 1069/476/965 1068/475/964
f 1086/493/982 1068/475/964 1087/494/983
f 1075/482/971 1074/481/970 1078/485/974
f 1078/485/974 1074/481/970 1088/495/984
f 1074/481/970 1089/496/985 1088/495/984
f 1090/497/986 1085/492/981 1078/485/974
f 1090/497/986 1078/485/974 1088/495/984
f 1091/498/987 1092/499/988 1088/495/984
f 1091/498/987 1088/495/984 1089/496/985
f 1091/498/987 1093/500/989 1092/499/988
f 1086/493/982 1087/494/983 1093/500/989
f 1086/493/982 1093/500/989 1091/498/987
f 1092/499/988 1090/497/986 1088/495/984
f 1094/501/990 1095/502/991 1096/503/992
f 1094/501/990 1096/503/992 1097/504/993
f 1098/505/994 1099/506/995 1100/507/996
f 1098/505/994 1100/507/996 1101/508/997
f 1102/509/998 1103/510/999 1100/507/996
f 1102/509/998 1100/507/996 1099/506/995
f 1096/503/992 1095/502/991 1104/511/1000
f 1096/503/992 1104/511/1000 1105/512/1001
f 1106/513/1002 1107/514/1003 1100/507/996
f 1106/513/1002 1100/507/996 1103/510/999
f 1100/507/996 1107/514/1003 1108/515/1004
f 1100/507/996 1108/515/1004 1101/508/997
f 1109/516/1005 1110/517/1006 1096/503/992
f 1109/516/1005 1096/503/992 1105/512/1001
f 1110/517/1006 1111/518/1007 1097/504/993
f 1110/517/1006 1097/504/993 1096/503/992
f 1112/519/1008 1110/517/1006 1109/516/1005
f 1112/519/1008 1109/516/1005 1113/520/1009
f 1114/521/1010 1115/522/1011 939/346/834
f 1114/521/1010 939/346/834 938/345/833
f 1110/517/1006 1112/519/1008 1116/523/1012
f 1110/517/1006 1116/523/1012 1111/518/1007
f 1108/515/1004 1107/514/1003 1117/524/1013
f 1108/515/1004 1117/524/1013 1118/525/1014
f 1106/513/1002 1119/526/1015 1117/524/1013
f 1106/513/1002 1117/524/1013 1107/514/1003
f 1115/522/1011 1114/521/1010 1120/527/1016
f 1115/522/1011 1120/527/1016 1121/528/1017
f 1120/527/1016 1118/525/1014 1117/524/1013
f 1120/527/1016 1117/524/1013 1121/528/1017
f 938/345/833 948/355/843 1122/529/1018
f 938/345/833 1122/529/1018 1114/521/1010
f 1123/530/1019 1124/531/1020 1125/532/1021
f 1123/530/1019 1125/532/1021 1126/533/1022
f 1127/534/1023 1098/505/994 1101/508/997
f 1127/534/1023 1101/508/997 1128/535/1024
f 1115/522/1011 1129/536/1025 955/362/850
f 1115/522/1011 955/362/850 939/346/834
f 1121/528/1017 1130/537/1026 1129/536/1025
f 1121/528/1017 1129/536/1025 1115/522/1011
f 1113/520/1009 1131/538/1027 1132/539/1028
f 1113/520/1009 1132/539/1028 1112/519/1008
f 1116/523/1012 1112/519/1008 1132/539/1028
f 1116/523/1012 1132/539/1028 1133/540/1029
f 1117/524/1013 1119/526/1015 1130/537/1026
f 1117/524/1013 1130/537/1026 1121/528/1017
f 1134/541/1030 964/371/859 963/370/858
f 1134/541/1030 963/370/858 1135/542/1031
f 1131/538/1027 1136/543/1032 1134/541/1030
f 1131/538/1027 1134/541/1030 1132/539/1028
f 1133/540/1029 1132/539/1028 1134/541/1030
f 1133/540/1029 1134/541/1030 1135/542/1031
f 1134/541/1030 1136/543/1032 966/373/861
f 1134/541/1030 966/373/861 964/371/859
f 1137/544/1033 1120/527/1016 1114/521/1010
f 1137/544/1033 1114/521/1010 1122/529/1018
f 1103/510/999 1102/509/998 1094/501/990
f 1103/510/999 1094/501/990 1097/504/993
f 1130/537/1026 1119/526/1015 1116/523/1012
f 1130/537/1026 1116/523/1012 1133/540/1029
f 1129/536/1025 1130/537/1026 1133/540/1029
f 1129/536/1025 1133/540/1029 1135/542/1031
f 1129/536/1025 1135/542/1031 963/370/858
f 1129/536/1025 963/370/858 955/362/850
f 1111/518/1007 1116/523/1012 1119/526/1015
f 1111/518/1007 1119/526/1015 1106/513/1002
f 1103/510/999 1097/504/993 1111/518/1007
f 1103/510/999 1111/518/1007 1106/513/1002
f 1138/545/1034 1139/546/1035 1125/532/1021
f 1138/545/1034 1125/532/1021 1124/531/1020
f 1138/545/1034 1140/547/1036 1127/534/1023
f 1138/545/1034 1127/534/1023 1139/546/1035
f 1140/547/1036 1141/548/1037 1098/505/994
f 1140/547/1036 1098/505/994 1127/534/1023
f 1141/548/1037 1140/547/1036 1142/549/1038
f 1141/548/1037 1142/549/1038 1143/550/1039
f 1144/551/1040 1145/552/1041 1143/550/1039
f 1144/551/1040 1143/550/1039 1142/549/1038
f 1146/553/1042 1104/511/1000 1095/502/991
f 1146/553/1042 1095/502/991 1147/554/1043
f 1148/555/1044 1149/556/1045 1146/553/1042
f 1148/555/1044 1146/553/1042 1150/557/1046
f 1150/557/1046 1146/553/1042 1147/554/1043
f 1150/557/1046 1147/554/1043 1151/558/1047
f 1152/559/1048 1150/557/1046 1151/558/1047
f 1152/559/1048 1151/558/1047 1153/560/1049
f 1150/557/1046 1152/559/1048 1154/561/1050
f 1150/557/1046 1154/561/1050 1148/555/1044
f 1155/562/1051 1156/563/1052 1157/564/1053
f 1155/562/1051 1157/564/1053 1158/565/1054
f 1158/565/1054 1157/564/1053 1149/556/1045
f 1158/565/1054 1149/556/1045 1148/555/1044
f 1159/566/1055 1160/567/1051 1161/568/1054
f 1159/566/1055 1161/568/1054 1162/569/1056
f 1148/555/1044 1154/561/1050 1162/569/1056
f 1148/555/1044 1162/569/1056 1161/568/1054
f 1163/570/1057 1164/571/1058 1165/572/1058
s 0
f 1163/570/1059 1165/572/1059 1166/573/1059
f 1159/566/1060 1163/570/1060 1166/573/1060
f 1159/566/1061 1166/573/1061 1167/574/1061
s 1
f 1160/567/1051 1159/566/1055 1167/574/1061
f 1164/571/1062 1168/575/1063 1169/576/1064
s 0
f 1164/571/1065 1169/576/1065 1165/572/1065
f 1170/577/1066 1171/578/1067 1169/576/1067
f 1170/577/1068 1169/576/1068 1168/575/1068
s 1
f 1172/579/1069 1170/577/1070 1168/575/1070
f 1172/579/1069 1168/575/1070 1173/580/1071
f 1174/581/1072 1172/579/1069 1173/580/1071
f 1174/581/1072 1173/580/1071 1175/582/1073
f 1094/501/990 1176/583/1074 1147/554/1043
f 1094/501/990 1147/554/1043 1095/502/991
f 1151/558/1047 1147/554/1043 1176/583/1074
f 1151/558/1047 1176/583/1074 1177/584/1075
f 1177/584/1075 1178/585/1076 1153/560/1049
f 1177/584/1075 1153/560/1049 1151/558/1047
f 1176/583/1074 1094/501/990 1102/509/998
f 1176/583/1074 1102/509/998 1179/586/1077
f 1180/587/1078 1179/586/1077 1102/509/998
f 1180/587/1078 1102/509/998 1099/506/995
f 1141/548/1037 1180/587/1078 1099/506/995
f 1141/548/1037 1099/506/995 1098/505/994
f 1176/583/1074 1179/586/1077 1181/588/1079
f 1176/583/1074 1181/588/1079 1177/584/1075
f 1182/589/1080 1178/585/1076 1177/584/1075
f 1182/589/1080 1177/584/1075 1181/588/1079
f 1180/587/1078 1141/548/1037 1143/550/1039
f 1180/587/1078 1143/550/1039 1183/590/1081
f 1143/550/1039 1145/552/1041 1184/591/1082
f 1143/550/1039 1184/591/1082 1183/590/1081
f 1185/592/1083 1179/586/1077 1180/587/1078
f 1185/592/1083 1180/587/1078 1183/590/1081
f 1186/593/1084 1182/589/1080 1181/588/1079
f 1186/593/1084 1181/588/1079 1185/592/1083
f 1185/592/1083 1187/594/1085 1186/593/1084
f 1187/594/1085 1174/581/1072 1175/582/1073
f 1187/594/1085 1175/582/1073 1186/593/1084
f 1187/594/1085 1185/592/1083 1183/590/1081
f 1187/594/1085 1183/590/1081 1184/591/1082
f 1179/586/1077 1185/592/1083 1181/588/1079
s 0
f 1171/578/1086 1170/577/1086 1188/595/1086
f 1171/578/1087 1188/595/1087 1189/596/1087
s 1
f 1140/547/1036 1138/545/1034 1190/597/1088
f 1140/547/1036 1190/597/1088 1142/549/1038
f 1142/549/1038 1191/598/1088 1192/599/1089
f 1142/549/1038 1192/599/1089 1144/551/1040
f 1124/531/1020 1123/530/1019 1193/600/1090
f 1124/531/1020 1193/600/1090 1194/601/1091
f 1194/601/1091 1190/597/1088 1138/545/1034
f 1194/601/1091 1138/545/1034 1124/531/1020
f 1191/598/1088 1195/602/1091 1196/603/1092
f 1191/598/1088 1196/603/1092 1192/599/1089
f 1195/602/1091 1197/604/1093 1196/603/1092
s 0
f 1198/605/1094 1199/606/1094 1200/607/1094
f 1198/605/1095 1201/608/1095 1189/596/1086
f 1198/605/1096 1189/596/1096 1188/595/1096
f 1199/606/1094 1197/604/1094 1200/607/1094
f 1201/608/1094 1198/605/1094 1200/607/1094
s 1
f 1195/602/1091 1202/609/1097 1197/604/1093
f 1197/604/1093 1202/609/1097 1200/607/1095
f 1202/609/1097 1201/608/1095 1200/607/1095
f 1203/610/1098 1204/611/1099 1131/538/1027
f 1203/610/1098 1131/538/1027 1113/520/1009
f 1204/611/1099 1205/612/1100 1136/543/1032
f 1204/611/1099 1136/543/1032 1131/538/1027
f 1205/612/1100 1036/443/933 966/373/861
f 1205/612/1100 966/373/861 1136/543/1032
f 1206/613/1101 1038/445/935 1036/443/933
f 1206/613/1101 1036/443/933 1205/612/1100
f 1207/614/1102 1206/613/1101 1205/612/1100
f 1207/614/1102 1205/612/1100 1204/611/1099
f 1208/615/1103 1209/616/1104 1210/617/1105
f 1208/615/1103 1210/617/1105 1211/618/1106
f 1044/451/941 1208/615/1103 1211/618/1106
f 1044/451/941 1211/618/1106 1045/452/941
f 1203/610/1098 1212/619/1107 1207/614/1102
f 1203/610/1098 1207/614/1102 1204/611/1099
f 1104/511/1000 1146/553/1042 1149/556/1045
f 1104/511/1000 1149/556/1045 1213/620/1108
f 1214/621/1109 1157/564/1053 1156/563/1052
f 1214/621/1109 1156/563/1052 1215/622/1110
f 1157/564/1053 1214/621/1109 1213/620/1108
f 1157/564/1053 1213/620/1108 1149/556/1045
f 1113/520/1009 1109/516/1005 1216/623/1111
f 1113/520/1009 1216/623/1111 1203/610/1098
f 1213/620/1108 1217/624/1112 1105/512/1001
f 1213/620/1108 1105/512/1001 1104/511/1000
f 1217/624/1112 1216/623/1111 1109/516/1005
f 1217/624/1112 1109/516/1005 1105/512/1001
f 1216/623/1111 1218/625/1113 1212/619/1107
f 1216/623/1111 1212/619/1107 1203/610/1098
f 1217/624/1112 1219/626/1114 1218/625/1113
f 1217/624/1112 1218/625/1113 1216/623/1111
f 1210/617/1105 1209/616/1104 1220/627/1115
f 1210/617/1105 1220/627/1115 1221/628/1116
f 1222/629/1117 1223/630/1118 1214/621/1109
f 1222/629/1117 1214/621/1109 1215/622/1110
f 1223/630/1118 1217/624/1112 1213/620/1108
f 1223/630/1118 1213/620/1108 1214/621/1109
f 1219/626/1114 1217/624/1112 1223/630/1118
f 1219/626/1114 1223/630/1118 1224/631/1119
f 1225/632/1120 1226/633/1121 1221/628/1116
f 1225/632/1120 1221/628/1116 1220/627/1115
f 1225/632/1120 1227/634/1122 1228/635/1123
f 1225/632/1120 1228/635/1123 1226/633/1121
f 1229/636/1124 1224/631/1119 1223/630/1118
f 1229/636/1124 1223/630/1118 1222/629/1117
f 1229/636/1124 1222/629/1117 1228/635/1123
f 1229/636/1124 1228/635/1123 1227/634/1122
f 1064/471/960 1230/637/1125 1231/638/1126
f 1064/471/960 1231/638/1126 1065/472/961
f 948/355/843 1065/472/961 1231/638/1126
f 948/355/843 1231/638/1126 1122/529/1018
f 1232/639/1127 1071/478/967 1070/477/966
f 1232/639/1127 1070/477/966 1233/640/1128
f 1108/515/1004 1234/641/1129 1128/535/1024
f 1108/515/1004 1128/535/1024 1101/508/997
f 1118/525/1014 1235/642/1130 1234/641/1129
f 1118/525/1014 1234/641/1129 1108/515/1004
f 1235/642/1130 1118/525/1014 1120/527/1016
f 1235/642/1130 1120/527/1016 1137/544/1033
f 1126/533/1022 1125/532/1021 1236/643/1131
f 1126/533/1022 1236/643/1131 1237/644/1132
f 1125/532/1021 1139/546/1035 1238/645/1133
f 1125/532/1021 1238/645/1133 1236/643/1131
f 1128/535/1024 1238/645/1133 1139/546/1035
f 1128/535/1024 1139/546/1035 1127/534/1023
f 1239/646/1134 1238/645/1133 1128/535/1024
f 1239/646/1134 1128/535/1024 1234/641/1129
f 1238/645/1133 1239/646/1134 1240/647/1135
f 1238/645/1133 1240/647/1135 1236/643/1131
f 1122/529/1018 1231/638/1126 1241/648/1136
f 1122/529/1018 1241/648/1136 1137/544/1033
f 1231/638/1126 1230/637/1125 1242/649/1137
f 1231/638/1126 1242/649/1137 1241/648/1136
f 1137/544/1033 1241/648/1136 1243/650/1138
f 1137/544/1033 1243/650/1138 1235/642/1130
f 1234/641/1129 1235/642/1130 1243/650/1138
f 1234/641/1129 1243/650/1138 1239/646/1134
f 1241/648/1136 1242/649/1137 1244/651/1139
f 1241/648/1136 1244/651/1139 1243/650/1138
f 1244/651/1139 1245/652/1140 1243/650/1138
f 1246/653/1141 1239/646/1134 1243/650/1138
f 1246/653/1141 1243/650/1138 1245/652/1140
f 1240/647/1135 1239/646/1134 1246/653/1141
f 1240/647/1135 1246/653/1141 1247/654/1142
f 1248/655/1143 1249/656/1144 1232/639/1127
f 1248/655/1143 1232/639/1127 1233/640/1128
f 1236/643/1131 1240/647/1135 1237/644/1132
f 1240/647/1135 1250/657/1145 1237/644/1132
f 1237/644/1132 1250/657/1145 1251/658/1146
f 1252/659/1147 1250/657/1145 1240/647/1135
f 1252/659/1147 1240/647/1135 1247/654/1142
f 1253/660/1148 1251/658/1146 1250/657/1145
f 1253/660/1148 1250/657/1145 1254/661/1149
f 1253/660/1148 1254/661/1149 1255/662/1150
f 1248/655/1143 1253/660/1148 1255/662/1150
f 1248/655/1143 1255/662/1150 1249/656/1144
f 1254/661/1149 1250/657/1145 1252/659/1147
f 1256/663/1151 1257/664/1152 1258/665/1153
f 1256/663/1151 1258/665/1153 1259/666/1154
f 1260/667/1155 1261/668/1156 1262/669/1157
f 1260/667/1155 1262/669/1157 1263/670/1158
f 1264/671/1159 1256/663/1151 1259/666/1154
f 1264/671/1159 1259/666/1154 1265/672/1160
f 1266/673/1161 1267/674/1162 1264/671/1159
f 1266/673/1161 1264/671/1159 1265/672/1160
f 1268/675/1163 1269/676/1164 1270/677/1165
f 1268/675/1163 1270/677/1165 1271/678/1166
f 1265/672/1160 1272/679/1167 1273/680/1168
f 1265/672/1160 1273/680/1168 1266/673/1161
f 1262/669/1157 1274/681/1169 1275/682/1170
f 1262/669/1157 1275/682/1170 1263/670/1158
f 1276/683/1171 1263/670/1158 1275/682/1170
f 1276/683/1171 1275/682/1170 1277/684/1172
f 1271/678/1166 1278/685/1173 1279/686/1174
f 1271/678/1166 1279/686/1174 1268/675/1163
f 1279/686/1174 1278/685/1173 1275/682/1170
f 1279/686/1174 1275/682/1170 1274/681/1169
f 1269/676/1164 1268/675/1163 1280/687/1175
f 1269/676/1164 1280/687/1175 1281/688/1176
f 1271/678/1166 1270/677/1165 1282/689/1177
f 1271/678/1166 1282/689/1177 1283/690/1178
f 1278/685/1173 1271/678/1166 1283/690/1178
f 1278/685/1173 1283/690/1178 1284/691/1179
f 1267/674/1162 1266/673/1161 1285/692/1180
f 1267/674/1162 1285/692/1180 1286/693/1181
f 1273/680/1168 1287/694/1182 1285/692/1180
f 1273/680/1168 1285/692/1180 1266/673/1161
f 1275/682/1170 1278/685/1173 1284/691/1179
f 1275/682/1170 1284/691/1179 1277/684/1172
f 1288/695/1183 1289/696/1184 1290/697/1185
f 1288/695/1183 1290/697/1185 1291/698/1186
f 1286/693/1181 1285/692/1180 1288/695/1183
f 1286/693/1181 1288/695/1183 1292/699/1187
f 1287/694/1182 1289/696/1184 1288/695/1183
f 1287/694/1182 1288/695/1183 1285/692/1180
f 1288/695/1183 1291/698/1186 1293/700/1188
f 1288/695/1183 1293/700/1188 1292/699/1187
f 1294/701/1189 1280/687/1175 1268/675/1163
f 1294/701/1189 1268/675/1163 1279/686/1174
f 1284/691/1179 1287/694/1182 1273/680/1168
f 1284/691/1179 1273/680/1168 1277/684/1172
f 1283/690/1178 1289/696/1184 1287/694/1182
f 1283/690/1178 1287/694/1182 1284/691/1179
f 1283/690/1178 1282/689/1177 1290/697/1185
f 1283/690/1178 1290/697/1185 1289/696/1184
f 1272/679/1167 1276/683/1171 1277/684/1172
f 1272/679/1167 1277/684/1172 1273/680/1168
f 1256/663/1151 1295/702/1190 1296/703/1191
f 1256/663/1151 1296/703/1191 1257/664/1152
f 1297/704/1192 1298/705/1193 1258/665/1153
f 1297/704/1192 1258/665/1153 1257/664/1152
f 1257/664/1152 1296/703/1191 1299/706/1194
f 1257/664/1152 1299/706/1194 1297/704/1192
f 1300/707/1195 1267/674/1162 1286/693/1181
f 1300/707/1195 1286/693/1181 1301/708/1196
f 1301/708/1196 1286/693/1181 1292/699/1187
f 1301/708/1196 1292/699/1187 1302/709/1197
f 1302/709/1197 1292/699/1187 1293/700/1188
f 1302/709/1197 1293/700/1188 1303/443/1198
f 1304/710/1199 1302/709/1197 1303/443/1198
f 1304/710/1199 1303/443/1198 1305/711/1200
f 1306/712/1201 1301/708/1196 1302/709/1197
f 1306/712/1201 1302/709/1197 1304/710/1199
f 1307/713/1202 1308/714/1203 1309/715/1204
f 1307/713/1202 1309/715/1204 1310/716/1205
f 1311/717/1206 1312/718/1207 1308/714/1203
f 1311/717/1206 1308/714/1203 1307/713/1202
f 1300/707/1195 1301/708/1196 1306/712/1201
f 1300/707/1195 1306/712/1201 1313/719/1208
f 1314/720/1209 1296/703/1191 1295/702/1190
f 1314/720/1209 1295/702/1190 1315/721/1210
f 1267/674/1162 1300/707/1195 1316/722/1211
f 1267/674/1162 1316/722/1211 1264/671/1159
f 1295/702/1190 1256/663/1151 1264/671/1159
f 1295/702/1190 1264/671/1159 1316/722/1211
f 1316/722/1211 1300/707/1195 1313/719/1208
f 1316/722/1211 1313/719/1208 1317/723/1212
f 1295/702/1190 1316/722/1211 1317/723/1212
f 1295/702/1190 1317/723/1212 1318/724/1213
f 1309/715/1204 1319/725/1214 1320/726/1215
f 1309/715/1204 1320/726/1215 1310/716/1205
f 1318/724/1213 1321/727/1216 1315/721/1210
f 1318/724/1213 1315/721/1210 1295/702/1190
f 1322/728/1217 1320/726/1215 1319/725/1214
f 1322/728/1217 1319/725/1214 1323/729/1218
f 1322/728/1217 1323/729/1218 1324/730/1219
f 1322/728/1217 1324/730/1219 1325/731/1220
f 1326/732/1221 1327/733/1222 1315/721/1210
f 1326/732/1221 1315/721/1210 1321/727/1216
f 1326/732/1221 1325/731/1220 1324/730/1219
f 1326/732/1221 1324/730/1219 1327/733/1222
f 1328/734/1223 1329/735/1224 1330/736/1225
f 1328/734/1223 1330/736/1225 1331/737/1226
f 1281/688/1176 1280/687/1175 1330/736/1225
f 1281/688/1176 1330/736/1225 1329/735/1224
f 1332/738/1227 1333/739/1228 1334/740/1229
f 1332/738/1227 1334/740/1229 1335/741/1230
f 1262/669/1157 1261/668/1156 1336/742/1231
f 1262/669/1157 1336/742/1231 1337/743/1232
f 1274/681/1169 1262/669/1157 1337/743/1232
f 1274/681/1169 1337/743/1232 1338/744/1233
f 1338/744/1233 1294/701/1189 1279/686/1174
f 1338/744/1233 1279/686/1174 1274/681/1169
f 1280/687/1175 1294/701/1189 1339/745/1234
f 1280/687/1175 1339/745/1234 1330/736/1225
f 1340/746/1235 1304/710/1199 1305/711/1200
f 1340/746/1235 1305/711/1200 1341/445/1236
f 1342/747/1237 1306/712/1201 1304/710/1199
f 1342/747/1237 1304/710/1199 1340/746/1235
f 1313/719/1208 1306/712/1201 1342/747/1237
f 1313/719/1208 1342/747/1237 1343/748/1238
f 1317/723/1212 1313/719/1208 1343/748/1238
f 1317/723/1212 1343/748/1238 1344/749/1239
f 1318/724/1213 1317/723/1212 1344/749/1239
f 1318/724/1213 1344/749/1239 1345/750/1240
f 1345/750/1240 1346/751/1241 1321/727/1216
f 1345/750/1240 1321/727/1216 1318/724/1213
f 1347/752/1242 1326/732/1221 1321/727/1216
f 1347/752/1242 1321/727/1216 1346/751/1241
f 1347/752/1242 1348/753/1243 1325/731/1220
f 1347/752/1242 1325/731/1220 1326/732/1221
f 1349/754/1244 1322/728/1217 1325/731/1220
f 1349/754/1244 1325/731/1220 1348/753/1243
f 1349/754/1244 1350/755/1245 1320/726/1215
f 1349/754/1244 1320/726/1215 1322/728/1217
f 1310/716/1205 1320/726/1215 1350/755/1245
f 1310/716/1205 1350/755/1245 1351/756/1246
f 1352/757/1247 1307/713/1202 1310/716/1205
f 1352/757/1247 1310/716/1205 1351/756/1246
f 1353/758/1248 1311/717/1206 1307/713/1202
f 1353/758/1248 1307/713/1202 1352/757/1247
f 1258/665/1153 1354/759/1249 1355/760/1250
f 1258/665/1153 1355/760/1250 1259/666/1154
f 1276/683/1171 1356/761/1251 1260/667/1155
f 1276/683/1171 1260/667/1155 1263/670/1158
f 1259/666/1154 1355/760/1250 1272/679/1167
f 1259/666/1154 1272/679/1167 1265/672/1160
f 1356/761/1251 1276/683/1171 1272/679/1167
f 1356/761/1251 1272/679/1167 1355/760/1250
f 1354/759/1249 1258/665/1153 1298/705/1193
f 1354/759/1249 1298/705/1193 1357/762/1252
f 1298/705/1193 1358/763/1253 1359/764/1254
f 1298/705/1193 1359/764/1254 1357/762/1252
f 1360/765/1255 1358/763/1253 1298/705/1193
f 1360/765/1255 1298/705/1193 1297/704/1192
f 1299/706/1194 1361/766/1256 1360/765/1255
f 1299/706/1194 1360/765/1255 1297/704/1192
f 1261/668/1156 1362/767/1257 1363/768/1258
f 1261/668/1156 1363/768/1258 1336/742/1231
f 1364/769/1259 1365/770/1260 1366/771/1261
f 1364/769/1259 1366/771/1261 1367/772/1262
f 1260/667/1155 1368/773/1263 1362/767/1257
f 1260/667/1155 1362/767/1257 1261/668/1156
f 1369/774/1264 1370/775/1265 1336/742/1231
f 1369/774/1264 1336/742/1231 1363/768/1258
f 1367/772/1262 1366/771/1261 1371/776/1266
f 1367/772/1262 1371/776/1266 1372/777/1267
f 1373/778/1268 1356/761/1251 1355/760/1250
f 1373/778/1268 1355/760/1250 1354/759/1249
f 1367/772/1262 1363/768/1258 1362/767/1257
f 1367/772/1262 1362/767/1257 1364/769/1259
f 1372/777/1267 1374/779/1269 1363/768/1258
f 1372/777/1267 1363/768/1258 1367/772/1262
f 1375/780/1270 1376/781/1271 1377/782/1209
f 1375/780/1270 1377/782/1209 1378/783/1272
f 1296/703/1191 1377/782/1209 1376/781/1271
f 1296/703/1191 1376/781/1271 1299/706/1194
f 1379/784/1273 1375/780/1270 1378/783/1272
f 1379/784/1273 1378/783/1272 1380/785/1274
f 1379/784/1273 1381/786/1275 1382/787/1276
f 1379/784/1273 1382/787/1276 1375/780/1270
f 1383/788/1272 1314/720/1209 1315/721/1210
f 1383/788/1272 1315/721/1210 1327/733/1222
f 1384/789/1277 1361/766/1256 1299/706/1194
f 1384/789/1277 1299/706/1194 1376/781/1271
f 1382/787/1276 1384/789/1277 1376/781/1271
f 1382/787/1276 1376/781/1271 1375/780/1270
f 1372/777/1267 1371/776/1266 1385/790/1278
f 1372/777/1267 1385/790/1278 1386/791/1279
f 1387/792/1280 1388/793/1281 1370/775/1265
f 1387/792/1280 1370/775/1265 1369/774/1264
f 1386/791/1279 1389/794/1282 1374/779/1269
f 1386/791/1279 1374/779/1269 1372/777/1267
f 1390/795/1283 1391/796/1284 1392/797/1285
f 1390/795/1283 1392/797/1285 1393/798/1286
f 1394/799/1287 1395/800/1288 1392/797/1285
f 1394/799/1287 1392/797/1285 1391/796/1284
f 1396/801/1289 1397/802/1290 1398/803/1291
f 1395/800/1288 1394/799/1287 1386/791/1279
f 1395/800/1288 1386/791/1279 1385/790/1278
f 1391/796/1284 1390/795/1283 1399/804/1292
f 1391/796/1284 1399/804/1292 1400/805/1293
f 1394/799/1287 1401/806/1289 1389/794/1282
f 1394/799/1287 1389/794/1282 1386/791/1279
f 1388/793/1281 1387/792/1280 1396/801/1289
f 1388/793/1281 1396/801/1289 1398/803/1291
f 1400/805/1293 1401/806/1289 1394/799/1287
f 1400/805/1293 1394/799/1287 1391/796/1284
f 1393/798/1286 1402/807/1294 1403/808/1295
f 1393/798/1286 1403/808/1295 1390/795/1283
f 1390/795/1283 1403/808/1295 1404/809/1296
f 1390/795/1283 1404/809/1296 1399/804/1292
f 1405/810/1297 1406/811/1298 1379/784/1273
f 1405/810/1297 1379/784/1273 1380/785/1274
f 1381/786/1275 1379/784/1273 1406/811/1298
f 1381/786/1275 1406/811/1298 1407/812/1299
f 1408/813/1300 1365/770/1260 1364/769/1259
f 1408/813/1300 1364/769/1259 1409/814/1301
f 1362/767/1257 1368/773/1263 1409/814/1301
f 1362/767/1257 1409/814/1301 1364/769/1259
f 1403/808/1295 1410/815/1302 1411/816/1303
f 1403/808/1295 1411/816/1303 1404/809/1296
f 1412/817/1304 1413/818/1305 1414/819/1306
f 1412/817/1304 1414/819/1306 1415/820/1307
f 1410/815/1302 1416/821/1308 1417/822/1309
f 1410/815/1302 1417/822/1309 1411/816/1303
f 1416/821/1308 1410/815/1302 1413/818/1305
f 1416/821/1308 1413/818/1305 1412/817/1304
f 1406/811/1298 1416/821/1308 1418/823/1310
f 1406/811/1298 1418/823/1310 1407/812/1299
f 1403/808/1295 1402/807/1294 1419/824/1311
f 1403/808/1295 1419/824/1311 1410/815/1302
f 1406/811/1298 1405/810/1297 1417/822/1309
f 1406/811/1298 1417/822/1309 1416/821/1308
f 1413/818/1305 1420/825/1312 1421/826/1313
f 1413/818/1305 1421/826/1313 1414/819/1306
f 1413/818/1305 1410/815/1302 1419/824/1311
f 1413/818/1305 1419/824/1311 1420/825/1312
f 1416/821/1308 1412/817/1304 1422/827/1314
f 1416/821/1308 1422/827/1314 1418/823/1310
f 1415/820/1307 1423/828/1315 1422/827/1314
f 1415/820/1307 1422/827/1314 1412/817/1304
f 1424/829/1316 1373/778/1268 1354/759/1249
f 1424/829/1316 1354/759/1249 1357/762/1252
f 1425/830/1317 1424/829/1316 1357/762/1252
f 1425/830/1317 1357/762/1252 1359/764/1254
f 1424/829/1316 1426/831/1318 1427/832/1319
f 1424/829/1316 1427/832/1319 1373/778/1268
f 1427/832/1319 1368/773/1263 1260/667/1155
f 1427/832/1319 1260/667/1155 1356/761/1251
f 1356/761/1251 1373/778/1268 1427/832/1319
f 1415/820/1307 1414/819/1306 1428/833/1320
f 1415/820/1307 1428/833/1320 1426/831/1318
f 1429/834/1321 1408/813/1300 1409/814/1301
f 1429/834/1321 1409/814/1301 1428/833/1320
f 1426/831/1318 1428/833/1320 1427/832/1319
f 1368/773/1263 1427/832/1319 1428/833/1320
f 1368/773/1263 1428/833/1320 1409/814/1301
f 1414/819/1306 1421/826/1313 1429/834/1321
f 1414/819/1306 1429/834/1321 1428/833/1320
f 1415/820/1307 1426/831/1318 1430/835/1322
f 1415/820/1307 1430/835/1322 1423/828/1315
f 1424/829/1316 1425/830/1317 1430/835/1322
f 1424/829/1316 1430/835/1322 1426/831/1318
f 1431/836/1323 1332/738/1227 1335/741/1230
f 1431/836/1323 1335/741/1230 1432/837/1324
f 1433/838/1325 1328/734/1223 1331/737/1226
f 1433/838/1325 1331/737/1226 1434/839/1326
f 1435/840/1327 1337/743/1232 1336/742/1231
f 1435/840/1327 1336/742/1231 1370/775/1265
f 1330/736/1225 1339/745/1234 1436/841/1328
f 1330/736/1225 1436/841/1328 1331/737/1226
f 1294/701/1189 1338/744/1233 1437/842/1329
f 1294/701/1189 1437/842/1329 1339/745/1234
f 1337/743/1232 1435/840/1327 1437/842/1329
f 1337/743/1232 1437/842/1329 1338/744/1233
f 1339/745/1234 1437/842/1329 1438/843/1330
f 1339/745/1234 1438/843/1330 1436/841/1328
f 1438/843/1330 1439/844/1331 1440/845/1332
f 1438/843/1330 1440/845/1332 1441/846/1333
f 1442/847/1334 1443/848/1335 1440/845/1332
f 1442/847/1334 1440/845/1332 1439/844/1331
f 1444/849/1336 1445/850/1337 1443/848/1335
f 1444/849/1336 1443/848/1335 1442/847/1334
f 1446/851/1338 1333/739/1228 1332/738/1227
f 1446/851/1338 1332/738/1227 1447/852/1339
f 1370/775/1265 1388/793/1281 1448/853/1340
f 1370/775/1265 1448/853/1340 1435/840/1327
f 1449/854/1341 1450/855/1342 1451/856/1343
f 1449/854/1341 1451/856/1343 1447/852/1339
f 1431/836/1323 1449/854/1341 1447/852/1339
f 1431/836/1323 1447/852/1339 1332/738/1227
f 1452/857/1344 1434/839/1326 1331/737/1226
f 1452/857/1344 1331/737/1226 1436/841/1328
f 1441/846/1333 1452/857/1344 1436/841/1328
f 1441/846/1333 1436/841/1328 1438/843/1330
f 1442/847/1334 1435/840/1327 1448/853/1340
f 1442/847/1334 1448/853/1340 1444/849/1336
f 1439/844/1331 1437/842/1329 1435/840/1327
f 1439/844/1331 1435/840/1327 1442/847/1334
f 1438/843/1330 1437/842/1329 1439/844/1331
f 1453/858/1345 1445/850/1337 1444/849/1336
f 1453/858/1345 1444/849/1336 1454/859/1346
f 1451/856/1343 1450/855/1342 1455/860/1347
f 1451/856/1343 1455/860/1347 1456/861/1348
f 1446/851/1338 1447/852/1339 1451/856/1343
f 1446/851/1338 1451/856/1343 1457/862/1349
f 1455/860/1347 1453/858/1345 1454/859/1346
f 1455/860/1347 1454/859/1346 1456/861/1348
f 1448/853/1340 1388/793/1281 1458/863/1350
f 1388/793/1281 1398/803/1291 1458/863/1350
f 1398/803/1291 1459/864/1351 1458/863/1350
f 1451/856/1343 1456/861/1348 1457/862/1349
f 1454/859/1346 1458/863/1350 1456/861/1348
f 1448/853/1340 1458/863/1350 1454/859/1346
f 1448/853/1340 1454/859/1346 1444/849/1336
f 1459/864/1351 1457/862/1349 1456/861/1348
f 1459/864/1351 1456/861/1348 1458/863/1350
f 1460/865/1352 1461/866/1353 1462/867/1354
f 1460/865/1352 1462/867/1354 1463/868/1355
f 1464/869/1356 1465/870/1357 1466/871/1358
f 1464/869/1356 1466/871/1358 1467/872/1359
f 1468/873/1360 1469/874/1361 1461/866/1353
f 1468/873/1360 1461/866/1353 1460/865/1352
f 1470/875/1362 1469/874/1361 1468/873/1360
f 1470/875/1362 1468/873/1360 1471/876/1363
f 1472/877/1364 1473/878/1365 1270/677/1165
f 1472/877/1364 1270/677/1165 1269/676/1164
f 1469/874/1361 1470/875/1362 1474/879/1366
f 1469/874/1361 1474/879/1366 1475/880/1367
f 1466/871/1358 1465/870/1357 1476/881/1368
f 1466/871/1358 1476/881/1368 1477/882/1369
f 1478/883/1370 1479/884/1371 1476/881/1368
f 1478/883/1370 1476/881/1368 1465/870/1357
f 1473/878/1365 1472/877/1364 1480/885/1372
f 1473/878/1365 1480/885/1372 1481/886/1373
f 1480/885/1372 1477/882/1369 1476/881/1368
f 1480/885/1372 1476/881/1368 1481/886/1373
f 1269/676/1164 1281/688/1176 1482/887/1374
f 1269/676/1164 1482/887/1374 1472/877/1364
f 1473/878/1365 1483/888/1375 1282/689/1177
f 1473/878/1365 1282/689/1177 1270/677/1165
f 1481/886/1373 1484/889/1376 1483/888/1375
f 1481/886/1373 1483/888/1375 1473/878/1365
f 1471/876/1363 1485/890/1377 1486/891/1378
f 1471/876/1363 1486/891/1378 1470/875/1362
f 1474/879/1366 1470/875/1362 1486/891/1378
f 1474/879/1366 1486/891/1378 1487/892/1379
f 1476/881/1368 1479/884/1371 1484/889/1376
f 1476/881/1368 1484/889/1376 1481/886/1373
f 1488/893/1380 1291/698/1186 1290/697/1185
f 1488/893/1380 1290/697/1185 1489/894/1381
f 1485/890/1377 1490/895/1382 1488/893/1380
f 1485/890/1377 1488/893/1380 1486/891/1378
f 1487/892/1379 1486/891/1378 1488/893/1380
f 1487/892/1379 1488/893/1380 1489/894/1381
f 1488/893/1380 1490/895/1382 1293/700/1188
f 1488/893/1380 1293/700/1188 1291/698/1186
f 1491/896/1383 1480/885/1372 1472/877/1364
f 1491/896/1383 1472/877/1364 1482/887/1374
f 1484/889/1376 1479/884/1371 1474/879/1366
f 1484/889/1376 1474/879/1366 1487/892/1379
f 1483/888/1375 1484/889/1376 1487/892/1379
f 1483/888/1375 1487/892/1379 1489/894/1381
f 1483/888/1375 1489/894/1381 1290/697/1185
f 1483/888/1375 1290/697/1185 1282/689/1177
f 1475/880/1367 1474/879/1366 1479/884/1371
f 1475/880/1367 1479/884/1371 1478/883/1370
f 1460/865/1352 1463/868/1355 1492/897/1384
f 1460/865/1352 1492/897/1384 1493/898/1385
f 1494/899/1386 1463/868/1355 1462/867/1354
f 1494/899/1386 1462/867/1354 1495/900/1387
f 1463/868/1355 1494/899/1386 1496/901/1388
f 1463/868/1355 1496/901/1388 1492/897/1384
f 1497/902/1389 1498/903/1390 1485/890/1377
f 1497/902/1389 1485/890/1377 1471/876/1363
f 1498/903/1390 1499/904/1391 1490/895/1382
f 1498/903/1390 1490/895/1382 1485/890/1377
f 1499/904/1391 1303/443/1198 1293/700/1188
f 1499/904/1391 1293/700/1188 1490/895/1382
f 1500/905/1392 1305/711/1200 1303/443/1198
f 1500/905/1392 1303/443/1198 1499/904/1391
f 1501/906/1393 1500/905/1392 1499/904/1391
f 1501/906/1393 1499/904/1391 1498/903/1390
f 1502/907/1394 1503/908/1395 1504/909/1396
f 1502/907/1394 1504/909/1396 1505/910/1397
f 1311/717/1206 1502/907/1394 1505/910/1397
f 1311/717/1206 1505/910/1397 1312/718/1207
f 1497/902/1389 1506/911/1398 1501/906/1393
f 1497/902/1389 1501/906/1393 1498/903/1390
f 1507/912/1399 1508/913/1400 1493/898/1385
f 1507/912/1399 1493/898/1385 1492/897/1384
f 1471/876/1363 1468/873/1360 1509/914/1401
f 1471/876/1363 1509/914/1401 1497/902/1389
f 1493/898/1385 1509/914/1401 1468/873/1360
f 1493/898/1385 1468/873/1360 1460/865/1352
f 1509/914/1401 1510/915/1402 1506/911/1398
f 1509/914/1401 1506/911/1398 1497/902/1389
f 1493/898/1385 1511/916/1403 1510/915/1402
f 1493/898/1385 1510/915/1402 1509/914/1401
f 1504/909/1396 1503/908/1395 1512/917/1404
f 1504/909/1396 1512/917/1404 1513/918/1405
f 1511/916/1403 1493/898/1385 1508/913/1400
f 1511/916/1403 1508/913/1400 1514/919/1406
f 1515/920/1407 1516/921/1408 1513/918/1405
f 1515/920/1407 1513/918/1405 1512/917/1404
f 1515/920/1407 1517/922/1409 1518/923/1410
f 1515/920/1407 1518/923/1410 1516/921/1408
f 1519/924/1411 1514/919/1406 1508/913/1400
f 1519/924/1411 1508/913/1400 1520/925/1412
f 1519/924/1411 1520/925/1412 1518/923/1410
f 1519/924/1411 1518/923/1410 1517/922/1409
f 1328/734/1223 1521/926/1413 1522/927/1414
f 1328/734/1223 1522/927/1414 1329/735/1224
f 1281/688/1176 1329/735/1224 1522/927/1414
f 1281/688/1176 1522/927/1414 1482/887/1374
f 1523/928/1415 1335/741/1230 1334/740/1229
f 1523/928/1415 1334/740/1229 1524/929/1416
f 1466/871/1358 1525/930/1417 1526/931/1418
f 1466/871/1358 1526/931/1418 1467/872/1359
f 1477/882/1369 1527/932/1419 1525/930/1417
f 1477/882/1369 1525/930/1417 1466/871/1358
f 1527/932/1419 1477/882/1369 1480/885/1372
f 1527/932/1419 1480/885/1372 1491/896/1383
f 1482/887/1374 1522/927/1414 1528/933/1420
f 1482/887/1374 1528/933/1420 1491/896/1383
f 1529/934/1421 1341/445/1236 1305/711/1200
f 1529/934/1421 1305/711/1200 1500/905/1392
f 1530/935/1422 1529/934/1421 1500/905/1392
f 1530/935/1422 1500/905/1392 1501/906/1393
f 1506/911/1398 1531/936/1423 1530/935/1422
f 1506/911/1398 1530/935/1422 1501/906/1393
f 1510/915/1402 1532/937/1424 1531/936/1423
f 1510/915/1402 1531/936/1423 1506/911/1398
f 1511/916/1403 1533/938/1425 1532/937/1424
f 1511/916/1403 1532/937/1424 1510/915/1402
f 1533/938/1425 1511/916/1403 1514/919/1406
f 1533/938/1425 1514/919/1406 1534/939/1426
f 1535/940/1427 1534/939/1426 1514/919/1406
f 1535/940/1427 1514/919/1406 1519/924/1411
f 1535/940/1427 1519/924/1411 1517/922/1409
f 1535/940/1427 1517/922/1409 1536/941/1428
f 1537/942/1429 1536/941/1428 1517/922/1409
f 1537/942/1429 1517/922/1409 1515/920/1407
f 1537/942/1429 1515/920/1407 1512/917/1404
f 1537/942/1429 1512/917/1404 1538/943/1430
f 1503/908/1395 1539/944/1431 1538/943/1430
f 1503/908/1395 1538/943/1430 1512/917/1404
f 1540/945/1432 1539/944/1431 1503/908/1395
f 1540/945/1432 1503/908/1395 1502/907/1394
f 1353/758/1248 1540/945/1432 1502/907/1394
f 1353/758/1248 1502/907/1394 1311/717/1206
f 1462/867/1354 1461/866/1353 1541/946/1433
f 1462/867/1354 1541/946/1433 1542/947/1434
f 1478/883/1370 1465/870/1357 1464/869/1356
f 1478/883/1370 1464/869/1356 1543/948/1435
f 1461/866/1353 1469/874/1361 1475/880/1367
f 1461/866/1353 1475/880/1367 1541/946/1433
f 1543/948/1435 1541/946/1433 1475/880/1367
f 1543/948/1435 1475/880/1367 1478/883/1370
f 1542/947/1434 1544/949/1436 1495/900/1387
f 1542/947/1434 1495/900/1387 1462/867/1354
f 1495/900/1387 1544/949/1436 1545/950/1437
f 1495/900/1387 1545/950/1437 1546/951/1438
f 1547/952/1439 1494/899/1386 1495/900/1387
f 1547/952/1439 1495/900/1387 1546/951/1438
f 1496/901/1388 1494/899/1386 1547/952/1439
f 1496/901/1388 1547/952/1439 1548/953/1440
f 1467/872/1359 1526/931/1418 1549/954/1441
f 1467/872/1359 1549/954/1441 1550/955/1442
f 1551/956/1443 1552/957/1444 1553/958/1445
f 1551/956/1443 1553/958/1445 1554/959/1446
f 1464/869/1356 1467/872/1359 1550/955/1442
f 1464/869/1356 1550/955/1442 1555/960/1447
f 1556/961/1448 1549/954/1441 1526/931/1418
f 1556/961/1448 1526/931/1418 1557/962/1449
f 1552/957/1444 1558/963/1450 1559/964/1451
f 1552/957/1444 1559/964/1451 1553/958/1445
f 1560/965/1452 1542/947/1434 1541/946/1433
f 1560/965/1452 1541/946/1433 1543/948/1435
f 1552/957/1444 1551/956/1443 1550/955/1442
f 1552/957/1444 1550/955/1442 1549/954/1441
f 1558/963/1450 1552/957/1444 1549/954/1441
f 1558/963/1450 1549/954/1441 1561/966/1453
f 1562/967/1454 1563/968/1455 1564/969/1456
f 1562/967/1454 1564/969/1456 1565/970/1457
f 1492/897/1384 1496/901/1388 1565/970/1457
f 1492/897/1384 1565/970/1457 1564/969/1456
f 1566/971/1458 1567/972/1459 1563/968/1455
f 1566/971/1458 1563/968/1455 1562/967/1454
f 1566/971/1458 1562/967/1454 1568/973/1460
f 1566/971/1458 1568/973/1460 1569/974/1461
f 1570/975/1455 1520/925/1412 1508/913/1400
f 1570/975/1455 1508/913/1400 1507/912/1399
f 1571/976/1462 1565/970/1457 1496/901/1388
f 1571/976/1462 1496/901/1388 1548/953/1440
f 1568/973/1460 1562/967/1454 1565/970/1457
f 1568/973/1460 1565/970/1457 1571/976/1462
f 1558/963/1450 1572/977/1463 1573/978/1464
f 1558/963/1450 1573/978/1464 1559/964/1451
f 1574/979/1465 1556/961/1448 1557/962/1449
f 1574/979/1465 1557/962/1449 1575/980/1466
f 1572/977/1463 1558/963/1450 1561/966/1453
f 1572/977/1463 1561/966/1453 1576/981/1467
f 1577/982/1468 1578/983/1469 1579/984/1470
f 1577/982/1468 1579/984/1470 1580/985/1471
f 1581/986/1472 1580/985/1471 1579/984/1470
f 1581/986/1472 1579/984/1470 1582/987/1473
f 1583/988/1474 1584/989/1475 1585/990/1476
f 1582/987/1473 1573/978/1464 1572/977/1463
f 1582/987/1473 1572/977/1463 1581/986/1472
f 1580/985/1471 1586/991/1477 1587/992/1478
f 1580/985/1471 1587/992/1478 1577/982/1468
f 1581/986/1472 1572/977/1463 1576/981/1467
f 1581/986/1472 1576/981/1467 1588/993/1479
f 1575/980/1466 1584/989/1475 1583/988/1474
f 1575/980/1466 1583/988/1474 1574/979/1465
f 1586/991/1477 1580/985/1471 1581/986/1472
f 1586/991/1477 1581/986/1472 1588/993/1479
f 1578/983/1469 1577/982/1468 1589/994/1480
f 1578/983/1469 1589/994/1480 1590/995/1481
f 1577/982/1468 1587/992/1478 1591/996/1482
f 1577/982/1468 1591/996/1482 1589/994/1480
f 1592/997/1483 1567/972/1459 1566/971/1458
f 1592/997/1483 1566/971/1458 1593/998/1484
f 1569/974/1461 1594/999/1485 1593/998/1484
f 1569/974/1461 1593/998/1484 1566/971/1458
f 1595/1000/1486 1596/1001/1487 1551/956/1443
f 1595/1000/1486 1551/956/1443 1554/959/1446
f 1550/955/1442 1551/956/1443 1596/1001/1487
f 1550/955/1442 1596/1001/1487 1555/960/1447
f 1589/994/1480 1591/996/1482 1597/1002/1488
f 1589/994/1480 1597/1002/1488 1598/1003/1489
f 1599/1004/1490 1600/1005/1491 1601/1006/1492
f 1599/1004/1490 1601/1006/1492 1602/1007/1493
f 1598/1003/1489 1597/1002/1488 1603/1008/1494
f 1598/1003/1489 1603/1008/1494 1604/1009/1495
f 1604/1009/1495 1599/1004/1490 1602/1007/1493
f 1604/1009/1495 1602/1007/1493 1598/1003/1489
f 1593/998/1484 1594/999/1485 1605/1010/1496
f 1593/998/1484 1605/1010/1496 1604/1009/1495
f 1589/994/1480 1598/1003/1489 1606/1011/1497
f 1589/994/1480 1606/1011/1497 1590/995/1481
f 1593/998/1484 1604/1009/1495 1603/1008/1494
f 1593/998/1484 1603/1008/1494 1592/997/1483
f 1602/1007/1493 1601/1006/1492 1607/1012/1498
f 1602/1007/1493 1607/1012/1498 1608/1013/1499
f 1602/1007/1493 1608/1013/1499 1606/1011/1497
f 1602/1007/1493 1606/1011/1497 1598/1003/1489
f 1604/1009/1495 1605/1010/1496 1609/1014/1500
f 1604/1009/1495 1609/1014/1500 1599/1004/1490
f 1600/1005/1491 1599/1004/1490 1609/1014/1500
f 1600/1005/1491 1609/1014/1500 1610/1015/1501
f 1611/1016/1502 1544/949/1436 1542/947/1434
f 1611/1016/1502 1542/947/1434 1560/965/1452
f 1612/1017/1503 1545/950/1437 1544/949/1436
f 1612/1017/1503 1544/949/1436 1611/1016/1502
f 1611/1016/1502 1560/965/1452 1613/1018/1504
f 1611/1016/1502 1613/1018/1504 1614/1019/1505
f 1613/1018/1504 1543/948/1435 1464/869/1356
f 1613/1018/1504 1464/869/1356 1555/960/1447
f 1543/948/1435 1613/1018/1504 1560/965/1452
f 1600/1005/1491 1614/1019/1505 1615/1020/1506
f 1600/1005/1491 1615/1020/1506 1601/1006/1492
f 1616/1021/1507 1615/1020/1506 1596/1001/1487
f 1616/1021/1507 1596/1001/1487 1595/1000/1486
f 1614/1019/1505 1613/1018/1504 1615/1020/1506
f 1555/960/1447 1596/1001/1487 1615/1020/1506
f 1555/960/1447 1615/1020/1506 1613/1018/1504
f 1601/1006/1492 1615/1020/1506 1616/1021/1507
f 1601/1006/1492 1616/1021/1507 1607/1012/1498
f 1600/1005/1491 1610/1015/1501 1617/1022/1508
f 1600/1005/1491 1617/1022/1508 1614/1019/1505
f 1611/1016/1502 1614/1019/1505 1617/1022/1508
f 1611/1016/1502 1617/1022/1508 1612/1017/1503
f 1618/1023/1509 1432/837/1324 1335/741/1230
f 1618/1023/1509 1335/741/1230 1523/928/1415
f 1433/838/1325 1619/1024/1510 1521/926/1413
f 1433/838/1325 1521/926/1413 1328/734/1223
f 1620/1025/1511 1557/962/1449 1526/931/1418
f 1620/1025/1511 1526/931/1418 1525/930/1417
f 1522/927/1414 1521/926/1413 1621/1026/1512
f 1522/927/1414 1621/1026/1512 1528/933/1420
f 1491/896/1383 1528/933/1420 1622/1027/1513
f 1491/896/1383 1622/1027/1513 1527/932/1419
f 1525/930/1417 1527/932/1419 1622/1027/1513
f 1525/930/1417 1622/1027/1513 1620/1025/1511
f 1528/933/1420 1621/1026/1512 1623/1028/1514
f 1528/933/1420 1623/1028/1514 1622/1027/1513
f 1623/1028/1514 1624/1029/1515 1625/1030/1516
f 1623/1028/1514 1625/1030/1516 1626/1031/1517
f 1627/1032/1518 1626/1031/1517 1625/1030/1516
f 1627/1032/1518 1625/1030/1516 1628/1033/1519
f 1629/1034/1520 1627/1032/1518 1628/1033/1519
f 1629/1034/1520 1628/1033/1519 1630/1035/1521
f 1631/1036/1522 1632/1037/1523 1523/928/1415
f 1631/1036/1522 1523/928/1415 1524/929/1416
f 1557/962/1449 1620/1025/1511 1633/1038/1524
f 1557/962/1449 1633/1038/1524 1575/980/1466
f 1634/1039/1525 1632/1037/1523 1635/1040/1526
f 1634/1039/1525 1635/1040/1526 1636/1041/1527
f 1618/1023/1509 1523/928/1415 1632/1037/1523
f 1618/1023/1509 1632/1037/1523 1634/1039/1525
f 1637/1042/1528 1621/1026/1512 1521/926/1413
f 1637/1042/1528 1521/926/1413 1619/1024/1510
f 1624/1029/1515 1623/1028/1514 1621/1026/1512
f 1624/1029/1515 1621/1026/1512 1637/1042/1528
f 1627/1032/1518 1629/1034/1520 1633/1038/1524
f 1627/1032/1518 1633/1038/1524 1620/1025/1511
f 1626/1031/1517 1627/1032/1518 1620/1025/1511
f 1626/1031/1517 1620/1025/1511 1622/1027/1513
f 1623/1028/1514 1626/1031/1517 1622/1027/1513
f 1638/1043/1529 1639/1044/1530 1629/1034/1520
f 1638/1043/1529 1629/1034/1520 1630/1035/1521
f 1635/1040/1526 1640/1045/1531 1641/1046/1532
f 1635/1040/1526 1641/1046/1532 1636/1041/1527
f 1631/1036/1522 1642/1047/1533 1635/1040/1526
f 1631/1036/1522 1635/1040/1526 1632/1037/1523
f 1641/1046/1532 1640/1045/1531 1639/1044/1530
f 1641/1046/1532 1639/1044/1530 1638/1043/1529
f 1633/1038/1524 1643/1048/1534 1575/980/1466
f 1575/980/1466 1643/1048/1534 1584/989/1475
f 1584/989/1475 1643/1048/1534 1644/1049/1535
f 1635/1040/1526 1642/1047/1533 1640/1045/1531
f 1639/1044/1530 1640/1045/1531 1643/1048/1534
f 1633/1038/1524 1629/1034/1520 1639/1044/1530
f 1633/1038/1524 1639/1044/1530 1643/1048/1534
f 1644/1049/1535 1643/1048/1534 1640/1045/1531
f 1644/1049/1535 1640/1045/1531 1642/1047/1533
f 1645/1050/1536 1646/1051/1537 1647/1052/1538
f 1645/1050/1536 1647/1052/1538 1648/1053/1539
f 1649/1054/1540 1650/1055/1541 1651/1056/1542
f 1650/1055/1541 1652/1057/1543 1653/1058/1544
f 1650/1055/1541 1653/1058/1544 1651/1056/1542
f 1649/1054/1540 1654/1059/1545 1655/1060/1546
f 1647/1052/1538 1656/1061/1547 1655/1060/1546
f 1647/1052/1538 1655/1060/1546 1654/1059/1545
f 1647/1052/1538 1646/1051/1537 1656/1061/1547
f 1657/1062/1548 1658/1063/1549 1659/1064/1550
f 1653/1058/1544 1652/1057/1543 1660/1065/1551
f 1652/1057/1543 1659/1064/1550 1658/1063/1549
f 1652/1057/1543 1658/1063/1549 1660/1065/1551
f 1652/1057/1543 1650/1055/1541 1661/1066/1552
f 1652/1057/1543 1661/1066/1552 1662/1067/1553
f 1655/1060/1546 1656/1061/1547 1663/1068/1554
f 1655/1060/1546 1663/1068/1554 1664/1069/1555
f 1659/1064/1550 1652/1057/1543 1662/1067/1553
f 1659/1064/1550 1662/1067/1553 1665/1070/1556
f 1662/1067/1553 1661/1066/1552 1666/1071/729
f 1664/1069/1555 1663/1068/1554 1667/1072/729
f 1665/1070/1556 1662/1067/1553 1666/1071/729
f 1668/1073/1557 1669/1074/1558 1670/1075/1559
f 1668/1073/1557 1670/1075/1559 1671/1076/1560
f 1668/1073/1557 1671/1076/1560 1672/1077/1561
f 1668/1073/1557 1672/1077/1561 1673/1078/1562
f 1670/1075/1559 1669/1074/1558 1674/1079/1563
f 1670/1075/1559 1674/1079/1563 1675/1080/1564
f 1674/1079/1563 1676/1081/1565 1677/1082/1566
f 1674/1079/1563 1677/1082/1566 1675/1080/1564
f 1678/1083/1567 1679/1084/1568 1680/1085/1569
f 1678/1083/1567 1680/1085/1569 1681/1086/1570
f 1679/1084/1568 1682/1087/1571 1683/1088/1572
f 1679/1084/1568 1683/1088/1572 1680/1085/1569
f 1684/1089/1573 1685/1090/1574 1686/1091/1575
f 1684/1089/1573 1686/1091/1575 1687/1092/1576
f 1678/1083/1567 1681/1086/1570 1688/1093/1577
f 1678/1083/1567 1688/1093/1577 1689/1094/1578
f 1690/1095/1579 1691/1096/1580 1692/1097/1581
f 1690/1095/1579 1692/1097/1581 1693/1098/1582
f 1694/205/1583 1695/207/1584 1696/1099/1585
f 1694/205/1583 1696/1099/1585 1697/1100/1586
f 1698/1101/1587 1699/1102/1588 1700/1103/1589
f 1698/1101/1587 1700/1103/1589 1701/1104/1590
f 1682/1087/1571 1679/1084/1568 1702/1105/1591
f 1682/1087/1571 1702/1105/1591 1703/1106/1592
f 1702/1105/1591 1679/1084/1568 1678/1083/1567
f 1702/1105/1591 1678/1083/1567 1704/1107/1593
f 1704/1107/1593 1678/1083/1567 1689/1094/1578
f 1704/1107/1593 1689/1094/1578 1705/1108/1594
f 1706/1109/1595 1707/1110/1596 1708/1111/1597
f 1706/1109/1595 1708/1111/1597 1709/1112/1598
f 1710/1113/1599 1708/1111/1597 1707/1110/1596
f 1710/1113/1599 1707/1110/1596 1711/1114/1600
f 1709/1112/1598 1708/1111/1597 1712/1115/1601
f 1709/1112/1598 1712/1115/1601 1713/1116/1602
f 1714/1117/1603 1712/1115/1601 1708/1111/1597
f 1714/1117/1603 1708/1111/1597 1710/1113/1599
f 1715/1118/1604 1716/1119/1605 1717/1120/1606
f 1715/1118/1604 1717/1120/1606 1718/1121/1607
f 1714/1117/1603 1710/1113/1599 1717/1120/1606
f 1714/1117/1603 1717/1120/1606 1716/1119/1605
f 1719/1122/1608 1720/1123/1609 1721/1124/1610
f 1719/1122/1608 1721/1124/1610 1722/1125/1611
f 1715/1118/1604 1718/1121/1607 1721/1124/1610
f 1715/1118/1604 1721/1124/1610 1720/1123/1609
f 1723/1126/1612 1724/1127/1613 1725/1128/1614
f 1723/1126/1612 1725/1128/1614 1722/1125/1611
f 1726/1129/1615 1725/1128/1614 1724/1127/1613
f 1726/1129/1615 1724/1127/1613 1727/1130/1616
f 1728/1131/1617 1729/1132/1618 1721/1124/1610
f 1728/1131/1617 1721/1124/1610 1718/1121/1607
f 1723/1126/1612 1722/1125/1611 1721/1124/1610
f 1723/1126/1612 1721/1124/1610 1729/1132/1618
f 1710/1113/1599 1711/1114/1600 1730/1133/1619
f 1710/1113/1599 1730/1133/1619 1717/1120/1606
f 1728/1131/1617 1718/1121/1607 1717/1120/1606
f 1728/1131/1617 1717/1120/1606 1730/1133/1619
f 1719/1122/1608 1722/1125/1611 1725/1128/1614
f 1719/1122/1608 1725/1128/1614 1731/1134/1620
f 1732/1135/1621 1731/1134/1620 1725/1128/1614
f 1732/1135/1621 1725/1128/1614 1726/1129/1615
f 1733/1136/1622 1734/1137/1623 1735/1138/1624
f 1733/1136/1622 1735/1138/1624 1736/1139/1625
f 1737/1140/1626 1738/1141/1627 1739/1142/1628
f 1737/1140/1626 1739/1142/1628 1740/1143/1629
f 1741/1144/1630 1742/1145/1631 1743/1146/1632
f 1741/1144/1630 1743/1146/1632 1744/1147/1633
f 1745/1148/1634 1743/1146/1632 1742/1145/1631
f 1745/1148/1634 1742/1145/1631 1746/1149/1635
f 1745/1148/1634 1746/1149/1635 1747/1150/1636
f 1745/1148/1634 1747/1150/1636 1748/1151/1637
f 1749/1152/1638 1750/1153/1639 1738/1141/1627
f 1749/1152/1638 1738/1141/1627 1737/1140/1626
f 1738/1141/1627 1750/1153/1639 1751/1154/1640
f 1738/1141/1627 1751/1154/1640 1752/1155/1641
f 1753/1156/1642 1754/1157/1643 1743/1146/1632
f 1753/1156/1642 1743/1146/1632 1745/1148/1634
f 1744/1147/1633 1743/1146/1632 1754/1157/1643
f 1744/1147/1633 1754/1157/1643 1755/1158/1644
f 1756/1159/1645 1757/1160/1646 1758/1161/1647
f 1756/1159/1645 1758/1161/1647 1748/1151/1637
f 1753/1156/1642 1745/1148/1634 1748/1151/1637
f 1753/1156/1642 1748/1151/1637 1758/1161/1647
f 1759/1162/1648 1760/1163/1649 1761/1164/1650
f 1759/1162/1648 1761/1164/1650 1762/1165/1651
f 1741/1144/1630 1744/1147/1633 1761/1164/1650
f 1741/1144/1630 1761/1164/1650 1760/1163/1649
f 1744/1147/1633 1755/1158/1644 1763/1166/1652
f 1744/1147/1633 1763/1166/1652 1761/1164/1650
f 1762/1165/1651 1761/1164/1650 1763/1166/1652
f 1762/1165/1651 1763/1166/1652 1764/1167/1653
f 1762/1165/1651 1764/1167/1653 1765/1168/1654
f 1762/1165/1651 1765/1168/1654 1766/1169/1655
f 1767/1170/1656 1732/1135/1621 1726/1129/1615
f 1767/1170/1656 1726/1129/1615 1768/1171/1657
f 1769/1172/1658 1770/1173/1659 1771/1174/1660
f 1769/1172/1658 1771/1174/1660 1772/1175/1661
f 1773/1176/1662 1769/1172/1658 1772/1175/1661
f 1773/1176/1662 1772/1175/1661 1774/1177/1663
f 1682/1087/1571 1684/1089/1573 1687/1092/1576
f 1682/1087/1571 1687/1092/1576 1683/1088/1572
f 1775/1178/1664 1705/1108/1594 1776/1179/1665
f 1775/1178/1664 1776/1179/1665 1777/1180/1666
f 1737/1140/1626 1740/1143/1629 1778/1181/1667
f 1737/1140/1626 1778/1181/1667 1779/1182/1666
f 1689/1094/1578 1780/1183/1668 1776/1179/1665
f 1689/1094/1578 1776/1179/1665 1705/1108/1594
f 1780/1183/1668 1689/1094/1578 1688/1093/1577
f 1780/1183/1668 1688/1093/1577 1781/1184/1669
f 1782/1185/1670 1783/1186/1671 1780/1183/1668
f 1782/1185/1670 1780/1183/1668 1781/1184/1669
f 1784/1187/1672 1785/1188/1673 1777/1180/1666
f 1784/1187/1672 1777/1180/1666 1776/1179/1665
f 1779/1182/1666 1786/1189/1674 1749/1152/1638
f 1779/1182/1666 1749/1152/1638 1737/1140/1626
f 1784/1187/1672 1776/1179/1665 1780/1183/1668
f 1784/1187/1672 1780/1183/1668 1783/1186/1671
f 1787/1190/1675 1734/1137/1623 1742/1145/1631
f 1787/1190/1675 1742/1145/1631 1741/1144/1630
f 1788/1191/1676 1789/1192/1677 1760/1163/1649
f 1788/1191/1676 1760/1163/1649 1759/1162/1648
f 1790/1193/1678 1791/1194/1679 1789/1192/1677
f 1790/1193/1678 1789/1192/1677 1788/1191/1676
f 1728/1131/1617 1730/1133/1619 1792/1195/1680
f 1728/1131/1617 1792/1195/1680 1793/1196/1681
f 1697/1100/1586 1696/1099/1585 1699/1102/1588
f 1697/1100/1586 1699/1102/1588 1698/1101/1587
f 1794/1197/1682 1690/1095/1579 1693/1098/1582
f 1794/1197/1682 1693/1098/1582 1795/1198/1683
f 1690/1095/1579 1794/1197/1682 1701/1104/1590
f 1690/1095/1579 1701/1104/1590 1796/1199/1684
f 1797/1200/1685 1698/1101/1587 1701/1104/1590
f 1797/1200/1685 1701/1104/1590 1794/1197/1682
f 1694/205/1583 1697/1100/1586 1798/1201/1686
f 1694/205/1583 1798/1201/1686 1799/206/1687
f 1697/1100/1586 1698/1101/1587 1797/1200/1685
f 1697/1100/1586 1797/1200/1685 1798/1201/1686
f 1800/1202/1688 1787/1190/1675 1789/1192/1677
f 1800/1202/1688 1789/1192/1677 1791/1194/1679
f 1727/1130/1616 1724/1127/1613 1801/1203/1689
f 1727/1130/1616 1801/1203/1689 1802/1204/1690
f 1803/1205/1691 1801/1203/1689 1724/1127/1613
f 1803/1205/1691 1724/1127/1613 1723/1126/1612
f 1802/1204/1690 1801/1203/1689 1804/1206/1692
f 1802/1204/1690 1804/1206/1692 1805/1207/1693
f 1801/1203/1689 1803/1205/1691 1806/1208/1694
f 1801/1203/1689 1806/1208/1694 1804/1206/1692
f 1807/1209/1695 1808/1210/1696 1809/1211/1697
f 1810/1212/1698 1811/1213/1699 1812/1214/1700
f 1810/1212/1698 1812/1214/1700 1813/1215/1701
f 1814/1216/1702 1813/1215/1701 1812/1214/1700
f 1814/1216/1702 1812/1214/1700 1815/1217/1703
f 1816/1218/1704 1817/1219/1705 1818/1220/1706
f 1816/1218/1704 1818/1220/1706 1819/1221/1707
f 1820/1222/1708 1818/1220/1706 1817/1219/1705
f 1820/1222/1708 1817/1219/1705 1821/1223/1709
f 1822/1224/1710 1823/1225/1711 1824/1226/1712
f 1822/1224/1710 1824/1226/1712 1825/1227/1713
f 1826/1228/1714 1827/1229/1715 1828/1230/1716
f 1826/1228/1714 1828/1230/1716 1829/1231/1708
f 1830/1232/1717 1831/1233/1718 1832/1234/1719
f 1830/1232/1717 1832/1234/1719 1833/1235/1720
f 1834/1236/1721 1832/1234/1719 1831/1233/1718
f 1834/1236/1721 1831/1233/1718 1835/1237/1722
f 1836/1238/1723 1837/1239/1724 1818/1220/1706
f 1836/1238/1723 1818/1220/1706 1820/1222/1708
f 1819/1221/1707 1818/1220/1706 1837/1239/1724
f 1819/1221/1707 1837/1239/1724 1838/1240/1725
f 1839/1241/1702 1840/1242/1726 1831/1233/1718
f 1839/1241/1702 1831/1233/1718 1830/1232/1717
f 1841/1243/1717 1677/1082/1566 1813/1215/1701
f 1841/1243/1717 1813/1215/1701 1814/1216/1702
f 1828/1230/1716 1842/1244/1727 1843/1245/1723
f 1828/1230/1716 1843/1245/1723 1829/1231/1708
f 1792/1195/1680 1844/1246/1728 1693/1098/1582
f 1792/1195/1680 1693/1098/1582 1692/1097/1581
f 1844/1246/1728 1792/1195/1680 1730/1133/1619
f 1844/1246/1728 1730/1133/1619 1711/1114/1600
f 1844/1246/1728 1845/1247/1729 1795/1198/1683
f 1844/1246/1728 1795/1198/1683 1693/1098/1582
f 1803/1205/1691 1723/1126/1612 1729/1132/1618
f 1803/1205/1691 1729/1132/1618 1846/1248/1730
f 1728/1131/1617 1793/1196/1681 1846/1248/1730
f 1728/1131/1617 1846/1248/1730 1729/1132/1618
f 1847/1249/1731 1848/1250/1732 1706/1109/1595
f 1847/1249/1731 1706/1109/1595 1709/1112/1598
f 1847/1249/1731 1709/1112/1598 1713/1116/1602
f 1847/1249/1731 1713/1116/1602 1849/1251/1733
f 1849/1251/1733 1850/1252/1734 1851/1253/1735
f 1849/1251/1733 1851/1253/1735 1847/1249/1731
f 1851/1253/1735 1852/1254/1736 1848/1250/1732
f 1851/1253/1735 1848/1250/1732 1847/1249/1731
f 1853/1255/1737 1854/1256/1738 1855/1257/1739
f 1853/1255/1737 1855/1257/1739 1856/1258/1740
f 1851/1253/1735 1850/1252/1734 1855/1257/1739
f 1851/1253/1735 1855/1257/1739 1854/1256/1738
f 1856/1258/1740 1816/1218/1704 1819/1221/1707
f 1856/1258/1740 1819/1221/1707 1853/1255/1737
f 1857/1259/1741 1858/1260/1742 1859/1261/1743
f 1857/1259/1741 1859/1261/1743 1860/1262/1744
f 1819/1221/1707 1838/1240/1725 1861/1263/1745
f 1819/1221/1707 1861/1263/1745 1853/1255/1737
f 1835/1237/1722 1862/1264/1746 1863/1265/1747
f 1835/1237/1722 1863/1265/1747 1834/1236/1721
f 1859/1261/1743 1864/1266/1748 1865/1267/1749
f 1859/1261/1743 1865/1267/1749 1860/1262/1744
f 1865/1267/1749 1864/1266/1748 1845/1247/1729
f 1865/1267/1749 1845/1247/1729 1844/1246/1728
f 1866/1268/1750 1867/1269/1751 1858/1260/1742
f 1866/1268/1750 1858/1260/1742 1857/1259/1741
f 1863/1265/1747 1862/1264/1746 1858/1260/1742
f 1863/1265/1747 1858/1260/1742 1867/1269/1751
f 1853/1255/1737 1861/1263/1745 1868/1270/1752
f 1853/1255/1737 1868/1270/1752 1854/1256/1738
f 1852/1254/1736 1851/1253/1735 1854/1256/1738
f 1852/1254/1736 1854/1256/1738 1868/1270/1752
f 1844/1246/1728 1711/1114/1600 1707/1110/1596
f 1844/1246/1728 1707/1110/1596 1865/1267/1749
f 1860/1262/1744 1865/1267/1749 1707/1110/1596
f 1860/1262/1744 1707/1110/1596 1706/1109/1595
f 1869/1271/1753 1870/1272/1754 1871/1273/1755
f 1869/1271/1753 1871/1273/1755 1872/1274/1756
f 1873/1275/1757 1874/1276/1758 1843/1245/1723
f 1873/1275/1757 1843/1245/1723 1842/1244/1727
f 1838/1240/1725 1837/1239/1724 1832/1234/1719
f 1838/1240/1725 1832/1234/1719 1834/1236/1721
f 1832/1234/1719 1837/1239/1724 1836/1238/1723
f 1832/1234/1719 1836/1238/1723 1833/1235/1720
f 1834/1236/1721 1863/1265/1747 1861/1263/1745
f 1834/1236/1721 1861/1263/1745 1838/1240/1725
f 1852/1254/1736 1868/1270/1752 1867/1269/1751
f 1852/1254/1736 1867/1269/1751 1866/1268/1750
f 1867/1269/1751 1868/1270/1752 1861/1263/1745
f 1867/1269/1751 1861/1263/1745 1863/1265/1747
f 1866/1268/1750 1857/1259/1741 1848/1250/1732
f 1866/1268/1750 1848/1250/1732 1852/1254/1736
f 1860/1262/1744 1706/1109/1595 1848/1250/1732
f 1860/1262/1744 1848/1250/1732 1857/1259/1741
f 1787/1190/1675 1741/1144/1630 1760/1163/1649
f 1787/1190/1675 1760/1163/1649 1789/1192/1677
f 1746/1149/1635 1742/1145/1631 1734/1137/1623
f 1746/1149/1635 1734/1137/1623 1733/1136/1622
f 1875/1277/1759 1876/1278/1760 1877/1279/1761
f 1875/1277/1759 1877/1279/1761 1878/1280/1762
f 1878/1280/1762 1879/1281/1763 1880/1282/1764
f 1878/1280/1762 1880/1282/1764 1875/1277/1759
f 1881/1283/1765 1882/1284/1766 1880/1282/1764
f 1881/1283/1765 1880/1282/1764 1879/1281/1763
f 1883/1285/1767 1822/1224/1710 1825/1227/1713
f 1883/1285/1767 1825/1227/1713 1884/1286/1768
f 1885/1287/1769 1886/1288/1770 1870/1272/1754
f 1885/1287/1769 1870/1272/1754 1869/1271/1753
f 1870/1272/1754 1886/1288/1770 1887/1289/1771
f 1870/1272/1754 1887/1289/1771 1888/1290/1772
f 1872/1274/1756 1871/1273/1755 1825/1227/1713
f 1872/1274/1756 1825/1227/1713 1824/1226/1712
f 1825/1227/1713 1871/1273/1755 1889/1291/1773
f 1825/1227/1713 1889/1291/1773 1884/1286/1768
f 1888/1290/1772 1889/1291/1773 1871/1273/1755
f 1888/1290/1772 1871/1273/1755 1870/1272/1754
f 1890/1292/1774 1891/1293/1775 1892/1294/1776
f 1893/1295/1777 1703/1106/1592 1894/1296/1778
f 1893/1295/1777 1894/1296/1778 1895/1297/1779
f 1893/1295/1777 1684/1089/1573 1682/1087/1571
f 1893/1295/1777 1682/1087/1571 1703/1106/1592
f 1896/1298/1780 1685/1090/1574 1684/1089/1573
f 1896/1298/1780 1684/1089/1573 1893/1295/1777
f 1891/1293/1775 1897/1299/1781 1892/1294/1776
f 1892/1294/1776 1897/1299/1781 1898/1300/1782
f 1897/1299/1781 1899/1301/1783 1898/1300/1782
f 1876/1278/1760 1892/1294/1776 1898/1300/1782
f 1876/1278/1760 1898/1300/1782 1877/1279/1761
f 1879/1281/1763 1878/1280/1762 1900/1302/1784
f 1879/1281/1763 1900/1302/1784 1901/1303/1785
f 1902/1304/1786 1733/1136/1622 1736/1139/1625
f 1902/1304/1786 1736/1139/1625 1901/1303/1785
f 1879/1281/1763 1901/1303/1785 1736/1139/1625
f 1879/1281/1763 1736/1139/1625 1881/1283/1765
f 1877/1279/1761 1903/1305/1787 1900/1302/1784
f 1877/1279/1761 1900/1302/1784 1878/1280/1762
f 1828/1230/1716 1827/1229/1715 1883/1285/1767
f 1828/1230/1716 1883/1285/1767 1884/1286/1768
f 1842/1244/1727 1828/1230/1716 1884/1286/1768
f 1842/1244/1727 1884/1286/1768 1889/1291/1773
f 1873/1275/1757 1842/1244/1727 1889/1291/1773
f 1873/1275/1757 1889/1291/1773 1888/1290/1772
f 1813/1215/1701 1677/1082/1566 1676/1081/1565
f 1813/1215/1701 1676/1081/1565 1810/1212/1698
f 1873/1275/1757 1677/1082/1566 1841/1243/1717
f 1873/1275/1757 1841/1243/1717 1874/1276/1758
f 1887/1289/1771 1677/1082/1566 1873/1275/1757
f 1887/1289/1771 1873/1275/1757 1888/1290/1772
f 1904/1306/1788 1905/1307/1789 1896/1298/1780
f 1904/1306/1788 1896/1298/1780 1906/1308/1790
f 1907/1309/1791 1904/1306/1788 1906/1308/1790
f 1907/1309/1791 1906/1308/1790 1908/1310/1792
f 1909/1311/1793 1907/1309/1791 1908/1310/1792
f 1909/1311/1793 1908/1310/1792 1910/1312/1794
f 1911/1313/1795 1909/1311/1793 1910/1312/1794
f 1911/1313/1795 1910/1312/1794 1912/1314/1796
f 1765/1168/1654 1773/1176/1662 1774/1177/1663
f 1765/1168/1654 1774/1177/1663 1766/1169/1655
f 1747/1150/1636 1746/1149/1635 1733/1136/1622
f 1747/1150/1636 1733/1136/1622 1902/1304/1786
f 1913/1315/1797 1914/1316/1798 1915/1317/1799
f 1913/1315/1797 1915/1317/1799 1916/1318/1800
f 1757/1160/1646 1756/1159/1645 1916/1318/1800
f 1757/1160/1646 1916/1318/1800 1915/1317/1799
f 1914/1316/1798 1913/1315/1797 1752/1155/1641
f 1914/1316/1798 1752/1155/1641 1751/1154/1640
f 1747/1150/1636 1917/1319/1801 1756/1159/1645
f 1747/1150/1636 1756/1159/1645 1748/1151/1637
f 1902/1304/1786 1901/1303/1785 1900/1302/1784
f 1902/1304/1786 1900/1302/1784 1918/1320/1802
f 1917/1319/1801 1919/1321/1803 1916/1318/1800
f 1917/1319/1801 1916/1318/1800 1756/1159/1645
f 1747/1150/1636 1902/1304/1786 1918/1320/1802
f 1747/1150/1636 1918/1320/1802 1917/1319/1801
f 1920/1322/1804 1921/1323/1805 1804/1206/1692
f 1920/1322/1804 1804/1206/1692 1806/1208/1694
f 1791/1194/1679 1921/1323/1805 1920/1322/1804
f 1791/1194/1679 1920/1322/1804 1800/1202/1688
f 1790/1193/1678 1922/1324/1806 1921/1323/1805
f 1790/1193/1678 1921/1323/1805 1791/1194/1679
f 1921/1323/1805 1922/1324/1806 1805/1207/1693
f 1921/1323/1805 1805/1207/1693 1804/1206/1692
f 1675/1080/1564 1677/1082/1566 1887/1289/1771
f 1675/1080/1564 1887/1289/1771 1670/1075/1559
f 1672/1077/1561 1671/1076/1560 1886/1288/1770
f 1672/1077/1561 1886/1288/1770 1885/1287/1769
f 1923/1325/1807 1924/1326/710 1925/1327/1808
f 1923/1325/1807 1925/1327/1808 1926/1328/1809
f 1812/1214/1700 1811/1213/1699 1923/1325/1807
f 1812/1214/1700 1923/1325/1807 1926/1328/1809
f 1815/1217/1703 1812/1214/1700 1926/1328/1809
f 1815/1217/1703 1926/1328/1809 1925/1327/1808
f 1840/1242/1726 1839/1241/1702 1927/1329/1810
f 1840/1242/1726 1927/1329/1810 1928/1330/1811
f 1929/1331/1812 1930/1332/1813 1931/1333/1814
f 1835/1237/1722 1831/1233/1718 1840/1242/1726
f 1835/1237/1722 1840/1242/1726 1929/1331/1812
f 1929/1331/1812 1931/1333/1814 1932/1334/1815
f 1929/1331/1812 1932/1334/1815 1933/1335/1816
f 1862/1264/1746 1933/1335/1816 1859/1261/1743
f 1862/1264/1746 1859/1261/1743 1858/1260/1742
f 1835/1237/1722 1929/1331/1812 1933/1335/1816
f 1835/1237/1722 1933/1335/1816 1862/1264/1746
f 1932/1334/1815 1864/1266/1748 1859/1261/1743
f 1932/1334/1815 1859/1261/1743 1933/1335/1816
f 1934/1336/1817 1935/1337/1818 1936/1338/710
f 1934/1336/1817 1936/1338/710 1937/1339/1819
f 1928/1330/1811 1927/1329/1810 1935/1337/1818
f 1928/1330/1811 1935/1337/1818 1934/1336/1817
f 1930/1332/1813 1928/1330/1811 1934/1336/1817
f 1930/1332/1813 1934/1336/1817 1937/1339/1819
f 1928/1330/1811 1930/1332/1813 1929/1331/1812
f 1928/1330/1811 1929/1331/1812 1840/1242/1726
f 1671/1076/1560 1670/1075/1559 1887/1289/1771
f 1671/1076/1560 1887/1289/1771 1886/1288/1770
f 1938/1340/1820 1939/1341/1821 1940/1342/1822
f 1938/1340/1820 1940/1342/1822 1941/1343/1823
f 1939/1341/1821 1942/1344/1824 1943/1345/1825
f 1939/1341/1821 1943/1345/1825 1940/1342/1822
f 1944/1346/1826 1942/1344/1824 1939/1341/1821
f 1944/1346/1826 1939/1341/1821 1945/1347/1827
f 1938/1340/1820 1941/1343/1823 1946/1348/1828
f 1945/1347/1827 1939/1341/1821 1938/1340/1820
f 1945/1347/1827 1938/1340/1820 1947/1349/1829
f 1948/1350/1830 1946/1348/1828 1668/1073/1557
f 1948/1350/1830 1668/1073/1557 1673/1078/1562
f 1948/1350/1830 1947/1349/1829 1938/1340/1820
f 1948/1350/1830 1938/1340/1820 1946/1348/1828
f 1949/1351/1831 1950/1352/1832 1951/1353/1833
f 1949/1351/1831 1951/1353/1833 1952/1354/1834
f 1950/1352/1832 1953/1355/1835 1954/1356/1836
f 1950/1352/1832 1954/1356/1836 1951/1353/1833
f 1955/1357/1837 1954/1356/1836 1953/1355/1835
f 1955/1357/1837 1953/1355/1835 1956/1358/1838
f 1957/1359/1839 1958/1360/1840 1959/1361/1841
f 1957/1359/1839 1959/1361/1841 1960/1362/1842
f 1912/1314/1796 1959/1361/1841 1958/1360/1840
f 1912/1314/1796 1958/1360/1840 1961/1363/1843
f 1962/1364/1844 1911/1313/1795 1912/1314/1796
f 1962/1364/1844 1912/1314/1796 1961/1363/1843
f 1963/1365/1845 1964/1366/1846 1965/1367/1847
f 1963/1365/1845 1965/1367/1847 1966/1368/1848
f 1911/1313/1795 1965/1367/1847 1964/1366/1846
f 1911/1313/1795 1964/1366/1846 1909/1311/1793
f 1905/1307/1789 1904/1306/1788 1964/1366/1846
f 1905/1307/1789 1964/1366/1846 1963/1365/1845
f 1907/1309/1791 1909/1311/1793 1964/1366/1846
f 1907/1309/1791 1964/1366/1846 1904/1306/1788
f 1685/1090/1574 1963/1365/1845 1966/1368/1848
f 1685/1090/1574 1966/1368/1848 1686/1091/1575
f 1896/1298/1780 1905/1307/1789 1963/1365/1845
f 1896/1298/1780 1963/1365/1845 1685/1090/1574
f 1911/1313/1795 1962/1364/1844 1967/1369/1849
f 1911/1313/1795 1967/1369/1849 1965/1367/1847
f 1966/1368/1848 1965/1367/1847 1967/1369/1849
f 1968/1370/1850 1969/1371/1851 1899/1301/1783
f 1968/1370/1850 1899/1301/1783 1897/1299/1781
f 1968/1370/1850 1897/1299/1781 1891/1293/1775
f 1968/1370/1850 1891/1293/1775 1970/1372/1852
f 1971/1373/1853 1970/1372/1852 1891/1293/1775
f 1971/1373/1853 1891/1293/1775 1890/1292/1774
f 1971/1373/1853 1890/1292/1774 1972/1374/1854
f 1971/1373/1853 1972/1374/1854 1648/1053/1539
f 1645/1050/1536 1648/1053/1539 1972/1374/1854
f 1645/1050/1536 1972/1374/1854 1973/1375/1855
f 1645/1050/1536 1973/1375/1855 1974/1376/1856
f 1645/1050/1536 1974/1376/1856 1975/1377/1857
f 1968/1370/1850 1970/1372/1852 1649/1054/1540
f 1968/1370/1850 1649/1054/1540 1651/1056/1542
f 1968/1370/1850 1651/1056/1542 1653/1058/1544
f 1968/1370/1850 1653/1058/1544 1969/1371/1851
f 1971/1373/1853 1648/1053/1539 1647/1052/1538
f 1971/1373/1853 1647/1052/1538 1654/1059/1545
f 1971/1373/1853 1654/1059/1545 1649/1054/1540
f 1971/1373/1853 1649/1054/1540 1970/1372/1852
f 1645/1050/1536 1975/1377/1857 1976/1378/1858
f 1645/1050/1536 1976/1378/1858 1646/1051/1537
f 1977/1379/1859 1978/1380/1860 1979/1381/1861
f 1977/1379/1859 1979/1381/1861 1980/1382/1862
f 1977/1379/1859 1980/1382/1862 1976/1378/1858
f 1977/1379/1859 1976/1378/1858 1975/1377/1857
f 1981/1383/1863 1982/1384/1864 1658/1063/1549
f 1981/1383/1863 1658/1063/1549 1657/1062/1548
f 1983/1385/1865 1969/1371/1851 1653/1058/1544
f 1983/1385/1865 1653/1058/1544 1660/1065/1551
f 1983/1385/1865 1660/1065/1551 1658/1063/1549
f 1983/1385/1865 1658/1063/1549 1982/1384/1864
f 1984/1386/1866 1906/1308/1790 1896/1298/1780
f 1984/1386/1866 1896/1298/1780 1893/1295/1777
f 1985/1387/1867 1984/1386/1866 1986/1388/1868
f 1984/1386/1866 1987/1389/1696 1986/1388/1868
f 1987/1389/1696 1988/1390/1869 1986/1388/1868
f 1984/1386/1866 1893/1295/1777 1895/1297/1779
f 1984/1386/1866 1895/1297/1779 1987/1389/1696
f 1989/1391/1870 1977/1379/1859 1975/1377/1857
f 1989/1391/1870 1975/1377/1857 1974/1376/1856
f 1977/1379/1859 1989/1391/1870 1985/1387/1867
f 1977/1379/1859 1985/1387/1867 1978/1380/1860
f 1989/1391/1870 1984/1386/1866 1985/1387/1867
f 1981/1383/1863 1990/1392/1871 1991/1393/1872
f 1981/1383/1863 1991/1393/1872 1982/1384/1864
f 1808/1210/1696 1992/1394/1779 1993/1395/1873
f 1808/1210/1696 1993/1395/1873 1994/1396/1874
f 1808/1210/1696 1994/1396/1874 1809/1211/1697
f 1994/1396/1874 1995/1397/1875 1809/1211/1697
f 1877/1279/1761 1898/1300/1782 1996/1398/1876
f 1877/1279/1761 1996/1398/1876 1903/1305/1787
f 1991/1393/1872 1996/1398/1876 1997/1399/1877
f 1996/1398/1876 1898/1300/1782 1997/1399/1877
f 1899/1301/1783 1997/1399/1877 1898/1300/1782
f 1995/1397/1875 1994/1396/1874 1990/1392/1871
f 1996/1398/1876 1990/1392/1871 1994/1396/1874
f 1990/1392/1871 1981/1383/1863 1998/1400/1878
f 1990/1392/1871 1998/1400/1878 1995/1397/1875
f 1997/1399/1877 1983/1385/1865 1982/1384/1864
f 1997/1399/1877 1982/1384/1864 1991/1393/1872
f 1983/1385/1865 1997/1399/1877 1899/1301/1783
f 1983/1385/1865 1899/1301/1783 1969/1371/1851
f 1990/1392/1871 1996/1398/1876 1991/1393/1872
f 1646/1051/1537 1976/1378/1858 1999/1401/1879
f 1646/1051/1537 1999/1401/1879 1656/1061/1547
f 1980/1382/1862 1979/1381/1861 2000/1402/1880
f 1980/1382/1862 2000/1402/1880 1999/1401/1879
f 1999/1401/1879 1976/1378/1858 1980/1382/1862
f 2001/1403/1881 2000/1402/1880 1979/1381/1861
f 1663/1068/1554 1656/1061/1547 1999/1401/1879
f 1663/1068/1554 1999/1401/1879 2002/1404/1882
f 1999/1401/1879 2000/1402/1880 2003/1405/1883
f 1999/1401/1879 2003/1405/1883 2002/1404/1882
f 1663/1068/1554 2002/1404/1882 1667/1072/729
f 2002/1404/1882 2003/1405/1883 1667/1072/729
f 2004/1406/1884 2001/1403/1881 1979/1381/1861
f 2004/1406/1884 1979/1381/1861 1978/1380/1860
f 1986/1388/1868 2004/1406/1884 1978/1380/1860
f 1986/1388/1868 1978/1380/1860 1985/1387/1867
f 1657/1062/1548 1659/1064/1550 2005/1407/1885
f 1657/1062/1548 2005/1407/1885 2006/1408/1886
f 2007/1409/1887 2008/1410/1888 2005/1407/1885
f 2007/1409/1887 2005/1407/1885 2009/1411/1889
f 2009/1411/1889 2005/1407/1885 1659/1064/1550
f 2009/1411/1889 1659/1064/1550 1665/1070/1556
f 2007/1409/1887 2009/1411/1889 1666/1071/729
f 2009/1411/1889 1665/1070/1556 1666/1071/729
f 2010/1412/1890 1809/1211/1697 1995/1397/1875
f 2010/1412/1890 1995/1397/1875 1998/1400/1878
f 2011/1413/1891 2010/1412/1890 1998/1400/1878
f 2011/1413/1891 1998/1400/1878 2006/1408/1886
f 1981/1383/1863 1657/1062/1548 2006/1408/1886
f 1981/1383/1863 2006/1408/1886 1998/1400/1878
f 2000/1402/1880 2012/1414/1892 2013/1415/1893
f 2000/1402/1880 2013/1415/1893 2003/1405/1883
f 2003/1405/1883 2013/1415/1893 1667/1072/729
f 1809/1211/1697 2010/1412/1890 2014/1416/1894
f 1809/1211/1697 2014/1416/1894 1807/1209/1695
f 2001/1403/1881 2004/1406/1884 2015/1417/1894
f 2001/1403/1881 2015/1417/1894 2016/1418/1895
f 2010/1412/1890 2011/1413/1891 2017/1419/1895
f 2010/1412/1890 2017/1419/1895 2014/1416/1894
f 2004/1406/1884 1986/1388/1868 1988/1390/1869
f 2004/1406/1884 1988/1390/1869 2015/1417/1894
f 2001/1403/1881 2016/1418/1895 2012/1414/1892
f 2001/1403/1881 2012/1414/1892 2000/1402/1880
f 2011/1413/1891 2006/1408/1886 2005/1407/1885
f 2011/1413/1891 2005/1407/1885 2008/1410/1888
f 2011/1413/1891 2008/1410/1888 2017/1419/1895
f 2018/1420/1896 2019/1421/1897 2020/1422/1898
f 2018/1420/1896 2020/1422/1898 2021/1423/1899
f 2022/1424/1900 2020/1422/1898 2019/1421/1897
f 2022/1424/1900 2019/1421/1897 2023/1425/1901
f 2024/1426/1902 2025/1427/1903 2019/1421/1897
f 2024/1426/1902 2019/1421/1897 2018/1420/1896
f 2025/1427/1903 2026/1428/1904 2023/1425/1901
f 2025/1427/1903 2023/1425/1901 2019/1421/1897
f 2021/1423/1899 1943/1345/1825 2027/1429/1905
f 2021/1423/1899 2027/1429/1905 2018/1420/1896
f 2028/1430/1906 2024/1426/1902 2018/1420/1896
f 2028/1430/1906 2018/1420/1896 2027/1429/1905
f 1942/1344/1824 2027/1429/1905 1943/1345/1825
f 2026/1428/1904 2029/1431/1907 2030/1432/1908
f 2026/1428/1904 2030/1432/1908 2023/1425/1901
f 2031/1433/1909 1796/1199/1684 1701/1104/1590
f 2031/1433/1909 1701/1104/1590 1700/1103/1589
f 1700/1103/1589 2032/1434/1910 2030/1432/1908
f 1700/1103/1589 2030/1432/1908 2031/1433/1909
f 2023/1425/1901 2030/1432/1908 2032/1434/1910
f 2023/1425/1901 2032/1434/1910 2022/1424/1900
f 2033/1435/1911 2027/1429/1905 1942/1344/1824
f 2033/1435/1911 1942/1344/1824 1944/1346/1826
f 2034/1436/1912 2028/1430/1906 2027/1429/1905
f 2034/1436/1912 2027/1429/1905 2033/1435/1911
f 2035/1437/1913 1796/1199/1684 2031/1433/1909
f 2035/1437/1913 2031/1433/1909 2036/1438/1914
f 2029/1431/1907 2036/1438/1914 2031/1433/1909
f 2029/1431/1907 2031/1433/1909 2030/1432/1908
f 1690/1095/1579 1796/1199/1684 2035/1437/1913
f 1690/1095/1579 2035/1437/1913 1691/1096/1580
f 2037/1439/1915 2038/1440/1916 2039/1441/1917
f 2037/1439/1915 2039/1441/1917 2040/1442/1918
f 2039/1441/1917 2038/1440/1916 2041/1443/1919
f 2039/1441/1917 2041/1443/1919 2042/1444/1920
f 2043/1445/1921 1952/1354/1834 2044/1446/1922
f 2043/1445/1921 2044/1446/1922 2045/1447/1923
f 2039/1441/1917 2045/1447/1923 2044/1446/1922
f 2039/1441/1917 2044/1446/1922 2040/1442/1918
f 2046/1448/1924 1949/1351/1831 1952/1354/1834
f 2046/1448/1924 1952/1354/1834 2043/1445/1921
f 2042/1444/1920 2047/1449/1925 2045/1447/1923
f 2042/1444/1920 2045/1447/1923 2039/1441/1917
f 2048/1450/1926 2049/1451/1927 2046/1448/1924
f 2048/1450/1926 2046/1448/1924 2043/1445/1921
f 2047/1449/1925 2048/1450/1926 2043/1445/1921
f 2047/1449/1925 2043/1445/1921 2045/1447/1923
f 1972/1374/1854 1890/1292/1774 2050/1452/1928
f 2050/1452/1928 1890/1292/1774 1892/1294/1776
f 1972/1374/1854 2050/1452/1928 1973/1375/1855
f 1955/1357/1837 1956/1358/1838 1957/1359/1839
f 1955/1357/1837 1957/1359/1839 1960/1362/1842
f 2051/1453/1929 2050/1452/1928 1892/1294/1776
f 2051/1453/1929 1892/1294/1776 1876/1278/1760
f 1880/1282/1764 1882/1284/1766 2037/1439/1915
f 1880/1282/1764 2037/1439/1915 2052/1454/1930
f 2052/1454/1930 2037/1439/1915 2040/1442/1918
f 2052/1454/1930 2040/1442/1918 2053/1455/1931
f 2044/1446/1922 2054/1456/1932 2053/1455/1931
f 2044/1446/1922 2053/1455/1931 2040/1442/1918
f 2053/1455/1931 2055/1457/1933 2056/1458/1934
f 1951/1353/1833 1954/1356/1836 2057/1459/1935
f 1951/1353/1833 2057/1459/1935 2054/1456/1932
f 1952/1354/1834 1951/1353/1833 2054/1456/1932
f 1952/1354/1834 2054/1456/1932 2044/1446/1922
f 1974/1376/1856 2058/1460/1936 1989/1391/1870
f 1984/1386/1866 1989/1391/1870 2058/1460/1936
f 2050/1452/1928 2058/1460/1936 1973/1375/1855
f 1974/1376/1856 1973/1375/1855 2058/1460/1936
f 1908/1310/1792 1906/1308/1790 1984/1386/1866
f 1908/1310/1792 1984/1386/1866 2058/1460/1936
f 2059/1461/1937 2051/1453/1929 1876/1278/1760
f 2059/1461/1937 1876/1278/1760 1875/1277/1759
f 1875/1277/1759 1880/1282/1764 2052/1454/1930
f 1875/1277/1759 2052/1454/1930 2059/1461/1937
f 2053/1455/1931 2056/1458/1934 2059/1461/1937
f 2053/1455/1931 2059/1461/1937 2052/1454/1930
f 2055/1457/1933 2053/1455/1931 2054/1456/1932
f 2055/1457/1933 2054/1456/1932 2057/1459/1935
f 1910/1312/1794 2060/1462/1938 1959/1361/1841
f 1910/1312/1794 1959/1361/1841 1912/1314/1796
f 1960/1362/1842 1959/1361/1841 2060/1462/1938
f 1960/1362/1842 2060/1462/1938 2061/1463/1939
f 1908/1310/1792 2058/1460/1936 2060/1462/1938
f 1908/1310/1792 2060/1462/1938 1910/1312/1794
f 2062/1464/1940 2057/1459/1935 1954/1356/1836
f 2062/1464/1940 1954/1356/1836 1955/1357/1837
f 1955/1357/1837 1960/1362/1842 2061/1463/1939
f 1955/1357/1837 2061/1463/1939 2062/1464/1940
f 2051/1453/1929 2063/1465/1941 2064/1466/1942
f 2064/1466/1942 2058/1460/1936 2050/1452/1928
f 2064/1466/1942 2050/1452/1928 2051/1453/1929
f 2056/1458/1934 2063/1465/1941 2051/1453/1929
f 2056/1458/1934 2051/1453/1929 2059/1461/1937
f 2055/1457/1933 2065/1467/1943 2063/1465/1941
f 2055/1457/1933 2063/1465/1941 2056/1458/1934
f 2065/1467/1943 2055/1457/1933 2057/1459/1935
f 2065/1467/1943 2057/1459/1935 2062/1464/1940
f 2065/1467/1943 2066/1468/1944 2064/1466/1942
f 2065/1467/1943 2064/1466/1942 2063/1465/1941
f 2064/1466/1942 2066/1468/1944 2060/1462/1938
f 2064/1466/1942 2060/1462/1938 2058/1460/1936
f 2066/1468/1944 2065/1467/1943 2062/1464/1940
f 2066/1468/1944 2062/1464/1940 2061/1463/1939
f 2060/1462/1938 2066/1468/1944 2061/1463/1939
f 1775/1178/1664 2067/1469/1945 1704/1107/1593
f 1775/1178/1664 1704/1107/1593 1705/1108/1594
f 1703/1106/1592 1702/1105/1591 2068/1470/1946
f 1703/1106/1592 2068/1470/1946 1894/1296/1778
f 2067/1469/1945 2068/1470/1946 1702/1105/1591
f 2067/1469/1945 1702/1105/1591 1704/1107/1593
f 1740/1143/1629 2069/1471/1947 2070/1472/1948
f 1740/1143/1629 2070/1472/1948 1778/1181/1667
f 2071/1473/1778 2072/1474/1949 2073/1475/1950
f 2071/1473/1778 2073/1475/1950 2074/1476/1951
f 2069/1471/1947 2073/1475/1950 2075/1477/1946
f 2069/1471/1947 2075/1477/1946 2070/1472/1948
f 2076/1478/1952 2069/1471/1947 1740/1143/1629
f 2076/1478/1952 1740/1143/1629 1739/1142/1628
f 2074/1476/1951 2073/1475/1950 2076/1478/1952
f 2074/1476/1951 2076/1478/1952 2077/1479/1953
f 2074/1476/1951 1993/1395/1873 1992/1394/1779
f 2074/1476/1951 1992/1394/1779 2071/1473/1778
f 2069/1471/1947 2076/1478/1952 2073/1475/1950
f 2078/1480/1954 1739/1142/1628 1738/1141/1627
f 2078/1480/1954 1738/1141/1627 1752/1155/1641
f 1752/1155/1641 1913/1315/1797 2079/1481/1955
f 1752/1155/1641 2079/1481/1955 2078/1480/1954
f 1913/1315/1797 1916/1318/1800 1919/1321/1803
f 1913/1315/1797 1919/1321/1803 2079/1481/1955
f 2080/1482/1956 2081/1483/1957 1918/1320/1802
f 2082/1484/1958 2079/1481/1955 1919/1321/1803
f 2082/1484/1958 1919/1321/1803 2081/1483/1957
f 2078/1480/1954 2082/1484/1958 2083/1485/1959
f 2078/1480/1954 2083/1485/1959 2077/1479/1953
f 1903/1305/1787 2080/1482/1956 1918/1320/1802
f 1903/1305/1787 1918/1320/1802 1900/1302/1784
f 2081/1483/1957 1919/1321/1803 1917/1319/1801
f 2081/1483/1957 1917/1319/1801 1918/1320/1802
f 2081/1483/1957 2080/1482/1956 2083/1485/1959
f 2081/1483/1957 2083/1485/1959 2082/1484/1958
f 2080/1482/1956 1903/1305/1787 1996/1398/1876
f 2080/1482/1956 1996/1398/1876 1994/1396/1874
f 1994/1396/1874 1993/1395/1873 2083/1485/1959
f 1994/1396/1874 2083/1485/1959 2080/1482/1956
f 2078/1480/1954 2077/1479/1953 2076/1478/1952
f 2078/1480/1954 2076/1478/1952 1739/1142/1628
f 1993/1395/1873 2074/1476/1951 2077/1479/1953
f 1993/1395/1873 2077/1479/1953 2083/1485/1959
f 2082/1484/1958 2078/1480/1954 2079/1481/1955
f 1669/1074/1558 1668/1073/1557 1946/1348/1828
f 1669/1074/1558 1946/1348/1828 2084/1486/1960
f 2021/1423/1899 2020/1422/1898 2085/1487/1961
f 2021/1423/1899 2085/1487/1961 2086/1488/1962
f 2084/1486/1960 2087/1489/1963 2088/1490/1964
f 2084/1486/1960 2088/1490/1964 2089/1491/1965
f 2089/1491/1965 1674/1079/1563 1669/1074/1558
f 2089/1491/1965 1669/1074/1558 2084/1486/1960
f 1946/1348/1828 1941/1343/1823 2087/1489/1963
f 1946/1348/1828 2087/1489/1963 2084/1486/1960
f 2086/1488/1962 1940/1342/1822 1943/1345/1825
f 2086/1488/1962 1943/1345/1825 2021/1423/1899
f 2086/1488/1962 2087/1489/1963 1941/1343/1823
f 2086/1488/1962 1941/1343/1823 1940/1342/1822
f 2090/1492/1966 2087/1489/1963 2086/1488/1962
f 2090/1492/1966 2086/1488/1962 2085/1487/1961
f 2087/1489/1963 2090/1492/1966 2088/1490/1964
f 2091/1493/1967 1772/1175/1661 1771/1174/1660
f 2091/1493/1967 1771/1174/1660 2092/1494/1968
f 2093/1495/1969 2094/1496/1970 2095/1497/1971
f 2095/1497/1971 2096/1498/1972 1790/1193/1678
f 2095/1497/1971 1790/1193/1678 1788/1191/1676
f 2094/1496/1970 2093/1495/1969 1766/1169/1655
f 2094/1496/1970 1766/1169/1655 1774/1177/1663
f 2093/1495/1969 1759/1162/1648 1762/1165/1651
f 2093/1495/1969 1762/1165/1651 1766/1169/1655
f 2095/1497/1971 1788/1191/1676 1759/1162/1648
f 2095/1497/1971 1759/1162/1648 2093/1495/1969
f 1772/1175/1661 2091/1493/1967 2094/1496/1970
f 1772/1175/1661 2094/1496/1970 1774/1177/1663
f 1805/1207/1693 1922/1324/1806 2097/1499/1973
f 1805/1207/1693 2097/1499/1973 2098/1500/1974
f 2097/1499/1973 1922/1324/1806 1790/1193/1678
f 2097/1499/1973 1790/1193/1678 2096/1498/1972
f 2096/1498/1972 2095/1497/1971 2094/1496/1970
f 2096/1498/1972 2094/1496/1970 2091/1493/1967
f 2097/1499/1973 2096/1498/1972 2091/1493/1967
f 2097/1499/1973 2091/1493/1967 2092/1494/1968
f 1770/1173/1659 2099/1501/1975 2100/1502/1976
f 1770/1173/1659 2100/1502/1976 1771/1174/1660
f 1727/1130/1616 1802/1204/1690 2101/1503/1977
f 1727/1130/1616 2101/1503/1977 2102/1504/1978
f 1767/1170/1656 1768/1171/1657 2103/1505/1979
f 1767/1170/1656 2103/1505/1979 2104/1506/1980
f 1726/1129/1615 1727/1130/1616 2102/1504/1978
f 1726/1129/1615 2102/1504/1978 1768/1171/1657
f 2099/1501/1975 2104/1506/1980 2103/1505/1979
f 2099/1501/1975 2103/1505/1979 2100/1502/1976
f 1771/1174/1660 2100/1502/1976 2105/1507/1981
f 1771/1174/1660 2105/1507/1981 2092/1494/1968
f 2106/1508/1982 2101/1503/1977 2098/1500/1974
f 2106/1508/1982 2098/1500/1974 2105/1507/1981
f 2106/1508/1982 2103/1505/1979 1768/1171/1657
f 2106/1508/1982 1768/1171/1657 2102/1504/1978
f 2106/1508/1982 2105/1507/1981 2100/1502/1976
f 2106/1508/1982 2100/1502/1976 2103/1505/1979
f 1802/1204/1690 1805/1207/1693 2098/1500/1974
f 1802/1204/1690 2098/1500/1974 2101/1503/1977
f 2098/1500/1974 2097/1499/1973 2092/1494/1968
f 2098/1500/1974 2092/1494/1968 2105/1507/1981
f 2101/1503/1977 2106/1508/1982 2102/1504/1978
f 1735/1138/1624 2107/1509/1983 1881/1283/1765
f 1735/1138/1624 1881/1283/1765 1736/1139/1625
f 2107/1509/1983 2108/1510/1984 1882/1284/1766
f 2107/1509/1983 1882/1284/1766 1881/1283/1765
f 1882/1284/1766 2108/1510/1984 2038/1440/1916
f 1882/1284/1766 2038/1440/1916 2037/1439/1915
f 1692/1097/1581 1691/1096/1580 2109/1511/1985
f 1692/1097/1581 2109/1511/1985 2110/1512/1986
f 2110/1512/1986 1793/1196/1681 1792/1195/1680
f 2110/1512/1986 1792/1195/1680 1692/1097/1581
f 2111/1513/1987 2109/1511/1985 1691/1096/1580
f 2111/1513/1987 1691/1096/1580 2035/1437/1913
f 2036/1438/1914 2112/1514/1988 2111/1513/1987
f 2036/1438/1914 2111/1513/1987 2035/1437/1913
f 2113/1515/1989 2114/1516/1990 1920/1322/1804
f 2113/1515/1989 1920/1322/1804 1806/1208/1694
f 1806/1208/1694 1803/1205/1691 2115/1517/1991
f 1806/1208/1694 2115/1517/1991 2113/1515/1989
f 2110/1512/1986 2116/1518/1992 1846/1248/1730
f 2110/1512/1986 1846/1248/1730 1793/1196/1681
f 1803/1205/1691 1846/1248/1730 2116/1518/1992
f 1803/1205/1691 2116/1518/1992 2115/1517/1991
f 2117/1519/1993 2114/1516/1990 2113/1515/1989
f 2117/1519/1993 2113/1515/1989 2118/1520/1994
f 2119/1521/1995 2120/1522/1996 2121/1523/1997
f 2119/1521/1995 2121/1523/1997 2122/1524/1998
f 2120/1522/1996 2123/1525/1999 2124/1526/2000
f 2120/1522/1996 2124/1526/2000 2121/1523/1997
f 2038/1440/1916 2108/1510/1984 2125/1527/2001
f 2038/1440/1916 2125/1527/2001 2041/1443/1919
f 2123/1525/1999 2041/1443/1919 2125/1527/2001
f 2123/1525/1999 2125/1527/2001 2124/1526/2000
f 1734/1137/1623 1787/1190/1675 2126/1528/2002
f 1734/1137/1623 2126/1528/2002 1735/1138/1624
f 2126/1528/2002 1787/1190/1675 1800/1202/1688
f 2126/1528/2002 1800/1202/1688 2127/1529/2003
f 2114/1516/1990 2127/1529/2003 1800/1202/1688
f 2114/1516/1990 1800/1202/1688 1920/1322/1804
f 2128/1530/2004 2129/1531/2005 2119/1521/1995
f 2128/1530/2004 2119/1521/1995 2122/1524/1998
f 2130/1532/2006 2131/1533/2007 2129/1531/2005
f 2130/1532/2006 2129/1531/2005 2128/1530/2004
f 2111/1513/1987 2112/1514/1988 2131/1533/2007
f 2111/1513/1987 2131/1533/2007 2130/1532/2006
f 2132/1534/2008 2130/1532/2006 2128/1530/2004
f 2132/1534/2008 2128/1530/2004 2133/1535/2009
f 2133/1535/2009 2128/1530/2004 2122/1524/1998
f 2133/1535/2009 2122/1524/1998 2134/1536/2010
f 2109/1511/1985 2132/1534/2008 2116/1518/1992
f 2109/1511/1985 2116/1518/1992 2110/1512/1986
f 2132/1534/2008 2109/1511/1985 2111/1513/1987
f 2132/1534/2008 2111/1513/1987 2130/1532/2006
f 2107/1509/1983 1735/1138/1624 2126/1528/2002
f 2107/1509/1983 2126/1528/2002 2135/1537/2011
f 2136/1538/2012 2124/1526/2000 2125/1527/2001
f 2136/1538/2012 2125/1527/2001 2135/1537/2011
f 2135/1537/2011 2125/1527/2001 2108/1510/1984
f 2135/1537/2011 2108/1510/1984 2107/1509/1983
f 2127/1529/2003 2137/1539/2013 2135/1537/2011
f 2127/1529/2003 2135/1537/2011 2126/1528/2002
f 2134/1536/2010 2122/1524/1998 2121/1523/1997
f 2134/1536/2010 2121/1523/1997 2138/1540/2014
f 2138/1540/2014 2121/1523/1997 2124/1526/2000
f 2138/1540/2014 2124/1526/2000 2136/1538/2012
f 2133/1535/2009 2134/1536/2010 2118/1520/1994
f 2133/1535/2009 2118/1520/1994 2139/1541/2015
f 2136/1538/2012 2135/1537/2011 2137/1539/2013
f 2115/1517/1991 2116/1518/1992 2132/1534/2008
f 2115/1517/1991 2132/1534/2008 2139/1541/2015
f 2113/1515/1989 2115/1517/1991 2139/1541/2015
f 2113/1515/1989 2139/1541/2015 2118/1520/1994
f 2137/1539/2013 2127/1529/2003 2114/1516/1990
f 2137/1539/2013 2114/1516/1990 2117/1519/1993
f 2133/1535/2009 2139/1541/2015 2132/1534/2008
f 2138/1540/2014 2117/1519/1993 2118/1520/1994
f 2138/1540/2014 2118/1520/1994 2134/1536/2010
f 2136/1538/2012 2137/1539/2013 2117/1519/1993
f 2136/1538/2012 2117/1519/1993 2138/1540/2014
f 2140/1542/2016 2141/1543/2017 2142/1544/2018
f 2140/1542/2016 2142/1544/2018 2143/1545/2019
f 2144/1546/2020 2145/1547/2021 2146/1548/2022
f 2146/1548/2022 2145/1547/2021 2147/1549/2023
f 2146/1548/2022 2147/1549/2023 2148/1550/2024
f 2144/1546/2020 2149/1551/2022 2150/1552/2025
f 2142/1544/2018 2150/1552/2025 2149/1551/2022
f 2142/1544/2018 2149/1551/2022 2151/1553/2026
f 2142/1544/2018 2151/1553/2026 2143/1545/2019
f 2152/1554/2027 2153/1555/2028 2154/1556/2029
f 2147/1549/2023 2155/1557/2030 2148/1550/2024
f 2148/1550/2024 2155/1557/2030 2154/1556/2029
f 2148/1550/2024 2154/1556/2029 2153/1555/2028
f 2148/1550/2024 2156/1558/1554 2157/1559/2031
f 2148/1550/2024 2157/1559/2031 2146/1548/2022
f 2149/1551/2022 2158/1560/1555 2159/1561/1553
f 2149/1551/2022 2159/1561/1553 2151/1553/2026
f 2153/1555/2028 2160/1562/1882 2156/1558/1554
f 2153/1555/2028 2156/1558/1554 2148/1550/2024
f 2156/1558/1554 2161/1563/729 2157/1559/2031
f 2158/1560/1555 2162/1564/729 2159/1561/1553
f 2160/1562/1882 2161/1563/729 2156/1558/1554
f 2163/1565/2032 2164/1566/2033 2165/1567/2034
f 2163/1565/2032 2165/1567/2034 2166/1568/2035
f 2163/1565/2032 1673/1078/1562 1672/1077/1561
f 2163/1565/2032 1672/1077/1561 2164/1566/2033
f 2165/1567/2034 2167/1569/2036 2168/1570/2037
f 2165/1567/2034 2168/1570/2037 2166/1568/2035
f 2168/1570/2037 2167/1569/2036 2169/1571/2038
f 2168/1570/2037 2169/1571/2038 2170/1572/2039
f 2171/1573/2040 1681/1086/1570 1680/1085/1569
f 2171/1573/2040 1680/1085/1569 2172/1574/2041
f 2172/1574/2041 1680/1085/1569 1683/1088/1572
f 2172/1574/2041 1683/1088/1572 2173/1575/2042
f 2174/1576/2043 1687/1092/1576 1686/1091/1575
f 2174/1576/2043 1686/1091/1575 2175/1577/2044
f 2171/1573/2040 2176/1578/2045 1688/1093/1577
f 2171/1573/2040 1688/1093/1577 1681/1086/1570
f 2177/1579/2046 2178/1580/2047 2179/1581/2048
f 2177/1579/2046 2179/1581/2048 2180/1582/2049
f 2181/256/2050 2182/1583/2051 2183/1584/2052
f 2181/256/2050 2183/1584/2052 2184/259/2053
f 2185/1585/2054 2186/1586/2055 2187/1587/2056
f 2185/1585/2054 2187/1587/2056 2188/1588/2057
f 2173/1575/2042 2189/1589/2058 2190/1590/2059
f 2173/1575/2042 2190/1590/2059 2172/1574/2041
f 2190/1590/2059 2191/1591/2060 2171/1573/2040
f 2190/1590/2059 2171/1573/2040 2172/1574/2041
f 2191/1591/2060 2192/1592/2061 2176/1578/2045
f 2191/1591/2060 2176/1578/2045 2171/1573/2040
f 2193/1593/2062 2194/1594/2063 2195/1595/2064
f 2193/1593/2062 2195/1595/2064 2196/1596/2065
f 2197/1597/2066 2198/1598/2067 2196/1596/2065
f 2197/1597/2066 2196/1596/2065 2195/1595/2064
f 2194/1594/2063 2199/1599/2068 2200/1600/2069
f 2194/1594/2063 2200/1600/2069 2195/1595/2064
f 2201/1601/2070 2197/1597/2066 2195/1595/2064
f 2201/1601/2070 2195/1595/2064 2200/1600/2069
f 2202/1602/2071 2203/1603/2072 2204/1604/2073
f 2202/1602/2071 2204/1604/2073 2205/1605/2074
f 2201/1601/2070 2205/1605/2074 2204/1604/2073
f 2201/1601/2070 2204/1604/2073 2197/1597/2066
f 2206/1606/2075 2207/1607/2076 2208/1608/2077
f 2206/1606/2075 2208/1608/2077 2209/1609/2078
f 2202/1602/2071 2209/1609/2078 2208/1608/2077
f 2202/1602/2071 2208/1608/2077 2203/1603/2072
f 2210/1610/2079 2207/1607/2076 2211/1611/2080
f 2210/1610/2079 2211/1611/2080 2212/1612/2081
f 2213/1613/2082 2214/1614/2083 2212/1612/2081
f 2213/1613/2082 2212/1612/2081 2211/1611/2080
f 2215/1615/2084 2203/1603/2072 2208/1608/2077
f 2215/1615/2084 2208/1608/2077 2216/1616/2085
f 2210/1610/2079 2216/1616/2085 2208/1608/2077
f 2210/1610/2079 2208/1608/2077 2207/1607/2076
f 2197/1597/2066 2204/1604/2073 2217/1617/2086
f 2197/1597/2066 2217/1617/2086 2198/1598/2067
f 2215/1615/2084 2217/1617/2086 2204/1604/2073
f 2215/1615/2084 2204/1604/2073 2203/1603/2072
f 2206/1606/2075 2218/1618/2087 2211/1611/2080
f 2206/1606/2075 2211/1611/2080 2207/1607/2076
f 2219/1619/2088 2213/1613/2082 2211/1611/2080
f 2219/1619/2088 2211/1611/2080 2218/1618/2087
f 2220/1620/2089 2221/1621/2090 2222/1622/2091
f 2220/1620/2089 2222/1622/2091 2223/1623/2092
f 2224/1624/2093 2225/1625/2094 2226/1626/2095
f 2224/1624/2093 2226/1626/2095 2227/1627/2096
f 2228/1628/2097 2229/1629/2098 2230/1630/2099
f 2228/1628/2097 2230/1630/2099 2231/1631/2100
f 2232/1632/2101 2233/1633/2102 2231/1631/2100
f 2232/1632/2101 2231/1631/2100 2230/1630/2099
f 2232/1632/2101 2234/1634/2103 2235/1635/2104
f 2232/1632/2101 2235/1635/2104 2233/1633/2102
f 2236/1636/2105 2224/1624/2093 2227/1627/2096
f 2236/1636/2105 2227/1627/2096 2237/1637/2106
f 2227/1627/2096 2238/1638/2107 2239/1639/2108
f 2227/1627/2096 2239/1639/2108 2237/1637/2106
f 2240/1640/2109 2232/1632/2101 2230/1630/2099
f 2240/1640/2109 2230/1630/2099 2241/1641/2110
f 2229/1629/2098 2242/1642/2111 2241/1641/2110
f 2229/1629/2098 2241/1641/2110 2230/1630/2099
f 2243/1643/2112 2234/1634/2103 2244/1644/2113
f 2243/1643/2112 2244/1644/2113 2245/1645/2114
f 2240/1640/2109 2244/1644/2113 2234/1634/2103
f 2240/1640/2109 2234/1634/2103 2232/1632/2101
f 2246/1646/2115 2247/1647/2116 2248/1648/2117
f 2246/1646/2115 2248/1648/2117 2249/1649/2118
f 2228/1628/2097 2249/1649/2118 2248/1648/2117
f 2228/1628/2097 2248/1648/2117 2229/1629/2098
f 2229/1629/2098 2248/1648/2117 2250/1650/2119
f 2229/1629/2098 2250/1650/2119 2242/1642/2111
f 2247/1647/2116 2251/1651/2120 2250/1650/2119
f 2247/1647/2116 2250/1650/2119 2248/1648/2117
f 2247/1647/2116 2252/1652/2121 2253/1653/2122
f 2247/1647/2116 2253/1653/2122 2251/1651/2120
f 2254/1654/2123 2255/1655/2124 2213/1613/2082
f 2254/1654/2123 2213/1613/2082 2219/1619/2088
f 2256/1656/2125 2257/1657/2126 2258/1658/2127
f 2256/1656/2125 2258/1658/2127 2259/1659/2128
f 2260/1660/2129 2261/1661/2130 2257/1657/2126
f 2260/1660/2129 2257/1657/2126 2256/1656/2125
f 2173/1575/2042 1683/1088/1572 1687/1092/1576
f 2173/1575/2042 1687/1092/1576 2174/1576/2043
f 2262/1662/2131 2263/1663/2132 2264/1664/2133
f 2262/1662/2131 2264/1664/2133 2192/1592/2061
f 2224/1624/2093 2265/1665/2134 2266/1666/2135
f 2224/1624/2093 2266/1666/2135 2225/1625/2094
f 2176/1578/2045 2192/1592/2061 2264/1664/2133
f 2176/1578/2045 2264/1664/2133 2267/1667/2136
f 2267/1667/2136 1781/1184/1669 1688/1093/1577
f 2267/1667/2136 1688/1093/1577 2176/1578/2045
f 1782/1185/1670 1781/1184/1669 2267/1667/2136
f 1782/1185/1670 2267/1667/2136 2268/1668/2137
f 2269/1669/2138 2264/1664/2133 2263/1663/2132
f 2269/1669/2138 2263/1663/2132 2270/1670/2139
f 2265/1665/2134 2224/1624/2093 2236/1636/2105
f 2265/1665/2134 2236/1636/2105 2271/1671/2140
f 2269/1669/2138 2268/1668/2137 2267/1667/2136
f 2269/1669/2138 2267/1667/2136 2264/1664/2133
f 2272/1672/2141 2228/1628/2097 2231/1631/2100
f 2272/1672/2141 2231/1631/2100 2223/1623/2092
f 2273/1673/2142 2246/1646/2115 2249/1649/2118
f 2273/1673/2142 2249/1649/2118 2274/1674/2143
f 2275/1675/2144 2273/1673/2142 2274/1674/2143
f 2275/1675/2144 2274/1674/2143 2276/1676/2145
f 2215/1615/2084 2277/1677/2146 2278/1678/2147
f 2215/1615/2084 2278/1678/2147 2217/1617/2086
f 2182/1583/2051 2185/1585/2054 2188/1588/2057
f 2182/1583/2051 2188/1588/2057 2183/1584/2052
f 2279/1679/2148 2280/1680/2149 2178/1580/2047
f 2279/1679/2148 2178/1580/2047 2177/1579/2046
f 2177/1579/2046 2281/1681/2150 2186/1586/2055
f 2177/1579/2046 2186/1586/2055 2279/1679/2148
f 2282/1682/2151 2276/1676/2145 2274/1674/2143
f 2282/1682/2151 2274/1674/2143 2272/1672/2141
f 2214/1614/2083 2283/1683/2152 2284/1684/2153
f 2214/1614/2083 2284/1684/2153 2212/1612/2081
f 2285/1685/2154 2210/1610/2079 2212/1612/2081
f 2285/1685/2154 2212/1612/2081 2284/1684/2153
f 2283/1683/2152 2286/1686/2155 2287/1687/2156
f 2283/1683/2152 2287/1687/2156 2284/1684/2153
f 2284/1684/2153 2287/1687/2156 2288/1688/2157
f 2284/1684/2153 2288/1688/2157 2285/1685/2154
f 2289/1689/2158 2290/1690/2159 2291/1691/2160
f 2292/1692/2161 2293/1693/2162 2294/1694/2163
f 2292/1692/2161 2294/1694/2163 2295/1695/2164
f 2296/1696/2165 2297/1697/2166 2294/1694/2163
f 2296/1696/2165 2294/1694/2163 2293/1693/2162
f 2298/1698/2167 2299/1699/2168 2300/1700/2169
f 2298/1698/2167 2300/1700/2169 2301/1701/2170
f 2302/1702/2171 2303/1703/2172 2301/1701/2170
f 2302/1702/2171 2301/1701/2170 2300/1700/2169
f 2304/1704/2173 2305/1705/2174 1824/1226/1712
f 2304/1704/2173 1824/1226/1712 1823/1225/1711
f 2306/1706/2175 2307/1707/2176 2308/1708/2177
f 2306/1706/2175 2308/1708/2177 2309/1709/2178
f 2310/1710/1717 2311/1711/2179 2312/1712/2180
f 2310/1710/1717 2312/1712/2180 2313/1713/2181
f 2314/1714/2182 2315/1715/2183 2313/1713/2181
f 2314/1714/2182 2313/1713/2181 2312/1712/2180
f 2316/1716/2184 2302/1702/2171 2300/1700/2169
f 2316/1716/2184 2300/1700/2169 2317/1717/2185
f 2299/1699/2168 2318/1718/2186 2317/1717/2185
f 2299/1699/2168 2317/1717/2185 2300/1700/2169
f 2319/1719/2187 2310/1710/1717 2313/1713/2181
f 2319/1719/2187 2313/1713/2181 2320/1720/2188
f 2321/1721/1717 2296/1696/2165 2293/1693/2162
f 2321/1721/1717 2293/1693/2162 2169/1571/2038
f 2308/1708/2177 2307/1707/2176 2322/1722/2184
f 2308/1708/2177 2322/1722/2184 2323/1723/2189
f 2278/1678/2147 2179/1581/2048 2178/1580/2047
f 2278/1678/2147 2178/1580/2047 2324/1724/2190
f 2324/1724/2190 2198/1598/2067 2217/1617/2086
f 2324/1724/2190 2217/1617/2086 2278/1678/2147
f 2324/1724/2190 2178/1580/2047 2280/1680/2149
f 2324/1724/2190 2280/1680/2149 2325/1725/2191
f 2285/1685/2154 2326/1726/2192 2216/1616/2085
f 2285/1685/2154 2216/1616/2085 2210/1610/2079
f 2215/1615/2084 2216/1616/2085 2326/1726/2192
f 2215/1615/2084 2326/1726/2192 2277/1677/2146
f 2327/1727/2193 2194/1594/2063 2193/1593/2062
f 2327/1727/2193 2193/1593/2062 2328/1728/2194
f 2327/1727/2193 2329/1729/2195 2199/1599/2068
f 2327/1727/2193 2199/1599/2068 2194/1594/2063
f 2329/1729/2195 2327/1727/2193 2330/1730/2196
f 2329/1729/2195 2330/1730/2196 2331/1731/2197
f 2330/1730/2196 2327/1727/2193 2328/1728/2194
f 2330/1730/2196 2328/1728/2194 2332/1732/2198
f 2333/1733/2199 2334/1734/2200 2335/1735/2201
f 2333/1733/2199 2335/1735/2201 2336/1736/2202
f 2330/1730/2196 2336/1736/2202 2335/1735/2201
f 2330/1730/2196 2335/1735/2201 2331/1731/2197
f 2334/1734/2200 2333/1733/2199 2299/1699/2168
f 2334/1734/2200 2299/1699/2168 2298/1698/2167
f 2337/1737/2203 2338/1738/2204 2339/1739/2205
f 2337/1737/2203 2339/1739/2205 2340/1740/2206
f 2299/1699/2168 2333/1733/2199 2341/1741/2207
f 2299/1699/2168 2341/1741/2207 2318/1718/2186
f 2315/1715/2183 2314/1714/2182 2342/1742/2208
f 2315/1715/2183 2342/1742/2208 2343/1743/2209
f 2339/1739/2205 2338/1738/2204 2344/1744/2210
f 2339/1739/2205 2344/1744/2210 2345/1745/2211
f 2344/1744/2210 2324/1724/2190 2325/1725/2191
f 2344/1744/2210 2325/1725/2191 2345/1745/2211
f 2346/1746/2212 2337/1737/2203 2340/1740/2206
f 2346/1746/2212 2340/1740/2206 2347/1747/2213
f 2342/1742/2208 2347/1747/2213 2340/1740/2206
f 2342/1742/2208 2340/1740/2206 2343/1743/2209
f 2333/1733/2199 2336/1736/2202 2348/1748/2214
f 2333/1733/2199 2348/1748/2214 2341/1741/2207
f 2332/1732/2198 2348/1748/2214 2336/1736/2202
f 2332/1732/2198 2336/1736/2202 2330/1730/2196
f 2324/1724/2190 2344/1744/2210 2196/1596/2065
f 2324/1724/2190 2196/1596/2065 2198/1598/2067
f 2338/1738/2204 2193/1593/2062 2196/1596/2065
f 2338/1738/2204 2196/1596/2065 2344/1744/2210
f 1869/1271/1753 1872/1274/1756 2349/1749/2215
f 1869/1271/1753 2349/1749/2215 2350/1750/2216
f 2351/1751/2217 2323/1723/2189 2322/1722/2184
f 2351/1751/2217 2322/1722/2184 2352/1752/2218
f 2318/1718/2186 2314/1714/2182 2312/1712/2180
f 2318/1718/2186 2312/1712/2180 2317/1717/2185
f 2312/1712/2180 2311/1711/2179 2316/1716/2184
f 2312/1712/2180 2316/1716/2184 2317/1717/2185
f 2314/1714/2182 2318/1718/2186 2341/1741/2207
f 2314/1714/2182 2341/1741/2207 2342/1742/2208
f 2332/1732/2198 2346/1746/2212 2347/1747/2213
f 2332/1732/2198 2347/1747/2213 2348/1748/2214
f 2347/1747/2213 2342/1742/2208 2341/1741/2207
f 2347/1747/2213 2341/1741/2207 2348/1748/2214
f 2346/1746/2212 2332/1732/2198 2328/1728/2194
f 2346/1746/2212 2328/1728/2194 2337/1737/2203
f 2338/1738/2204 2337/1737/2203 2328/1728/2194
f 2338/1738/2204 2328/1728/2194 2193/1593/2062
f 2272/1672/2141 2274/1674/2143 2249/1649/2118
f 2272/1672/2141 2249/1649/2118 2228/1628/2097
f 2233/1633/2102 2220/1620/2089 2223/1623/2092
f 2233/1633/2102 2223/1623/2092 2231/1631/2100
f 2353/1753/2219 2354/1754/2220 2355/1755/2221
f 2353/1753/2219 2355/1755/2221 2356/1756/2222
f 2354/1754/2220 2353/1753/2219 2357/1757/2223
f 2354/1754/2220 2357/1757/2223 2358/1758/2224
f 2359/1759/2225 2358/1758/2224 2357/1757/2223
f 2359/1759/2225 2357/1757/2223 2360/1760/2226
f 2361/1761/2227 2362/1762/2228 2305/1705/2174
f 2361/1761/2227 2305/1705/2174 2304/1704/2173
f 1885/1287/1769 1869/1271/1753 2350/1750/2216
f 1885/1287/1769 2350/1750/2216 2363/1763/2229
f 2350/1750/2216 2364/1764/2230 2365/1765/2231
f 2350/1750/2216 2365/1765/2231 2363/1763/2229
f 1872/1274/1756 1824/1226/1712 2305/1705/2174
f 1872/1274/1756 2305/1705/2174 2349/1749/2215
f 2305/1705/2174 2362/1762/2228 2366/1766/2232
f 2305/1705/2174 2366/1766/2232 2349/1749/2215
f 2364/1764/2230 2350/1750/2216 2349/1749/2215
f 2364/1764/2230 2349/1749/2215 2366/1766/2232
f 2367/1767/2233 2368/1768/2234 2369/1769/2235
f 2370/1770/2236 2371/1771/2237 2372/1772/2238
f 2370/1770/2236 2372/1772/2238 2189/1589/2058
f 2370/1770/2236 2189/1589/2058 2173/1575/2042
f 2370/1770/2236 2173/1575/2042 2174/1576/2043
f 2373/1773/2239 2370/1770/2236 2174/1576/2043
f 2373/1773/2239 2174/1576/2043 2175/1577/2044
f 2369/1769/2235 2368/1768/2234 2374/1774/2240
f 2368/1768/2234 2375/1775/2241 2374/1774/2240
f 2374/1774/2240 2375/1775/2241 2376/1776/2242
f 2356/1756/2222 2355/1755/2221 2375/1775/2241
f 2356/1756/2222 2375/1775/2241 2368/1768/2234
f 2358/1758/2224 2377/1777/2243 2378/1778/2244
f 2358/1758/2224 2378/1778/2244 2354/1754/2220
f 2379/1779/2245 2377/1777/2243 2221/1621/2090
f 2379/1779/2245 2221/1621/2090 2220/1620/2089
f 2358/1758/2224 2359/1759/2225 2221/1621/2090
f 2358/1758/2224 2221/1621/2090 2377/1777/2243
f 2355/1755/2221 2354/1754/2220 2378/1778/2244
f 2355/1755/2221 2378/1778/2244 2380/1780/2246
f 2308/1708/2177 2362/1762/2228 2361/1761/2227
f 2308/1708/2177 2361/1761/2227 2309/1709/2178
f 2323/1723/2189 2366/1766/2232 2362/1762/2228
f 2323/1723/2189 2362/1762/2228 2308/1708/2177
f 2351/1751/2217 2364/1764/2230 2366/1766/2232
f 2351/1751/2217 2366/1766/2232 2323/1723/2189
f 2293/1693/2162 2292/1692/2161 2170/1572/2039
f 2293/1693/2162 2170/1572/2039 2169/1571/2038
f 2351/1751/2217 2352/1752/2218 2321/1721/1717
f 2351/1751/2217 2321/1721/1717 2169/1571/2038
f 2365/1765/2231 2364/1764/2230 2351/1751/2217
f 2365/1765/2231 2351/1751/2217 2169/1571/2038
f 2381/1781/2247 2382/1782/2248 2373/1773/2239
f 2381/1781/2247 2373/1773/2239 2383/1783/2249
f 2384/1784/2250 2385/1785/2251 2382/1782/2248
f 2384/1784/2250 2382/1782/2248 2381/1781/2247
f 2386/1786/2252 2387/1787/2253 2385/1785/2251
f 2386/1786/2252 2385/1785/2251 2384/1784/2250
f 2388/1788/2254 2389/1789/2255 2387/1787/2253
f 2388/1788/2254 2387/1787/2253 2386/1786/2252
f 2253/1653/2122 2252/1652/2121 2261/1661/2130
f 2253/1653/2122 2261/1661/2130 2260/1660/2129
f 2235/1635/2104 2379/1779/2245 2220/1620/2089
f 2235/1635/2104 2220/1620/2089 2233/1633/2102
f 2390/1790/2256 2391/1791/2257 2392/1792/2258
f 2390/1790/2256 2392/1792/2258 2393/1793/2259
f 2245/1645/2114 2392/1792/2258 2391/1791/2257
f 2245/1645/2114 2391/1791/2257 2243/1643/2112
f 2393/1793/2259 2239/1639/2108 2238/1638/2107
f 2393/1793/2259 2238/1638/2107 2390/1790/2256
f 2235/1635/2104 2234/1634/2103 2243/1643/2112
f 2235/1635/2104 2243/1643/2112 2394/1794/2260
f 2379/1779/2245 2395/1795/2261 2378/1778/2244
f 2379/1779/2245 2378/1778/2244 2377/1777/2243
f 2394/1794/2260 2243/1643/2112 2391/1791/2257
f 2394/1794/2260 2391/1791/2257 2396/1796/2262
f 2235/1635/2104 2394/1794/2260 2395/1795/2261
f 2235/1635/2104 2395/1795/2261 2379/1779/2245
f 2397/1797/2263 2288/1688/2157 2287/1687/2156
f 2397/1797/2263 2287/1687/2156 2398/1798/2264
f 2276/1676/2145 2282/1682/2151 2397/1797/2263
f 2276/1676/2145 2397/1797/2263 2398/1798/2264
f 2275/1675/2144 2276/1676/2145 2398/1798/2264
f 2275/1675/2144 2398/1798/2264 2399/1799/2265
f 2398/1798/2264 2287/1687/2156 2286/1686/2155
f 2398/1798/2264 2286/1686/2155 2399/1799/2265
f 2167/1569/2036 2165/1567/2034 2365/1765/2231
f 2167/1569/2036 2365/1765/2231 2169/1571/2038
f 1672/1077/1561 1885/1287/1769 2363/1763/2229
f 1672/1077/1561 2363/1763/2229 2164/1566/2033
f 2400/1800/2266 2401/1801/2267 2402/1802/2268
f 2400/1800/2266 2402/1802/2268 2403/1803/714
f 2294/1694/2163 2401/1801/2267 2400/1800/2266
f 2294/1694/2163 2400/1800/2266 2295/1695/2164
f 2297/1697/2166 2402/1802/2268 2401/1801/2267
f 2297/1697/2166 2401/1801/2267 2294/1694/2163
f 2320/1720/2188 2404/1804/2269 2405/1805/2270
f 2320/1720/2188 2405/1805/2270 2319/1719/2187
f 2406/1806/2271 2407/1807/2272 2408/1808/2273
f 2315/1715/2183 2406/1806/2271 2320/1720/2188
f 2315/1715/2183 2320/1720/2188 2313/1713/2181
f 2406/1806/2271 2409/1809/2274 2410/1810/2275
f 2406/1806/2271 2410/1810/2275 2407/1807/2272
f 2343/1743/2209 2340/1740/2206 2339/1739/2205
f 2343/1743/2209 2339/1739/2205 2409/1809/2274
f 2315/1715/2183 2343/1743/2209 2409/1809/2274
f 2315/1715/2183 2409/1809/2274 2406/1806/2271
f 2410/1810/2275 2409/1809/2274 2339/1739/2205
f 2410/1810/2275 2339/1739/2205 2345/1745/2211
f 2411/1811/2276 2410/1810/2275 2345/1745/2211
f 2411/1811/2276 2345/1745/2211 2325/1725/2191
f 2412/1812/2277 2413/1813/2278 2414/1814/714
f 2412/1812/2277 2414/1814/714 2415/1815/2279
f 2404/1804/2269 2412/1812/2277 2415/1815/2279
f 2404/1804/2269 2415/1815/2279 2405/1805/2270
f 2408/1808/2273 2413/1813/2278 2412/1812/2277
f 2408/1808/2273 2412/1812/2277 2404/1804/2269
f 2411/1811/2276 2416/1816/2280 2407/1807/2272
f 2411/1811/2276 2407/1807/2272 2410/1810/2275
f 2404/1804/2269 2320/1720/2188 2406/1806/2271
f 2404/1804/2269 2406/1806/2271 2408/1808/2273
f 2164/1566/2033 2363/1763/2229 2365/1765/2231
f 2164/1566/2033 2365/1765/2231 2165/1567/2034
f 2417/1817/2281 2418/1818/2282 2419/1819/2283
f 2417/1817/2281 2419/1819/2283 2420/1820/2284
f 2420/1820/2284 2419/1819/2283 2421/1821/2285
f 2420/1820/2284 2421/1821/2285 2422/1822/2286
f 1944/1346/1826 1945/1347/1827 2420/1820/2284
f 1944/1346/1826 2420/1820/2284 2422/1822/2286
f 2423/1823/2287 2424/260/2288 2184/259/2053
f 2423/1823/2287 2184/259/2053 2183/1584/2052
f 2188/1588/2057 2187/1587/2056 2425/1824/2289
f 2188/1588/2057 2425/1824/2289 2426/1825/2290
f 2183/1584/2052 2188/1588/2057 2426/1825/2290
f 2183/1584/2052 2426/1825/2290 2423/1823/2287
f 2417/1817/2281 2427/1826/2291 2418/1818/2282
f 1945/1347/1827 1947/1349/1829 2417/1817/2281
f 1945/1347/1827 2417/1817/2281 2420/1820/2284
f 1948/1350/1830 1673/1078/1562 2163/1565/2032
f 1948/1350/1830 2163/1565/2032 2427/1826/2291
f 1948/1350/1830 2427/1826/2291 2417/1817/2281
f 1948/1350/1830 2417/1817/2281 1947/1349/1829
f 1949/1351/1831 2428/1827/2292 2429/1828/2293
f 1949/1351/1831 2429/1828/2293 1950/1352/1832
f 1950/1352/1832 2429/1828/2293 2430/1829/2294
f 1950/1352/1832 2430/1829/2294 1953/1355/1835
f 2431/1830/2295 1956/1358/1838 1953/1355/1835
f 2431/1830/2295 1953/1355/1835 2430/1829/2294
f 1957/1359/1839 2432/1831/2296 2433/1832/2297
f 1957/1359/1839 2433/1832/2297 1958/1360/1840
f 2389/1789/2255 1961/1363/1843 1958/1360/1840
f 2389/1789/2255 1958/1360/1840 2433/1832/2297
f 1962/1364/1844 1961/1363/1843 2389/1789/2255
f 1962/1364/1844 2389/1789/2255 2388/1788/2254
f 2434/1833/2298 1966/1368/1848 2435/1834/2299
f 2434/1833/2298 2435/1834/2299 2436/1835/2300
f 2388/1788/2254 2386/1786/2252 2436/1835/2300
f 2388/1788/2254 2436/1835/2300 2435/1834/2299
f 2383/1783/2249 2434/1833/2298 2436/1835/2300
f 2383/1783/2249 2436/1835/2300 2381/1781/2247
f 2384/1784/2250 2381/1781/2247 2436/1835/2300
f 2384/1784/2250 2436/1835/2300 2386/1786/2252
f 2175/1577/2044 1686/1091/1575 1966/1368/1848
f 2175/1577/2044 1966/1368/1848 2434/1833/2298
f 2373/1773/2239 2175/1577/2044 2434/1833/2298
f 2373/1773/2239 2434/1833/2298 2383/1783/2249
f 2388/1788/2254 2435/1834/2299 1967/1369/1849
f 2388/1788/2254 1967/1369/1849 1962/1364/1844
f 1966/1368/1848 1967/1369/1849 2435/1834/2299
f 2437/1836/2301 2374/1774/2240 2376/1776/2242
f 2437/1836/2301 2376/1776/2242 2438/1837/2302
f 2437/1836/2301 2439/1838/2303 2369/1769/2235
f 2437/1836/2301 2369/1769/2235 2374/1774/2240
f 2440/1839/2304 2367/1767/2233 2369/1769/2235
f 2440/1839/2304 2369/1769/2235 2439/1838/2303
f 2440/1839/2304 2141/1543/2017 2441/1840/2305
f 2440/1839/2304 2441/1840/2305 2367/1767/2233
f 2140/1542/2016 2442/1841/2306 2441/1840/2305
f 2140/1542/2016 2441/1840/2305 2141/1543/2017
f 2140/1542/2016 2443/1842/2307 2444/1843/2308
f 2140/1542/2016 2444/1843/2308 2442/1841/2306
f 2437/1836/2301 2145/1547/2021 2144/1546/2020
f 2437/1836/2301 2144/1546/2020 2439/1838/2303
f 2437/1836/2301 2438/1837/2302 2147/1549/2023
f 2437/1836/2301 2147/1549/2023 2145/1547/2021
f 2440/1839/2304 2150/1552/2025 2142/1544/2018
f 2440/1839/2304 2142/1544/2018 2141/1543/2017
f 2440/1839/2304 2439/1838/2303 2144/1546/2020
f 2440/1839/2304 2144/1546/2020 2150/1552/2025
f 2140/1542/2016 2143/1545/2019 2445/1844/2309
f 2140/1542/2016 2445/1844/2309 2443/1842/2307
f 2446/1845/2310 2447/1846/2311 2448/1847/2312
f 2446/1845/2310 2448/1847/2312 2449/1848/2313
f 2446/1845/2310 2443/1842/2307 2445/1844/2309
f 2446/1845/2310 2445/1844/2309 2447/1846/2311
f 2450/1849/2314 2152/1554/2027 2154/1556/2029
f 2450/1849/2314 2154/1556/2029 2451/1850/2315
f 2452/1851/2316 2155/1557/2030 2147/1549/2023
f 2452/1851/2316 2147/1549/2023 2438/1837/2302
f 2452/1851/2316 2451/1850/2315 2154/1556/2029
f 2452/1851/2316 2154/1556/2029 2155/1557/2030
f 2453/1852/2317 2370/1770/2236 2373/1773/2239
f 2453/1852/2317 2373/1773/2239 2382/1782/2248
f 2454/1853/2318 2455/1854/2319 2453/1852/2317
f 2453/1852/2317 2455/1854/2319 2456/1855/2160
f 2456/1855/2160 2455/1854/2319 2457/1856/2320
f 2453/1852/2317 2456/1855/2160 2371/1771/2237
f 2453/1852/2317 2371/1771/2237 2370/1770/2236
f 2458/1857/2321 2444/1843/2308 2443/1842/2307
f 2458/1857/2321 2443/1842/2307 2446/1845/2310
f 2446/1845/2310 2449/1848/2313 2454/1853/2318
f 2446/1845/2310 2454/1853/2318 2458/1857/2321
f 2458/1857/2321 2454/1853/2318 2453/1852/2317
f 2450/1849/2314 2451/1850/2315 2459/1858/2322
f 2450/1849/2314 2459/1858/2322 2460/1859/2323
f 2291/1691/2160 2461/1860/2324 2462/1861/2325
f 2291/1691/2160 2462/1861/2325 2463/1862/2237
f 2291/1691/2160 2290/1690/2159 2461/1860/2324
f 2461/1860/2324 2290/1690/2159 2464/1863/2326
f 2355/1755/2221 2380/1780/2246 2465/1864/2327
f 2355/1755/2221 2465/1864/2327 2375/1775/2241
f 2459/1858/2322 2466/1865/2328 2465/1864/2327
f 2465/1864/2327 2466/1865/2328 2375/1775/2241
f 2376/1776/2242 2375/1775/2241 2466/1865/2328
f 2464/1863/2326 2460/1859/2323 2461/1860/2324
f 2465/1864/2327 2461/1860/2324 2460/1859/2323
f 2460/1859/2323 2464/1863/2326 2467/1866/2329
f 2460/1859/2323 2467/1866/2329 2450/1849/2314
f 2466/1865/2328 2459/1858/2322 2451/1850/2315
f 2466/1865/2328 2451/1850/2315 2452/1851/2316
f 2452/1851/2316 2438/1837/2302 2376/1776/2242
f 2452/1851/2316 2376/1776/2242 2466/1865/2328
f 2460/1859/2323 2459/1858/2322 2465/1864/2327
f 2143/1545/2019 2151/1553/2026 2468/1867/2330
f 2143/1545/2019 2468/1867/2330 2445/1844/2309
f 2447/1846/2311 2468/1867/2330 2469/1868/2331
f 2447/1846/2311 2469/1868/2331 2448/1847/2312
f 2468/1867/2330 2447/1846/2311 2445/1844/2309
f 2470/1869/2332 2448/1847/2312 2469/1868/2331
f 2159/1561/1553 2471/1870/1556 2468/1867/2330
f 2159/1561/1553 2468/1867/2330 2151/1553/2026
f 2468/1867/2330 2471/1870/1556 2472/1871/1889
f 2468/1867/2330 2472/1871/1889 2469/1868/2331
f 2159/1561/1553 2162/1564/729 2471/1870/1556
f 2471/1870/1556 2162/1564/729 2472/1871/1889
f 2473/1872/2333 2449/1848/2313 2448/1847/2312
f 2473/1872/2333 2448/1847/2312 2470/1869/2332
f 2455/1854/2319 2454/1853/2318 2449/1848/2313
f 2455/1854/2319 2449/1848/2313 2473/1872/2333
f 2152/1554/2027 2474/1873/2334 2475/1874/2335
f 2152/1554/2027 2475/1874/2335 2153/1555/2028
f 2476/1875/1893 2477/1876/1883 2475/1874/2335
f 2476/1875/1893 2475/1874/2335 2478/1877/1888
f 2477/1876/1883 2160/1562/1882 2153/1555/2028
f 2477/1876/1883 2153/1555/2028 2475/1874/2335
f 2476/1875/1893 2161/1563/729 2477/1876/1883
f 2477/1876/1883 2161/1563/729 2160/1562/1882
f 2479/1878/2336 2467/1866/2329 2464/1863/2326
f 2479/1878/2336 2464/1863/2326 2290/1690/2159
f 2480/1879/2337 2474/1873/2334 2467/1866/2329
f 2480/1879/2337 2467/1866/2329 2479/1878/2336
f 2450/1849/2314 2467/1866/2329 2474/1873/2334
f 2450/1849/2314 2474/1873/2334 2152/1554/2027
f 2469/1868/2331 2472/1871/1889 2481/1880/1887
f 2469/1868/2331 2481/1880/1887 2482/1881/2338
f 2472/1871/1889 2162/1564/729 2481/1880/1887
f 2290/1690/2159 2289/1689/2158 2483/1882/2339
f 2290/1690/2159 2483/1882/2339 2479/1878/2336
f 2470/1869/2332 2484/1883/2340 2485/1884/2339
f 2470/1869/2332 2485/1884/2339 2473/1872/2333
f 2479/1878/2336 2483/1882/2339 2486/1885/2341
f 2479/1878/2336 2486/1885/2341 2480/1879/2337
f 2473/1872/2333 2485/1884/2339 2457/1856/2320
f 2473/1872/2333 2457/1856/2320 2455/1854/2319
f 2470/1869/2332 2469/1868/2331 2482/1881/2338
f 2470/1869/2332 2482/1881/2338 2484/1883/2340
f 2480/1879/2337 2475/1874/2335 2474/1873/2334
f 2480/1879/2337 2486/1885/2341 2478/1877/1888
f 2480/1879/2337 2478/1877/1888 2475/1874/2335
f 2487/1886/2342 2488/1887/2343 2489/1888/2344
f 2487/1886/2342 2489/1888/2344 2490/1889/2345
f 2491/1890/2346 2492/1891/2347 2490/1889/2345
f 2491/1890/2346 2490/1889/2345 2489/1888/2344
f 2493/1892/2348 2487/1886/2342 2490/1889/2345
f 2493/1892/2348 2490/1889/2345 2494/1893/2349
f 2494/1893/2349 2490/1889/2345 2492/1891/2347
f 2494/1893/2349 2492/1891/2347 2495/1894/2350
f 2488/1887/2343 2487/1886/2342 2496/1895/2351
f 2488/1887/2343 2496/1895/2351 2421/1821/2285
f 2497/1896/2352 2496/1895/2351 2487/1886/2342
f 2497/1896/2352 2487/1886/2342 2493/1892/2348
f 2422/1822/2286 2421/1821/2285 2496/1895/2351
f 2495/1894/2350 2492/1891/2347 2498/1897/2353
f 2495/1894/2350 2498/1897/2353 2499/1898/2354
f 2500/1899/2355 2187/1587/2056 2186/1586/2055
f 2500/1899/2355 2186/1586/2055 2281/1681/2150
f 2187/1587/2056 2500/1899/2355 2498/1897/2353
f 2187/1587/2056 2498/1897/2353 2425/1824/2289
f 2492/1891/2347 2491/1890/2346 2425/1824/2289
f 2492/1891/2347 2425/1824/2289 2498/1897/2353
f 2033/1435/1911 1944/1346/1826 2422/1822/2286
f 2033/1435/1911 2422/1822/2286 2496/1895/2351
f 2034/1436/1912 2033/1435/1911 2496/1895/2351
f 2034/1436/1912 2496/1895/2351 2497/1896/2352
f 2501/1900/2356 2502/1901/2357 2500/1899/2355
f 2501/1900/2356 2500/1899/2355 2281/1681/2150
f 2499/1898/2354 2498/1897/2353 2500/1899/2355
f 2499/1898/2354 2500/1899/2355 2502/1901/2357
f 2177/1579/2046 2180/1582/2049 2501/1900/2356
f 2177/1579/2046 2501/1900/2356 2281/1681/2150
f 2503/1902/2358 2504/1903/2359 2505/1904/2360
f 2503/1902/2358 2505/1904/2360 2506/1905/2361
f 2505/1904/2360 2507/1906/2362 2508/1907/2363
f 2505/1904/2360 2508/1907/2363 2506/1905/2361
f 2509/1908/2364 2510/1909/2365 2511/1910/2366
f 2509/1908/2364 2511/1910/2366 2428/1827/2292
f 2505/1904/2360 2504/1903/2359 2511/1910/2366
f 2505/1904/2360 2511/1910/2366 2510/1909/2365
f 2046/1448/1924 2509/1908/2364 2428/1827/2292
f 2046/1448/1924 2428/1827/2292 1949/1351/1831
f 2507/1906/2362 2505/1904/2360 2510/1909/2365
f 2507/1906/2362 2510/1909/2365 2512/1911/2367
f 2513/1912/2368 2509/1908/2364 2046/1448/1924
f 2513/1912/2368 2046/1448/1924 2049/1451/1927
f 2512/1911/2367 2510/1909/2365 2509/1908/2364
f 2512/1911/2367 2509/1908/2364 2513/1912/2368
f 2441/1840/2305 2514/1913/2369 2367/1767/2233
f 2514/1913/2369 2368/1768/2234 2367/1767/2233
f 2441/1840/2305 2442/1841/2306 2514/1913/2369
f 2431/1830/2295 2432/1831/2296 1957/1359/1839
f 2431/1830/2295 1957/1359/1839 1956/1358/1838
f 2515/1914/2370 2356/1756/2222 2368/1768/2234
f 2515/1914/2370 2368/1768/2234 2514/1913/2369
f 2357/1757/2223 2516/1915/2371 2503/1902/2358
f 2357/1757/2223 2503/1902/2358 2360/1760/2226
f 2516/1915/2371 2517/1916/2372 2504/1903/2359
f 2516/1915/2371 2504/1903/2359 2503/1902/2358
f 2511/1910/2366 2504/1903/2359 2517/1916/2372
f 2511/1910/2366 2517/1916/2372 2518/1917/2373
f 2517/1916/2372 2519/1918/2374 2520/1919/2375
f 2429/1828/2293 2518/1917/2373 2521/1920/2376
f 2429/1828/2293 2521/1920/2376 2430/1829/2294
f 2428/1827/2292 2511/1910/2366 2518/1917/2373
f 2428/1827/2292 2518/1917/2373 2429/1828/2293
f 2444/1843/2308 2458/1857/2321 2522/1921/2377
f 2453/1852/2317 2522/1921/2377 2458/1857/2321
f 2514/1913/2369 2442/1841/2306 2522/1921/2377
f 2444/1843/2308 2522/1921/2377 2442/1841/2306
f 2385/1785/2251 2522/1921/2377 2453/1852/2317
f 2385/1785/2251 2453/1852/2317 2382/1782/2248
f 2523/1922/2378 2353/1753/2219 2356/1756/2222
f 2523/1922/2378 2356/1756/2222 2515/1914/2370
f 2353/1753/2219 2523/1922/2378 2516/1915/2371
f 2353/1753/2219 2516/1915/2371 2357/1757/2223
f 2517/1916/2372 2516/1915/2371 2523/1922/2378
f 2517/1916/2372 2523/1922/2378 2519/1918/2374
f 2520/1919/2375 2521/1920/2376 2518/1917/2373
f 2520/1919/2375 2518/1917/2373 2517/1916/2372
f 2387/1787/2253 2389/1789/2255 2433/1832/2297
f 2387/1787/2253 2433/1832/2297 2524/1923/2379
f 2432/1831/2296 2525/1924/2380 2524/1923/2379
f 2432/1831/2296 2524/1923/2379 2433/1832/2297
f 2385/1785/2251 2387/1787/2253 2524/1923/2379
f 2385/1785/2251 2524/1923/2379 2522/1921/2377
f 2526/1925/2381 2431/1830/2295 2430/1829/2294
f 2526/1925/2381 2430/1829/2294 2521/1920/2376
f 2431/1830/2295 2526/1925/2381 2525/1924/2380
f 2431/1830/2295 2525/1924/2380 2432/1831/2296
f 2515/1914/2370 2527/1926/2382 2528/1927/2383
f 2527/1926/2382 2515/1914/2370 2514/1913/2369
f 2527/1926/2382 2514/1913/2369 2522/1921/2377
f 2519/1918/2374 2523/1922/2378 2515/1914/2370
f 2519/1918/2374 2515/1914/2370 2528/1927/2383
f 2520/1919/2375 2519/1918/2374 2528/1927/2383
f 2520/1919/2375 2528/1927/2383 2529/1928/2384
f 2529/1928/2384 2526/1925/2381 2521/1920/2376
f 2529/1928/2384 2521/1920/2376 2520/1919/2375
f 2529/1928/2384 2528/1927/2383 2527/1926/2382
f 2529/1928/2384 2527/1926/2382 2530/1929/2385
f 2527/1926/2382 2522/1921/2377 2524/1923/2379
f 2527/1926/2382 2524/1923/2379 2530/1929/2385
f 2530/1929/2385 2525/1924/2380 2526/1925/2381
f 2530/1929/2385 2526/1925/2381 2529/1928/2384
f 2524/1923/2379 2525/1924/2380 2530/1929/2385
f 2262/1662/2131 2192/1592/2061 2191/1591/2060
f 2262/1662/2131 2191/1591/2060 2531/1930/2386
f 2189/1589/2058 2372/1772/2238 2532/1931/2387
f 2189/1589/2058 2532/1931/2387 2190/1590/2059
f 2531/1930/2386 2191/1591/2060 2190/1590/2059
f 2531/1930/2386 2190/1590/2059 2532/1931/2387
f 2225/1625/2094 2266/1666/2135 2533/1932/2388
f 2225/1625/2094 2533/1932/2388 2534/1933/2389
f 2535/1934/2390 2536/1935/2391 2537/1936/2392
f 2535/1934/2390 2537/1936/2392 2538/1937/2393
f 2534/1933/2389 2533/1932/2388 2539/1938/2394
f 2534/1933/2389 2539/1938/2394 2537/1936/2392
f 2540/1939/2395 2226/1626/2095 2225/1625/2094
f 2540/1939/2395 2225/1625/2094 2534/1933/2389
f 2536/1935/2391 2541/1940/2396 2540/1939/2395
f 2536/1935/2391 2540/1939/2395 2537/1936/2392
f 2536/1935/2391 2535/1934/2390 2463/1862/2237
f 2536/1935/2391 2463/1862/2237 2462/1861/2325
f 2534/1933/2389 2537/1936/2392 2540/1939/2395
f 2542/1941/2397 2238/1638/2107 2227/1627/2096
f 2542/1941/2397 2227/1627/2096 2226/1626/2095
f 2238/1638/2107 2542/1941/2397 2543/1942/2398
f 2238/1638/2107 2543/1942/2398 2390/1790/2256
f 2390/1790/2256 2543/1942/2398 2396/1796/2262
f 2390/1790/2256 2396/1796/2262 2391/1791/2257
f 2544/1943/2399 2395/1795/2261 2545/1944/2400
f 2546/1945/2401 2545/1944/2400 2396/1796/2262
f 2546/1945/2401 2396/1796/2262 2543/1942/2398
f 2542/1941/2397 2541/1940/2396 2547/1946/2402
f 2542/1941/2397 2547/1946/2402 2546/1945/2401
f 2380/1780/2246 2378/1778/2244 2395/1795/2261
f 2380/1780/2246 2395/1795/2261 2544/1943/2399
f 2545/1944/2400 2395/1795/2261 2394/1794/2260
f 2545/1944/2400 2394/1794/2260 2396/1796/2262
f 2545/1944/2400 2546/1945/2401 2547/1946/2402
f 2545/1944/2400 2547/1946/2402 2544/1943/2399
f 2544/1943/2399 2461/1860/2324 2465/1864/2327
f 2544/1943/2399 2465/1864/2327 2380/1780/2246
f 2461/1860/2324 2544/1943/2399 2547/1946/2402
f 2461/1860/2324 2547/1946/2402 2462/1861/2325
f 2542/1941/2397 2226/1626/2095 2540/1939/2395
f 2542/1941/2397 2540/1939/2395 2541/1940/2396
f 2462/1861/2325 2547/1946/2402 2541/1940/2396
f 2462/1861/2325 2541/1940/2396 2536/1935/2391
f 2546/1945/2401 2543/1942/2398 2542/1941/2397
f 2166/1568/2035 2548/1947/2403 2427/1826/2291
f 2166/1568/2035 2427/1826/2291 2163/1565/2032
f 2488/1887/2343 2549/1948/2404 2550/1949/2405
f 2488/1887/2343 2550/1949/2405 2489/1888/2344
f 2548/1947/2403 2551/1950/2406 2552/1951/2407
f 2548/1947/2403 2552/1951/2407 2553/1952/2408
f 2551/1950/2406 2548/1947/2403 2166/1568/2035
f 2551/1950/2406 2166/1568/2035 2168/1570/2037
f 2170/1572/2039 2554/1953/2409 2551/1950/2406
f 2170/1572/2039 2551/1950/2406 2168/1570/2037
f 2427/1826/2291 2548/1947/2403 2553/1952/2408
f 2427/1826/2291 2553/1952/2408 2418/1818/2282
f 2549/1948/2404 2488/1887/2343 2421/1821/2285
f 2549/1948/2404 2421/1821/2285 2419/1819/2283
f 2549/1948/2404 2419/1819/2283 2418/1818/2282
f 2549/1948/2404 2418/1818/2282 2553/1952/2408
f 2555/1954/2410 2550/1949/2405 2549/1948/2404
f 2555/1954/2410 2549/1948/2404 2553/1952/2408
f 2553/1952/2408 2552/1951/2407 2555/1954/2410
f 2556/1955/2411 2557/1956/2412 2258/1658/2127
f 2556/1955/2411 2258/1658/2127 2257/1657/2126
f 2558/1957/2413 2559/1958/2414 2560/1959/2415
f 2559/1958/2414 2273/1673/2142 2275/1675/2144
f 2559/1958/2414 2275/1675/2144 2561/1960/2416
f 2560/1959/2415 2261/1661/2130 2252/1652/2121
f 2560/1959/2415 2252/1652/2121 2558/1957/2413
f 2558/1957/2413 2252/1652/2121 2247/1647/2116
f 2558/1957/2413 2247/1647/2116 2246/1646/2115
f 2559/1958/2414 2558/1957/2413 2246/1646/2115
f 2559/1958/2414 2246/1646/2115 2273/1673/2142
f 2257/1657/2126 2261/1661/2130 2560/1959/2415
f 2257/1657/2126 2560/1959/2415 2556/1955/2411
f 2286/1686/2155 2562/1961/2417 2563/1962/2418
f 2286/1686/2155 2563/1962/2418 2399/1799/2265
f 2563/1962/2418 2561/1960/2416 2275/1675/2144
f 2563/1962/2418 2275/1675/2144 2399/1799/2265
f 2561/1960/2416 2556/1955/2411 2560/1959/2415
f 2561/1960/2416 2560/1959/2415 2559/1958/2414
f 2563/1962/2418 2557/1956/2412 2556/1955/2411
f 2563/1962/2418 2556/1955/2411 2561/1960/2416
f 2259/1659/2128 2258/1658/2127 2564/1963/2419
f 2259/1659/2128 2564/1963/2419 2565/1964/2420
f 2214/1614/2083 2566/1965/2421 2567/1966/2422
f 2214/1614/2083 2567/1966/2422 2283/1683/2152
f 2254/1654/2123 2568/1967/2423 2569/1968/2424
f 2254/1654/2123 2569/1968/2424 2255/1655/2124
f 2213/1613/2082 2255/1655/2124 2566/1965/2421
f 2213/1613/2082 2566/1965/2421 2214/1614/2083
f 2565/1964/2420 2564/1963/2419 2569/1968/2424
f 2565/1964/2420 2569/1968/2424 2568/1967/2423
f 2258/1658/2127 2557/1956/2412 2570/1969/2425
f 2258/1658/2127 2570/1969/2425 2564/1963/2419
f 2571/1970/2426 2570/1969/2425 2562/1961/2417
f 2571/1970/2426 2562/1961/2417 2567/1966/2422
f 2571/1970/2426 2566/1965/2421 2255/1655/2124
f 2571/1970/2426 2255/1655/2124 2569/1968/2424
f 2571/1970/2426 2569/1968/2424 2564/1963/2419
f 2571/1970/2426 2564/1963/2419 2570/1969/2425
f 2283/1683/2152 2567/1966/2422 2562/1961/2417
f 2283/1683/2152 2562/1961/2417 2286/1686/2155
f 2562/1961/2417 2570/1969/2425 2557/1956/2412
f 2562/1961/2417 2557/1956/2412 2563/1962/2418
f 2567/1966/2422 2566/1965/2421 2571/1970/2426
f 2222/1622/2091 2221/1621/2090 2359/1759/2225
f 2222/1622/2091 2359/1759/2225 2572/1971/2427
f 2572/1971/2427 2359/1759/2225 2360/1760/2226
f 2572/1971/2427 2360/1760/2226 2573/1972/2428
f 2360/1760/2226 2503/1902/2358 2506/1905/2361
f 2360/1760/2226 2506/1905/2361 2573/1972/2428
f 2179/1581/2048 2574/1973/2429 2575/1974/2430
f 2179/1581/2048 2575/1974/2430 2180/1582/2049
f 2574/1973/2429 2179/1581/2048 2278/1678/2147
f 2574/1973/2429 2278/1678/2147 2277/1677/2146
f 2576/1975/2431 2501/1900/2356 2180/1582/2049
f 2576/1975/2431 2180/1582/2049 2575/1974/2430
f 2502/1901/2357 2501/1900/2356 2576/1975/2431
f 2502/1901/2357 2576/1975/2431 2577/1976/2432
f 2578/1977/2433 2288/1688/2157 2397/1797/2263
f 2578/1977/2433 2397/1797/2263 2579/1978/2434
f 2288/1688/2157 2578/1977/2433 2580/1979/2435
f 2288/1688/2157 2580/1979/2435 2285/1685/2154
f 2574/1973/2429 2277/1677/2146 2326/1726/2192
f 2574/1973/2429 2326/1726/2192 2581/1980/2436
f 2285/1685/2154 2580/1979/2435 2581/1980/2436
f 2285/1685/2154 2581/1980/2436 2326/1726/2192
f 2582/1981/2437 2583/1982/2438 2578/1977/2433
f 2582/1981/2437 2578/1977/2433 2579/1978/2434
f 2584/1983/2439 2585/1984/2440 2586/1985/2441
f 2584/1983/2439 2586/1985/2441 2587/1986/2442
f 2587/1986/2442 2586/1985/2441 2588/1987/2443
f 2587/1986/2442 2588/1987/2443 2589/1988/2444
f 2506/1905/2361 2508/1907/2363 2590/1989/2445
f 2506/1905/2361 2590/1989/2445 2573/1972/2428
f 2589/1988/2444 2588/1987/2443 2590/1989/2445
f 2589/1988/2444 2590/1989/2445 2508/1907/2363
f 2223/1623/2092 2222/1622/2091 2591/1990/2446
f 2223/1623/2092 2591/1990/2446 2272/1672/2141
f 2591/1990/2446 2592/1991/2447 2282/1682/2151
f 2591/1990/2446 2282/1682/2151 2272/1672/2141
f 2579/1978/2434 2397/1797/2263 2282/1682/2151
f 2579/1978/2434 2282/1682/2151 2592/1991/2447
f 2593/1992/2448 2585/1984/2440 2584/1983/2439
f 2593/1992/2448 2584/1983/2439 2594/1993/2449
f 2595/1994/2450 2593/1992/2448 2594/1993/2449
f 2595/1994/2450 2594/1993/2449 2596/1995/2451
f 2576/1975/2431 2595/1994/2450 2596/1995/2451
f 2576/1975/2431 2596/1995/2451 2577/1976/2432
f 2597/1996/2452 2598/1997/2453 2593/1992/2448
f 2597/1996/2452 2593/1992/2448 2595/1994/2450
f 2598/1997/2453 2599/1998/2454 2585/1984/2440
f 2598/1997/2453 2585/1984/2440 2593/1992/2448
f 2575/1974/2430 2574/1973/2429 2581/1980/2436
f 2575/1974/2430 2581/1980/2436 2597/1996/2452
f 2597/1996/2452 2595/1994/2450 2576/1975/2431
f 2597/1996/2452 2576/1975/2431 2575/1974/2430
f 2572/1971/2427 2600/1999/2455 2591/1990/2446
f 2572/1971/2427 2591/1990/2446 2222/1622/2091
f 2601/2000/2456 2600/1999/2455 2590/1989/2445
f 2601/2000/2456 2590/1989/2445 2588/1987/2443
f 2600/1999/2455 2572/1971/2427 2573/1972/2428
f 2600/1999/2455 2573/1972/2428 2590/1989/2445
f 2592/1991/2447 2591/1990/2446 2600/1999/2455
f 2592/1991/2447 2600/1999/2455 2602/2001/2457
f 2599/1998/2454 2603/2002/2458 2586/1985/2441
f 2599/1998/2454 2586/1985/2441 2585/1984/2440
f 2603/2002/2458 2601/2000/2456 2588/1987/2443
f 2603/2002/2458 2588/1987/2443 2586/1985/2441
f 2598/1997/2453 2604/2003/2459 2583/1982/2438
f 2598/1997/2453 2583/1982/2438 2599/1998/2454
f 2601/2000/2456 2602/2001/2457 2600/1999/2455
f 2580/1979/2435 2604/2003/2459 2597/1996/2452
f 2580/1979/2435 2597/1996/2452 2581/1980/2436
f 2578/1977/2433 2583/1982/2438 2604/2003/2459
f 2578/1977/2433 2604/2003/2459 2580/1979/2435
f 2602/2001/2457 2582/1981/2437 2579/1978/2434
f 2602/2001/2457 2579/1978/2434 2592/1991/2447
f 2598/1997/2453 2597/1996/2452 2604/2003/2459
f 2603/2002/2458 2599/1998/2454 2583/1982/2438
f 2603/2002/2458 2583/1982/2438 2582/1981/2437
f 2601/2000/2456 2603/2002/2458 2582/1981/2437
f 2601/2000/2456 2582/1981/2437 2602/2001/2457
f 2605/2004/2460 2606/2005/2461 2607/2006/2462
f 2605/2004/2460 2607/2006/2462 2608/2007/2463
f 2609/2008/2464 2608/2007/2463 2607/2006/2462
f 2609/2008/2464 2607/2006/2462 2610/2009/2465
f 2611/2010/2466 2609/2008/2464 2610/2009/2465
f 2611/2010/2466 2610/2009/2465 2612/2011/2467
f 2613/2012/2468 2614/2013/2469 2615/2014/2470
f 2613/2012/2468 2615/2014/2470 2616/2015/2471
f 2617/2016/2472 2613/2012/2468 2616/2015/2471
f 2617/2016/2472 2616/2015/2471 2618/2017/2473
f 2619/2018/2474 2605/2004/2460 2608/2007/2463
f 2619/2018/2474 2608/2007/2463 2620/2019/2475
f 2621/2020/2476 2620/2019/2475 2608/2007/2463
f 2621/2020/2476 2608/2007/2463 2609/2008/2464
f 2622/2021/2477 2621/2020/2476 2609/2008/2464
f 2622/2021/2477 2609/2008/2464 2611/2010/2466
f 2617/2016/2472 2618/2017/2473 2623/2022/2478
f 2617/2016/2472 2623/2022/2478 2624/2023/2479
f 2616/2015/2471 2615/2014/2470 2625/2024/2480
f 2616/2015/2471 2625/2024/2480 2626/2025/2481
f 2623/2022/2478 2618/2017/2473 2616/2015/2471
f 2623/2022/2478 2616/2015/2471 2626/2025/2481
f 2621/2020/2476 2622/2021/2477 2627/2026/2482
f 2621/2020/2476 2627/2026/2482 2623/2022/2478
f 2620/2019/2475 2621/2020/2476 2623/2022/2478
f 2620/2019/2475 2623/2022/2478 2626/2025/2481
f 2619/2018/2474 2620/2019/2475 2626/2025/2481
f 2619/2018/2474 2626/2025/2481 2625/2024/2480
f 2628/2027/2483 2613/2012/2468 2617/2016/2472
f 2628/2027/2483 2617/2016/2472 2629/2028/2484
f 2630/2029/2485 2631/2030/2486 2632/2031/2487
f 2630/2029/2485 2632/2031/2487 2633/2032/2488
f 2630/2029/2485 2628/2027/2483 2631/2030/2486
f 2634/2033/2489 2635/2034/2490 2636/2035/2491
f 2634/2033/2489 2636/2035/2491 2624/2023/2479
f 2636/2035/2491 2629/2028/2484 2617/2016/2472
f 2636/2035/2491 2617/2016/2472 2624/2023/2479
f 2637/2036/2492 2638/2037/2493 2629/2028/2484
f 2637/2036/2492 2629/2028/2484 2636/2035/2491
f 2639/2038/2489 2611/2010/2466 2612/2011/2467
f 2639/2038/2489 2612/2011/2467 2640/2039/2494
f 2627/2026/2482 2622/2021/2477 2611/2010/2466
f 2627/2026/2482 2611/2010/2466 2639/2038/2489
f 2628/2027/2483 2641/2040/2495 2631/2030/2486
f 2642/2041/2496 2641/2040/2495 2638/2037/2493
f 2642/2041/2496 2638/2037/2493 2637/2036/2492
f 2643/2042/2487 2631/2030/2486 2641/2040/2495
f 2643/2042/2487 2641/2040/2495 2642/2041/2496
f 2638/2037/2493 2641/2040/2495 2628/2027/2483
f 2638/2037/2493 2628/2027/2483 2629/2028/2484
f 2644/2043/2497 2635/2034/2490 2634/2033/2489
f 2635/2034/2490 2637/2036/2492 2636/2035/2491
f 2645/2044/2498 2646/2045/2499 2647/2046/2500
f 2648/2047/2501 2606/2005/2461 2605/2004/2460
f 2648/2047/2501 2605/2004/2460 2649/2048/2502
f 2647/2046/2500 2650/2049/2503 2651/2050/2504
f 2647/2046/2500 2651/2050/2504 2645/2044/2498
f 2605/2004/2460 2619/2018/2474 2652/2051/2505
f 2605/2004/2460 2652/2051/2505 2649/2048/2502
f 2614/2013/2469 2653/2052/2506 2651/2050/2504
f 2614/2013/2469 2651/2050/2504 2650/2049/2503
f 2615/2014/2470 2614/2013/2469 2650/2049/2503
f 2615/2014/2470 2650/2049/2503 2625/2024/2480
f 2652/2051/2505 2619/2018/2474 2625/2024/2480
f 2652/2051/2505 2625/2024/2480 2654/2053/2503
f 2649/2048/2502 2652/2051/2505 2654/2053/2503
f 2649/2048/2502 2654/2053/2503 2655/2054/2500
f 2655/2054/2500 2656/2055/2507 2648/2047/2501
f 2655/2054/2500 2648/2047/2501 2649/2048/2502
f 2653/2052/2506 2614/2013/2469 2613/2012/2468
f 2653/2052/2506 2613/2012/2468 2628/2027/2483
f 2628/2027/2483 2630/2029/2485 2657/2056/2508
f 2628/2027/2483 2657/2056/2508 2653/2052/2506
f 2658/2057/2509 2645/2044/2498 2651/2050/2504
f 2657/2056/2508 2630/2029/2485 2633/2032/2488
f 2657/2056/2508 2633/2032/2488 2658/2057/2509
f 2653/2052/2506 2657/2056/2508 2658/2057/2509
f 2653/2052/2506 2658/2057/2509 2651/2050/2504
f 2659/2058/2510 2660/2059/2511 2661/2060/2512
f 2659/2058/2510 2661/2060/2512 2662/2061/2513
f 2663/2062/2514 2661/2060/2512 2660/2059/2511
f 2663/2062/2514 2660/2059/2511 2664/2063/2515
f 2665/2064/2516 2666/2065/2517 2667/2066/2518
f 2665/2064/2516 2667/2066/2518 2668/2067/2519
f 2669/2068/2520 2670/2069/2521 2671/2070/2522
f 2669/2068/2520 2671/2070/2522 2672/2071/2523
f 2673/2072/2524 2674/2073/2525 2675/2074/2526
f 2673/2072/2524 2675/2074/2526 2676/2075/2527
f 2663/2062/2514 2664/2063/2515 2677/2076/2528
f 2663/2062/2514 2677/2076/2528 2678/2077/2529
f 2678/2077/2529 2677/2076/2528 2674/2073/2525
f 2678/2077/2529 2674/2073/2525 2673/2072/2524
f 2679/2078/2530 2678/2077/2529 2673/2072/2524
f 2679/2078/2530 2673/2072/2524 2676/2075/2527
f 2670/2069/2521 2669/2068/2520 2680/2079/2531
f 2670/2069/2521 2680/2079/2531 2681/2080/2532
f 2680/2079/2531 2669/2068/2520 2672/2071/2523
f 2680/2079/2531 2672/2071/2523 2682/2081/2533
f 2681/2080/2532 2680/2079/2531 2668/2067/2519
f 2681/2080/2532 2668/2067/2519 2683/2082/2534
f 2668/2067/2519 2680/2079/2531 2682/2081/2533
f 2668/2067/2519 2682/2081/2533 2665/2064/2516
f 2684/2083/2535 2663/2062/2514 2678/2077/2529
f 2684/2083/2535 2678/2077/2529 2679/2078/2530
f 2684/2083/2535 2679/2078/2530 2681/2080/2532
f 2684/2083/2535 2681/2080/2532 2683/2082/2534
f 2681/2080/2532 2679/2078/2530 2676/2075/2527
f 2681/2080/2532 2676/2075/2527 2670/2069/2521
f 2670/2069/2521 2676/2075/2527 2675/2074/2526
f 2670/2069/2521 2675/2074/2526 2671/2070/2522
f 2685/2084/2536 2667/2066/2518 2666/2065/2517
f 2685/2084/2536 2666/2065/2517 2686/2085/2537
f 2685/2084/2536 2686/2085/2537 2659/2058/2510
f 2685/2084/2536 2659/2058/2510 2662/2061/2513
f 2687/2086/2538 2667/2066/2518 2685/2084/2536
f 2668/2067/2519 2667/2066/2518 2687/2086/2538
f 2668/2067/2519 2687/2086/2538 2683/2082/2534
f 2687/2086/2538 2685/2084/2536 2662/2061/2513
f 2687/2086/2538 2662/2061/2513 2688/2087/2539
f 2662/2061/2513 2661/2060/2512 2688/2087/2539
f 2684/2083/2535 2683/2082/2534 2687/2086/2538
f 2684/2083/2535 2687/2086/2538 2688/2087/2539
f 2684/2083/2535 2688/2087/2539 2661/2060/2512
f 2684/2083/2535 2661/2060/2512 2663/2062/2514
f 2689/2058/2540 2690/2061/2541 2691/2060/2542
f 2689/2058/2540 2691/2060/2542 2692/2059/2543
f 2693/2062/2544 2694/2063/2545 2692/2059/2543
f 2693/2062/2544 2692/2059/2543 2691/2060/2542
f 2695/2064/2546 2696/2067/2547 2697/2066/2548
f 2695/2064/2546 2697/2066/2548 2698/2065/2549
f 2699/2068/2550 2700/2071/2551 2701/2070/2552
f 2699/2068/2550 2701/2070/2552 2702/2069/2553
f 2703/2072/2554 2704/2075/2555 2705/2074/2556
f 2703/2072/2554 2705/2074/2556 2706/2073/2557
f 2693/2062/2544 2707/2077/2558 2708/2076/2559
f 2693/2062/2544 2708/2076/2559 2694/2063/2545
f 2707/2077/2558 2703/2072/2554 2706/2073/2557
f 2707/2077/2558 2706/2073/2557 2708/2076/2559
f 2709/2078/2560 2704/2075/2555 2703/2072/2554
f 2709/2078/2560 2703/2072/2554 2707/2077/2558
f 2702/2069/2553 2710/2080/2561 2711/2079/2562
f 2702/2069/2553 2711/2079/2562 2699/2068/2550
f 2711/2079/2562 2712/2081/2563 2700/2071/2551
f 2711/2079/2562 2700/2071/2551 2699/2068/2550
f 2710/2080/2561 2713/2082/2564 2696/2067/2547
f 2710/2080/2561 2696/2067/2547 2711/2079/2562
f 2696/2067/2547 2695/2064/2546 2712/2081/2563
f 2696/2067/2547 2712/2081/2563 2711/2079/2562
f 2714/2083/2565 2709/2078/2560 2707/2077/2558
f 2714/2083/2565 2707/2077/2558 2693/2062/2544
f 2714/2083/2565 2713/2082/2564 2710/2080/2561
f 2714/2083/2565 2710/2080/2561 2709/2078/2560
f 2710/2080/2561 2702/2069/2553 2704/2075/2555
f 2710/2080/2561 2704/2075/2555 2709/2078/2560
f 2702/2069/2553 2701/2070/2552 2705/2074/2556
f 2702/2069/2553 2705/2074/2556 2704/2075/2555
f 2715/2084/2566 2716/2085/2567 2698/2065/2549
f 2715/2084/2566 2698/2065/2549 2697/2066/2548
f 2715/2084/2566 2690/2061/2541 2689/2058/2540
f 2715/2084/2566 2689/2058/2540 2716/2085/2567
f 2717/2086/2568 2715/2084/2566 2697/2066/2548
f 2696/2067/2547 2713/2082/2564 2717/2086/2568
f 2696/2067/2547 2717/2086/2568 2697/2066/2548
f 2717/2086/2568 2718/2087/2569 2690/2061/2541
f 2717/2086/2568 2690/2061/2541 2715/2084/2566
f 2690/2061/2541 2718/2087/2569 2691/2060/2542
f 2714/2083/2565 2718/2087/2569 2717/2086/2568
f 2714/2083/2565 2717/2086/2568 2713/2082/2564
f 2714/2083/2565 2693/2062/2544 2691/2060/2542
f 2714/2083/2565 2691/2060/2542 2718/2087/2569
f 2719/2088/2570 2720/2089/2571 2721/2090/2572
f 2719/2088/2570 2721/2090/2572 2722/2091/2573
f 2723/2092/2574 2724/2093/2575 2725/2094/2576
f 2723/2092/2574 2725/2094/2576 2726/2095/2577
f 2727/2096/2578 2720/2089/2571 2719/2088/2570
f 2727/2096/2578 2719/2088/2570 2728/2097/2579
f 2723/2092/2574 2727/2096/2578 2728/2097/2579
f 2723/2092/2574 2728/2097/2579 2724/2093/2575
f 2729/2098/2580 2730/2099/2581 2731/2100/2582
f 2729/2098/2580 2731/2100/2582 2732/2101/2583
f 2733/2102/2584 2734/2103/2585 2735/2104/2586
f 2733/2102/2584 2735/2104/2586 2736/2105/2587
f 2730/2099/2581 2729/2098/2580 2737/2106/2588
f 2730/2099/2581 2737/2106/2588 2738/2107/2589
f 2731/2100/2582 2734/2103/2585 2733/2102/2584
f 2731/2100/2582 2733/2102/2584 2732/2101/2583
f 2729/2098/2580 2719/2088/2570 2722/2091/2573
f 2729/2098/2580 2722/2091/2573 2737/2106/2588
f 2732/2101/2583 2728/2097/2579 2719/2088/2570
f 2732/2101/2583 2719/2088/2570 2729/2098/2580
f 2735/2104/2586 2739/2108/2577 2725/2094/2576
f 2735/2104/2586 2725/2094/2576 2736/2105/2587
f 2724/2093/2575 2733/2102/2584 2736/2105/2587
f 2724/2093/2575 2736/2105/2587 2725/2094/2576
f 2740/2109/2572 2738/2107/2589 2737/2106/2588
f 2740/2109/2572 2737/2106/2588 2722/2091/2573
f 2733/2102/2584 2724/2093/2575 2728/2097/2579
f 2733/2102/2584 2728/2097/2579 2732/2101/2583
f 2741/2110/2590 2742/2111/2591 2743/2112/2592
f 2741/2110/2590 2743/2112/2592 2744/2113/2593
f 2745/2114/2594 2746/2115/2595 2742/2111/2591
f 2745/2114/2594 2742/2111/2591 2741/2110/2590
f 2747/2116/2596 2748/2117/2597 2746/2115/2595
f 2747/2116/2596 2746/2115/2595 2745/2114/2594
f 2749/2118/2598 2750/2119/2599 2748/2117/2597
f 2749/2118/2598 2748/2117/2597 2747/2116/2596
f 2751/2120/2600 2752/2121/2601 2750/2119/2599
f 2751/2120/2600 2750/2119/2599 2749/2118/2598
f 2753/2122/2602 2754/2123/2603 2752/2121/2601
f 2753/2122/2602 2752/2121/2601 2751/2120/2600
f 2755/2124/2604 2756/2125/2605 2754/2123/2603
f 2755/2124/2604 2754/2123/2603 2753/2122/2602
f 2757/2126/2606 2758/2127/2607 2759/2128/2608
f 2757/2126/2606 2759/2128/2608 2760/2129/2609
f 2761/2130/2610 2762/2131/2611 2758/2127/2607
f 2761/2130/2610 2758/2127/2607 2757/2126/2606
f 2763/2132/2612 2764/2133/2613 2765/2134/2614
f 2763/2132/2612 2765/2134/2614 2766/2135/2615
f 2767/2136/2616 2768/2137/2617 2764/2133/2613
f 2767/2136/2616 2764/2133/2613 2763/2132/2612
f 2769/2138/2618 2770/2139/2619 2771/2140/2620
f 2769/2138/2618 2771/2140/2620 2772/2141/2621
f 2773/2142/2622 2774/2143/2623 2775/2144/2619
f 2773/2142/2622 2775/2144/2619 2776/2145/2624
f 2777/2146/2625 2778/2147/2626 2774/2143/2623
f 2777/2146/2625 2774/2143/2623 2773/2142/2622
f 2779/2148/2627 2780/2149/2628 2778/2147/2626
f 2779/2148/2627 2778/2147/2626 2777/2146/2625
f 2781/2150/2629 2782/2151/2630 2780/2149/2628
f 2781/2150/2629 2780/2149/2628 2779/2148/2627
f 2783/2152/2631 2784/2153/2632 2782/2151/2630
f 2783/2152/2631 2782/2151/2630 2781/2150/2629
f 2785/2154/2633 2784/2153/2632 2783/2152/2631
f 2785/2154/2633 2783/2152/2631 2786/2155/2634
f 2787/2156/2635 2788/2157/2636 2789/2158/2611
f 2787/2156/2635 2789/2158/2611 2761/2130/2610
f 2790/2159/2637 2787/2156/2635 2761/2130/2610
f 2790/2159/2637 2761/2130/2610 2757/2126/2606
f 2791/2160/2638 2790/2159/2637 2757/2126/2606
f 2791/2160/2638 2757/2126/2606 2760/2129/2609
f 2792/2161/2639 2793/2162/2640 2755/2124/2604
f 2792/2161/2639 2755/2124/2604 2753/2122/2602
f 2794/2163/2641 2792/2161/2639 2753/2122/2602
f 2794/2163/2641 2753/2122/2602 2751/2120/2600
f 2795/2164/2642 2794/2163/2641 2751/2120/2600
f 2795/2164/2642 2751/2120/2600 2749/2118/2598
f 2796/2165/2643 2795/2164/2642 2749/2118/2598
f 2796/2165/2643 2749/2118/2598 2747/2116/2596
f 2797/2166/2644 2796/2165/2643 2747/2116/2596
f 2797/2166/2644 2747/2116/2596 2745/2114/2594
f 2798/2167/2645 2797/2166/2644 2745/2114/2594
f 2798/2167/2645 2745/2114/2594 2741/2110/2590
f 2799/2168/2646 2798/2167/2645 2741/2110/2590
f 2799/2168/2646 2741/2110/2590 2744/2113/2593
f 2766/2135/2615 2800/2169/2647 2788/2157/2636
f 2766/2135/2615 2788/2157/2636 2787/2156/2635
f 2763/2132/2612 2766/2135/2615 2787/2156/2635
f 2763/2132/2612 2787/2156/2635 2790/2159/2637
f 2767/2136/2616 2763/2132/2612 2790/2159/2637
f 2767/2136/2616 2790/2159/2637 2791/2160/2638
f 2769/2138/2618 2772/2141/2621 2793/2162/2640
f 2769/2138/2618 2793/2162/2640 2792/2161/2639
f 2773/2142/2622 2776/2145/2624 2792/2161/2639
f 2773/2142/2622 2792/2161/2639 2794/2163/2641
f 2777/2146/2625 2773/2142/2622 2794/2163/2641
f 2777/2146/2625 2794/2163/2641 2795/2164/2642
f 2779/2148/2627 2777/2146/2625 2795/2164/2642
f 2779/2148/2627 2795/2164/2642 2796/2165/2643
f 2781/2150/2629 2779/2148/2627 2796/2165/2643
f 2781/2150/2629 2796/2165/2643 2797/2166/2644
f 2783/2152/2631 2781/2150/2629 2797/2166/2644
f 2783/2152/2631 2797/2166/2644 2798/2167/2645
f 2786/2155/2634 2783/2152/2631 2798/2167/2645
f 2786/2155/2634 2798/2167/2645 2799/2168/2646
f 2801/2170/2634 2799/2168/2646 2802/2171/2648
f 2801/2170/2634 2802/2171/2648 2803/2172/2649
f 2804/2173/2650 2805/2174/2651 2806/2175/2652
f 2804/2173/2650 2806/2175/2652 2807/2176/2653
f 2808/2177/2654 2804/2173/2650 2807/2176/2653
f 2808/2177/2654 2807/2176/2653 2809/2178/2655
f 2802/2171/2648 2810/2179/2656 2811/2180/2657
f 2802/2171/2648 2811/2180/2657 2803/2172/2649
f 2812/2181/2658 2813/2182/2659 2814/2183/2660
f 2812/2181/2658 2814/2183/2660 2815/2184/2661
f 2805/2174/2651 2816/2185/2662 2817/2186/2663
f 2805/2174/2651 2817/2186/2663 2806/2175/2652
f 2818/2187/2664 2819/2188/2665 2820/2189/2666
f 2818/2187/2664 2820/2189/2666 2821/2190/2667
f 2813/2182/2659 2818/2187/2664 2821/2190/2667
f 2813/2182/2659 2821/2190/2667 2814/2183/2660
f 2810/2179/2656 2812/2181/2658 2815/2184/2661
f 2810/2179/2656 2815/2184/2661 2811/2180/2657
f 2822/2191/2668 2744/2113/2593 2743/2112/2592
f 2822/2191/2668 2743/2112/2592 2823/2192/2669
f 2824/2193/2670 2822/2191/2668 2823/2192/2669
f 2824/2193/2670 2823/2192/2669 2825/2194/2671
f 2826/2195/2672 2824/2193/2670 2825/2194/2671
f 2826/2195/2672 2825/2194/2671 2827/2196/2673
f 2828/2197/2674 2826/2195/2672 2827/2196/2673
f 2828/2197/2674 2827/2196/2673 2829/2198/2675
f 2830/2199/2676 2828/2197/2674 2829/2198/2675
f 2830/2199/2676 2829/2198/2675 2831/2200/2677
f 2832/2201/2678 2830/2199/2676 2831/2200/2677
f 2832/2201/2678 2831/2200/2677 2833/2202/2679
f 2834/2203/2680 2835/2204/2681 2836/2205/2682
f 2834/2203/2680 2836/2205/2682 2837/2206/2683
f 2838/2207/2684 2834/2203/2680 2837/2206/2683
f 2838/2207/2684 2837/2206/2683 2839/2208/2685
f 2840/2209/2686 2838/2207/2684 2839/2208/2685
f 2840/2209/2686 2839/2208/2685 2841/2210/2687
f 2816/2185/2662 2842/2211/2688 2843/2212/2689
f 2816/2185/2662 2843/2212/2689 2817/2186/2663
f 2806/2175/2652 2817/2186/2663 2844/2213/2690
f 2806/2175/2652 2844/2213/2690 2845/2214/2691
f 2807/2176/2653 2806/2175/2652 2845/2214/2691
f 2807/2176/2653 2845/2214/2691 2846/2215/2692
f 2809/2178/2655 2807/2176/2653 2846/2215/2692
f 2809/2178/2655 2846/2215/2692 2847/2216/2693
f 2821/2190/2667 2820/2189/2666 2848/2217/2694
f 2821/2190/2667 2848/2217/2694 2849/2218/2695
f 2814/2183/2660 2821/2190/2667 2849/2218/2695
f 2814/2183/2660 2849/2218/2695 2850/2219/2696
f 2815/2184/2661 2814/2183/2660 2850/2219/2696
f 2815/2184/2661 2850/2219/2696 2851/2220/2697
f 2811/2180/2657 2815/2184/2661 2851/2220/2697
f 2811/2180/2657 2851/2220/2697 2852/2221/2698
f 2803/2172/2649 2811/2180/2657 2852/2221/2698
f 2803/2172/2649 2852/2221/2698 2853/2222/2699
f 2854/2223/2633 2801/2170/2634 2803/2172/2649
f 2854/2223/2633 2803/2172/2649 2853/2222/2699
f 2799/2168/2646 2744/2113/2593 2822/2191/2668
f 2799/2168/2646 2822/2191/2668 2802/2171/2648
f 2822/2191/2668 2824/2193/2670 2810/2179/2656
f 2822/2191/2668 2810/2179/2656 2802/2171/2648
f 2824/2193/2670 2826/2195/2672 2812/2181/2658
f 2824/2193/2670 2812/2181/2658 2810/2179/2656
f 2826/2195/2672 2828/2197/2674 2813/2182/2659
f 2826/2195/2672 2813/2182/2659 2812/2181/2658
f 2828/2197/2674 2830/2199/2676 2818/2187/2664
f 2828/2197/2674 2818/2187/2664 2813/2182/2659
f 2830/2199/2676 2832/2201/2678 2819/2188/2665
f 2830/2199/2676 2819/2188/2665 2818/2187/2664
f 2835/2204/2681 2834/2203/2680 2804/2173/2650
f 2835/2204/2681 2804/2173/2650 2808/2177/2654
f 2834/2203/2680 2838/2207/2684 2805/2174/2651
f 2834/2203/2680 2805/2174/2651 2804/2173/2650
f 2838/2207/2684 2840/2209/2686 2816/2185/2662
f 2838/2207/2684 2816/2185/2662 2805/2174/2651
f 2840/2209/2686 2855/2224/2687 2842/2211/2688
f 2840/2209/2686 2842/2211/2688 2816/2185/2662
f 2772/2141/2621 2771/2140/2620 2768/2137/2617
f 2772/2141/2621 2768/2137/2617 2767/2136/2616
f 2793/2162/2640 2772/2141/2621 2767/2136/2616
f 2793/2162/2640 2767/2136/2616 2791/2160/2638
f 2755/2124/2604 2793/2162/2640 2791/2160/2638
f 2755/2124/2604 2791/2160/2638 2760/2129/2609
f 2760/2129/2609 2759/2128/2608 2756/2125/2605
f 2760/2129/2609 2756/2125/2605 2755/2124/2604
f 2856/2225/2666 2809/2178/2655 2847/2216/2693
f 2856/2225/2666 2847/2216/2693 2857/2226/2700
f 2819/2188/2665 2808/2177/2654 2809/2178/2655
f 2819/2188/2665 2809/2178/2655 2856/2225/2666
f 2832/2201/2678 2835/2204/2681 2808/2177/2654
f 2832/2201/2678 2808/2177/2654 2819/2188/2665
f 2836/2205/2682 2835/2204/2681 2832/2201/2678
f 2836/2205/2682 2832/2201/2678 2833/2202/2679
f 2858/2227/2701 2859/2228/2702 2860/2229/2703
f 2858/2227/2701 2860/2229/2703 2861/2230/2704
f 2862/2231/2705 2863/2232/2706 2864/2233/2707
f 2862/2231/2705 2864/2233/2707 2865/2234/2708
f 2866/2235/2709 2867/2236/2710 2868/2237/2708
f 2866/2235/2709 2868/2237/2708 2869/2238/2711
f 2858/2227/2701 2867/2236/2710 2866/2235/2709
f 2858/2227/2701 2866/2235/2709 2859/2228/2702
f 2866/2235/2709 2869/2238/2711 2870/2239/2712
f 2866/2235/2709 2870/2239/2712 2871/2240/2713
f 2864/2233/2707 2863/2232/2706 2872/2241/2714
f 2864/2233/2707 2872/2241/2714 2873/2242/2712
f 2859/2228/2702 2866/2235/2709 2871/2240/2713
f 2859/2228/2702 2871/2240/2713 2874/2243/2715
f 2860/2229/2703 2859/2228/2702 2874/2243/2715
f 2860/2229/2703 2874/2243/2715 2875/2244/2716
f 2876/2245/2717 2877/2246/2718 2873/2242/2712
f 2876/2245/2717 2873/2242/2712 2872/2241/2714
f 2878/2247/2719 2879/2248/2720 2880/2249/2721
f 2878/2247/2719 2880/2249/2721 2881/2250/2722
f 2882/2251/2723 2878/2247/2719 2881/2250/2722
f 2882/2251/2723 2881/2250/2722 2883/2252/2724
f 2876/2245/2717 2882/2251/2723 2883/2252/2724
f 2876/2245/2717 2883/2252/2724 2884/2253/2725
f 2877/2246/2718 2876/2245/2717 2884/2253/2725
f 2877/2246/2718 2884/2253/2725 2885/2254/2726
f 2886/2255/2727 2887/2256/2728 2888/2257/2726
f 2886/2255/2727 2888/2257/2726 2889/2258/2729
f 2890/2259/2730 2886/2255/2727 2889/2258/2729
f 2890/2259/2730 2889/2258/2729 2891/2260/2731
f 2892/2261/2732 2890/2259/2730 2891/2260/2731
f 2892/2261/2732 2891/2260/2731 2893/2262/2733
f 2879/2248/2720 2892/2261/2732 2893/2262/2733
f 2879/2248/2720 2893/2262/2733 2880/2249/2721
f 2886/2255/2727 2871/2240/2713 2870/2239/2712
f 2886/2255/2727 2870/2239/2712 2887/2256/2728
f 2890/2259/2730 2874/2243/2715 2871/2240/2713
f 2890/2259/2730 2871/2240/2713 2886/2255/2727
f 2892/2261/2732 2875/2244/2716 2874/2243/2715
f 2892/2261/2732 2874/2243/2715 2890/2259/2730
f 2894/2263/2734 2895/2264/2735 2896/2265/2736
f 2894/2263/2734 2896/2265/2736 2897/2266/2737
f 2860/2229/2703 2895/2264/2735 2894/2263/2734
f 2860/2229/2703 2894/2263/2734 2861/2230/2704
f 2898/2267/2738 2895/2264/2735 2860/2229/2703
f 2898/2267/2738 2860/2229/2703 2875/2244/2716
f 2898/2267/2738 2875/2244/2716 2892/2261/2732
f 2898/2267/2738 2892/2261/2732 2879/2248/2720
f 2899/2268/2739 2896/2265/2736 2895/2264/2735
f 2899/2268/2739 2895/2264/2735 2898/2267/2738
f 2900/2269/2740 2901/2270/2741 2902/2271/2742
f 2900/2269/2740 2902/2271/2742 2903/2272/2743
f 2903/2272/2743 2902/2271/2742 2863/2232/2706
f 2903/2272/2743 2863/2232/2706 2862/2231/2705
f 2863/2232/2706 2902/2271/2742 2904/2273/2744
f 2863/2232/2706 2904/2273/2744 2872/2241/2714
f 2882/2251/2723 2876/2245/2717 2872/2241/2714
f 2882/2251/2723 2872/2241/2714 2904/2273/2744
f 2878/2247/2719 2882/2251/2723 2904/2273/2744
f 2878/2247/2719 2904/2273/2744 2905/2274/2745
f 2898/2267/2738 2879/2248/2720 2878/2247/2719
f 2898/2267/2738 2878/2247/2719 2905/2274/2745
f 2906/2275/2746 2907/2276/2747 2901/2270/2741
f 2906/2275/2746 2901/2270/2741 2900/2269/2740
f 2897/2266/2737 2896/2265/2736 2907/2276/2747
f 2897/2266/2737 2907/2276/2747 2906/2275/2746
f 2908/2277/2748 2904/2273/2744 2902/2271/2742
f 2908/2277/2748 2902/2271/2742 2901/2270/2741
f 2899/2268/2739 2898/2267/2738 2905/2274/2745
f 2899/2268/2739 2905/2274/2745 2909/2278/2749
f 2907/2276/2747 2896/2265/2736 2899/2268/2739
f 2907/2276/2747 2899/2268/2739 2909/2278/2749
f 2908/2277/2748 2901/2270/2741 2907/2276/2747
f 2908/2277/2748 2907/2276/2747 2909/2278/2749
f 2904/2273/2744 2908/2277/2748 2909/2278/2749
f 2904/2273/2744 2909/2278/2749 2905/2274/2745
f 2910/2279/2750 2911/2280/2751 2912/2281/729
f 2911/2280/2751 2913/2282/2752 2912/2281/729
f 2913/2282/2752 2914/2283/2753 2912/2281/729
f 2915/2284/2754 2916/2285/2755 2912/2281/729
f 2917/2286/2756 2910/2279/2750 2912/2281/729
f 2916/2285/2755 2918/2287/2757 2912/2281/729
f 2919/2288/2758 2920/2289/2759 2921/2290/2760
f 2919/2288/2758 2921/2290/2760 2922/2291/2761
f 2923/2292/2762 2924/2293/2763 2925/2294/2758
f 2923/2292/2762 2925/2294/2758 2926/2295/2761
f 2918/2287/2757 2927/2296/2764 2912/2281/729
f 2927/2296/2764 2917/2286/2756 2912/2281/729
f 2926/2295/2761 2928/2297/2765 2929/2298/2766
f 2926/2295/2761 2929/2298/2766 2923/2292/2762
f 2930/2299/2767 2924/2293/2763 2923/2292/2762
f 2931/2300/2768 2929/2298/2766 2932/2301/2769
f 2933/2302/2770 2932/2301/2769 2929/2298/2766
f 2933/2302/2770 2929/2298/2766 2928/2297/2765
f 2933/2302/2770 2934/2303/2771 2935/2304/2772
f 2933/2302/2770 2935/2304/2772 2932/2301/2769
f 2921/2290/2760 2933/2302/2770 2936/2305/2773
f 2921/2290/2760 2936/2305/2773 2922/2291/2761
f 2930/2299/2767 2931/2300/2768 2917/2286/2756
f 2930/2299/2767 2917/2286/2756 2927/2296/2764
f 2930/2299/2767 2923/2292/2762 2929/2298/2766
f 2930/2299/2767 2929/2298/2766 2931/2300/2768
f 2937/2306/2774 2938/2307/2775 2935/2304/2772
f 2937/2306/2774 2935/2304/2772 2934/2303/2771
f 2937/2306/2774 2939/2308/2776 2940/2309/2777
f 2937/2306/2774 2940/2309/2777 2938/2307/2775
f 2921/2290/2760 2937/2306/2774 2934/2303/2771
f 2921/2290/2760 2934/2303/2771 2933/2302/2770
f 2931/2300/2768 2941/2310/2778 2910/2279/2750
f 2931/2300/2768 2910/2279/2750 2917/2286/2756
f 2941/2310/2778 2935/2304/2772 2938/2307/2775
f 2931/2300/2768 2932/2301/2769 2935/2304/2772
f 2931/2300/2768 2935/2304/2772 2941/2310/2778
f 2942/2311/2779 2937/2306/2774 2921/2290/2760
f 2942/2311/2779 2921/2290/2760 2943/2312/2780
f 2944/2313/2781 2945/2314/2782 2940/2309/2777
f 2944/2313/2781 2940/2309/2777 2939/2308/2776
f 2944/2313/2781 2946/2315/2783 2947/2316/2784
f 2944/2313/2781 2947/2316/2784 2945/2314/2782
f 2910/2279/2750 2941/2310/2778 2948/2317/2785
f 2910/2279/2750 2948/2317/2785 2911/2280/2751
f 2948/2317/2785 2940/2309/2777 2945/2314/2782
f 2941/2310/2778 2938/2307/2775 2940/2309/2777
f 2941/2310/2778 2940/2309/2777 2948/2317/2785
f 2949/2318/2786 2943/2312/2780 2921/2290/2760
f 2949/2318/2786 2921/2290/2760 2950/2319/2787
f 2951/2320/2787 2952/2321/2788 2947/2316/2784
f 2951/2320/2787 2947/2316/2784 2946/2315/2783
f 2951/2320/2787 2953/2322/2789 2954/2323/2790
f 2951/2320/2787 2954/2323/2790 2952/2321/2788
f 2911/2280/2751 2948/2317/2785 2955/2324/2791
f 2911/2280/2751 2955/2324/2791 2913/2282/2752
f 2955/2324/2791 2947/2316/2784 2952/2321/2788
f 2948/2317/2785 2945/2314/2782 2947/2316/2784
f 2948/2317/2785 2947/2316/2784 2955/2324/2791
f 2921/2290/2760 2956/2325/2792 2957/2326/2793
f 2921/2290/2760 2957/2326/2793 2950/2319/2787
f 2958/2327/2794 2959/2328/2795 2954/2323/2790
f 2958/2327/2794 2954/2323/2790 2953/2322/2789
f 2960/2329/2792 2961/2330/2796 2962/2331/2797
f 2960/2329/2792 2962/2331/2797 2963/2332/2798
f 2955/2324/2791 2964/2333/2799 2914/2283/2753
f 2955/2324/2791 2914/2283/2753 2913/2282/2752
f 2964/2333/2799 2954/2323/2790 2959/2328/2795
f 2955/2324/2791 2952/2321/2788 2954/2323/2790
f 2955/2324/2791 2954/2323/2790 2964/2333/2799
f 2965/2334/2800 2966/2335/2801 2921/2290/2760
f 2965/2334/2800 2921/2290/2760 2920/2289/2759
f 2967/2336/2802 2968/2337/2803 2969/2338/2800
f 2967/2336/2802 2969/2338/2800 2970/2339/2804
f 2970/2339/2804 2925/2294/2758 2924/2293/2763
f 2970/2339/2804 2924/2293/2763 2967/2336/2802
f 2918/2287/2757 2971/2340/2805 2930/2299/2767
f 2918/2287/2757 2930/2299/2767 2927/2296/2764
f 2971/2340/2805 2967/2336/2802 2924/2293/2763
f 2971/2340/2805 2924/2293/2763 2930/2299/2767
f 2921/2290/2760 2966/2335/2801 2972/2341/2806
f 2921/2290/2760 2972/2341/2806 2956/2325/2792
f 2973/2342/2807 2974/2343/2808 2962/2331/2797
f 2973/2342/2807 2962/2331/2797 2961/2330/2796
f 2973/2342/2807 2969/2338/2800 2968/2337/2803
f 2973/2342/2807 2968/2337/2803 2974/2343/2808
f 2916/2285/2755 2975/2344/2809 2971/2340/2805
f 2916/2285/2755 2971/2340/2805 2918/2287/2757
f 2976/2345/2799 2975/2344/2809 2916/2285/2755
f 2976/2345/2799 2916/2285/2755 2915/2284/2754
f 2975/2344/2809 2962/2331/2797 2974/2343/2808
f 2971/2340/2805 2968/2337/2803 2967/2336/2802
f 2976/2345/2799 2963/2332/2798 2962/2331/2797
f 2976/2345/2799 2962/2331/2797 2975/2344/2809
f 2975/2344/2809 2974/2343/2808 2968/2337/2803
f 2975/2344/2809 2968/2337/2803 2971/2340/2805
f 2977/2346/2810 2978/2347/2811 2979/2348/2812
f 2977/2346/2810 2979/2348/2812 2980/2349/2813
f 2981/2350/2814 2982/2351/2815 2983/2352/2816
f 2981/2350/2814 2983/2352/2816 2984/2353/2817
f 2984/2353/2817 2983/2352/2816 2985/2354/2818
f 2984/2353/2817 2985/2354/2818 2986/2355/2819
f 2986/2355/2819 2985/2354/2818 2987/2356/2820
f 2986/2355/2819 2987/2356/2820 2988/2357/2821
f 2988/2357/2821 2987/2356/2820 2989/2358/2822
f 2988/2357/2821 2989/2358/2822 2990/2359/2823
f 2991/2360/2824 2990/2359/2823 2989/2358/2822
f 2991/2360/2824 2989/2358/2822 2992/2361/2825
f 2993/2362/2826 2991/2360/2824 2992/2361/2825
f 2993/2362/2826 2992/2361/2825 2994/2363/2827
f 2995/2364/2828 2996/2365/2829 2997/2366/2830
f 2995/2364/2828 2997/2366/2830 2998/2367/2831
f 2998/2367/2831 2997/2366/2830 2999/2368/2832
f 2998/2367/2831 2999/2368/2832 3000/2369/2833
f 3001/2370/2834 3002/2371/2835 3003/2372/2836
f 3001/2370/2834 3003/2372/2836 3004/2373/2837
f 3005/2374/2838 3001/2370/2834 3004/2373/2837
f 3005/2374/2838 3004/2373/2837 3006/2375/2839
f 3007/2376/2840 3008/2377/2841 3009/2378/2842
f 3007/2376/2840 3009/2378/2842 3010/2379/2843
f 3011/2380/2844 3012/2381/2845 3013/2382/2840
f 3011/2380/2844 3013/2382/2840 3014/2383/2846
f 3015/2384/2847 3011/2380/2844 3014/2383/2846
f 3015/2384/2847 3014/2383/2846 3016/2385/2848
f 3017/2386/2849 3018/2387/2850 3015/2384/2847
f 3017/2386/2849 3015/2384/2847 3016/2385/2848
f 3019/2388/2851 3020/2389/2852 3018/2387/2850
f 3019/2388/2851 3018/2387/2850 3017/2386/2849
f 3021/2390/2853 3022/2391/2854 3020/2389/2852
f 3021/2390/2853 3020/2389/2852 3019/2388/2851
f 3023/2392/2855 3024/2393/2856 3025/2394/2857
f 3023/2392/2855 3025/2394/2857 3026/2395/2858
f 3027/2396/2859 3028/2397/2860 3029/2398/2833
f 3027/2396/2859 3029/2398/2833 2999/2368/2832
f 3030/2399/2861 3027/2396/2859 2999/2368/2832
f 3030/2399/2861 2999/2368/2832 2997/2366/2830
f 3031/2400/2862 3030/2399/2861 2997/2366/2830
f 3031/2400/2862 2997/2366/2830 2996/2365/2829
f 3032/2401/2863 3033/2402/2864 2994/2363/2827
f 3032/2401/2863 2994/2363/2827 2992/2361/2825
f 3034/2403/2865 3032/2401/2863 2992/2361/2825
f 3034/2403/2865 2992/2361/2825 2989/2358/2822
f 3035/2404/2866 3034/2403/2865 2989/2358/2822
f 3035/2404/2866 2989/2358/2822 2987/2356/2820
f 3036/2405/2867 3035/2404/2866 2987/2356/2820
f 3036/2405/2867 2987/2356/2820 2985/2354/2818
f 3037/2406/2868 3036/2405/2867 2985/2354/2818
f 3037/2406/2868 2985/2354/2818 2983/2352/2816
f 3038/2407/2869 3037/2406/2868 2983/2352/2816
f 3038/2407/2869 2983/2352/2816 2982/2351/2815
f 3039/2408/2870 3040/2409/2871 2980/2349/2813
f 3039/2408/2870 2980/2349/2813 2979/2348/2812
f 3003/2372/2836 3041/2410/2835 3028/2397/2860
f 3003/2372/2836 3028/2397/2860 3027/2396/2859
f 3004/2373/2837 3003/2372/2836 3027/2396/2859
f 3004/2373/2837 3027/2396/2859 3030/2399/2861
f 3006/2375/2839 3004/2373/2837 3030/2399/2861
f 3006/2375/2839 3030/2399/2861 3031/2400/2862
f 3007/2376/2840 3010/2379/2843 3033/2402/2864
f 3007/2376/2840 3033/2402/2864 3032/2401/2863
f 3014/2383/2846 3013/2382/2840 3032/2401/2863
f 3014/2383/2846 3032/2401/2863 3034/2403/2865
f 3016/2385/2848 3014/2383/2846 3034/2403/2865
f 3016/2385/2848 3034/2403/2865 3035/2404/2866
f 3017/2386/2849 3016/2385/2848 3035/2404/2866
f 3017/2386/2849 3035/2404/2866 3036/2405/2867
f 3019/2388/2851 3017/2386/2849 3036/2405/2867
f 3019/2388/2851 3036/2405/2867 3037/2406/2868
f 3021/2390/2853 3019/2388/2851 3037/2406/2868
f 3021/2390/2853 3037/2406/2868 3038/2407/2869
f 3023/2392/2855 3026/2395/2858 3040/2409/2871
f 3023/2392/2855 3040/2409/2871 3039/2408/2870
f 3042/2411/2872 3043/2412/2873 3044/2413/2874
f 3042/2411/2872 3044/2413/2874 3045/2414/2875
f 3046/2415/2876 3047/2416/2877 3048/2417/2878
f 3046/2415/2876 3048/2417/2878 3049/2418/2879
f 3050/2419/2880 3046/2415/2876 3049/2418/2879
f 3050/2419/2880 3049/2418/2879 3051/2420/2881
f 3044/2413/2874 3052/2421/2882 3053/2422/2883
f 3044/2413/2874 3053/2422/2883 3045/2414/2875
f 3054/2423/2884 3055/2424/2885 3056/2425/2886
f 3054/2423/2884 3056/2425/2886 3057/2426/2887
f 3047/2416/2877 3058/2427/2888 3059/2428/2889
f 3047/2416/2877 3059/2428/2889 3048/2417/2878
f 3060/2429/2890 3061/2430/2891 3062/2431/2892
f 3060/2429/2890 3062/2431/2892 3063/2432/2893
f 3055/2424/2885 3060/2429/2890 3063/2432/2893
f 3055/2424/2885 3063/2432/2893 3056/2425/2886
f 3052/2421/2882 3054/2423/2884 3057/2426/2887
f 3052/2421/2882 3057/2426/2887 3053/2422/2883
f 3064/2433/2894 3065/2434/2895 3066/2435/2896
f 3064/2433/2894 3066/2435/2896 3067/2436/2897
f 3064/2433/2894 3068/2437/2898 3069/2438/2899
f 3064/2433/2894 3069/2438/2899 3065/2434/2895
f 3068/2437/2898 3070/2439/2900 3071/2440/2901
f 3068/2437/2898 3071/2440/2901 3069/2438/2899
f 3070/2439/2900 3072/2441/2902 3073/2442/2903
f 3070/2439/2900 3073/2442/2903 3071/2440/2901
f 3072/2441/2902 3074/2443/2904 3075/2444/2905
f 3072/2441/2902 3075/2444/2905 3073/2442/2903
f 3076/2445/2906 3077/2446/2907 3075/2444/2905
f 3076/2445/2906 3075/2444/2905 3074/2443/2904
f 3078/2447/2908 3079/2448/2909 3080/2449/2910
f 3078/2447/2908 3080/2449/2910 3081/2450/2911
f 3078/2447/2908 3082/2451/2912 3083/2452/2913
f 3078/2447/2908 3083/2452/2913 3079/2448/2909
f 3082/2451/2912 3084/2453/2914 3085/2454/2915
f 3082/2451/2912 3085/2454/2915 3083/2452/2913
f 3058/2427/2888 3086/2455/2916 3087/2456/2917
f 3058/2427/2888 3087/2456/2917 3059/2428/2889
f 3088/2457/2918 3048/2417/2878 3059/2428/2889
f 3088/2457/2918 3059/2428/2889 3089/2458/2919
f 3090/2459/2920 3049/2418/2879 3048/2417/2878
f 3090/2459/2920 3048/2417/2878 3088/2457/2918
f 3051/2420/2881 3049/2418/2879 3090/2459/2920
f 3051/2420/2881 3090/2459/2920 3091/2460/2921
f 3092/2461/2922 3063/2432/2893 3062/2431/2892
f 3092/2461/2922 3062/2431/2892 3093/2462/2923
f 3094/2463/2924 3056/2425/2886 3063/2432/2893
f 3094/2463/2924 3063/2432/2893 3092/2461/2922
f 3057/2426/2887 3056/2425/2886 3094/2463/2924
f 3057/2426/2887 3094/2463/2924 3095/2464/2925
f 3053/2422/2883 3057/2426/2887 3095/2464/2925
f 3053/2422/2883 3095/2464/2925 3096/2465/2926
f 3045/2414/2875 3053/2422/2883 3096/2465/2926
f 3045/2414/2875 3096/2465/2926 3097/2466/2927
f 3042/2411/2872 3045/2414/2875 3097/2466/2927
f 3042/2411/2872 3097/2466/2927 3098/2467/2928
f 3043/2412/2873 3066/2435/2896 3065/2434/2895
f 3043/2412/2873 3065/2434/2895 3044/2413/2874
f 3065/2434/2895 3069/2438/2899 3052/2421/2882
f 3065/2434/2895 3052/2421/2882 3044/2413/2874
f 3069/2438/2899 3071/2440/2901 3054/2423/2884
f 3069/2438/2899 3054/2423/2884 3052/2421/2882
f 3071/2440/2901 3073/2442/2903 3055/2424/2885
f 3071/2440/2901 3055/2424/2885 3054/2423/2884
f 3073/2442/2903 3075/2444/2905 3060/2429/2890
f 3073/2442/2903 3060/2429/2890 3055/2424/2885
f 3075/2444/2905 3077/2446/2907 3061/2430/2891
f 3075/2444/2905 3061/2430/2891 3060/2429/2890
f 3080/2449/2910 3079/2448/2909 3046/2415/2876
f 3080/2449/2910 3046/2415/2876 3050/2419/2880
f 3079/2448/2909 3083/2452/2913 3047/2416/2877
f 3079/2448/2909 3047/2416/2877 3046/2415/2876
f 3083/2452/2913 3085/2454/2915 3058/2427/2888
f 3083/2452/2913 3058/2427/2888 3047/2416/2877
f 3085/2454/2915 3099/2468/2914 3086/2455/2916
f 3085/2454/2915 3086/2455/2916 3058/2427/2888
f 3100/2469/2892 3051/2420/2881 3091/2460/2921
f 3100/2469/2892 3091/2460/2921 3101/2470/2923
f 3061/2430/2891 3050/2419/2880 3051/2420/2881
f 3061/2430/2891 3051/2420/2881 3100/2469/2892
f 3077/2446/2907 3080/2449/2910 3050/2419/2880
f 3077/2446/2907 3050/2419/2880 3061/2430/2891
f 3081/2450/2911 3080/2449/2910 3077/2446/2907
f 3081/2450/2911 3077/2446/2907 3076/2445/2906
f 3010/2379/2843 3009/2378/2842 3005/2374/2838
f 3010/2379/2843 3005/2374/2838 3006/2375/2839
f 3033/2402/2864 3010/2379/2843 3006/2375/2839
f 3033/2402/2864 3006/2375/2839 3031/2400/2862
f 2994/2363/2827 3033/2402/2864 3031/2400/2862
f 2994/2363/2827 3031/2400/2862 2996/2365/2829
f 2995/2364/2828 2993/2362/2826 2994/2363/2827
f 2995/2364/2828 2994/2363/2827 2996/2365/2829
f 3102/2471/2929 3103/2472/2930 3104/2473/2931
f 3102/2471/2929 3104/2473/2931 3105/2474/2932
f 3106/2475/2933 3107/2476/2934 3108/2477/2935
f 3106/2475/2933 3108/2477/2935 3109/2478/2936
f 3110/2479/2937 3111/2480/2938 3104/2473/2931
f 3110/2479/2937 3104/2473/2931 3103/2472/2930
f 3112/2481/2939 3111/2480/2938 3110/2479/2937
f 3112/2481/2939 3110/2479/2937 3113/2482/2940
f 3111/2480/2938 3112/2481/2939 3105/2474/2932
f 3111/2480/2938 3105/2474/2932 3104/2473/2931
f 3114/2483/2941 3112/2481/2939 3113/2482/2940
f 3114/2483/2941 3113/2482/2940 3115/2484/2942
f 3105/2474/2932 3112/2481/2939 3114/2483/2941
f 3105/2474/2932 3114/2483/2941 3116/2485/2943
f 3117/2486/2944 3102/2471/2929 3105/2474/2932
f 3117/2486/2944 3105/2474/2932 3116/2485/2943
f 3106/2475/2933 3114/2483/2941 3115/2484/2942
f 3106/2475/2933 3115/2484/2942 3107/2476/2934
f 3116/2485/2943 3114/2483/2941 3106/2475/2933
f 3116/2485/2943 3106/2475/2933 3109/2478/2936
f 3108/2477/2935 3117/2486/2944 3116/2485/2943
f 3108/2477/2935 3116/2485/2943 3109/2478/2936
f 3118/2487/2945 3119/2488/2946 3120/2489/2947
f 3118/2487/2945 3120/2489/2947 3121/2490/2948
f 3121/2490/2948 3122/2491/2949 3123/2492/2950
f 3122/2491/2949 3121/2490/2948 3120/2489/2947
f 3122/2491/2949 3120/2489/2947 3124/2493/2951
f 3125/2494/2952 3126/2495/2953 3118/2487/2945
f 3125/2494/2952 3118/2487/2945 3121/2490/2948
f 3127/2496/2954 3125/2494/2952 3121/2490/2948
f 3127/2496/2954 3121/2490/2948 3128/2497/2955
f 3128/2497/2955 3121/2490/2948 3123/2492/2950
f 3126/2495/2953 3125/2494/2952 3129/2498/2956
f 3126/2495/2953 3129/2498/2956 3130/2499/2957
f 3124/2493/2951 3120/2489/2947 3131/2500/2958
f 3124/2493/2951 3131/2500/2958 3132/2501/2959
f 3125/2494/2952 3127/2496/2954 3133/2502/2960
f 3125/2494/2952 3133/2502/2960 3129/2498/2956
f 3120/2489/2947 3119/2488/2946 3134/2503/2961
f 3120/2489/2947 3134/2503/2961 3131/2500/2958
f 3122/2491/2949 3124/2493/2951 3132/2501/2959
f 3122/2491/2949 3132/2501/2959 3135/2504/2962
f 3123/2492/2950 3122/2491/2949 3135/2504/2962
f 3123/2492/2950 3135/2504/2962 3136/2505/2963
f 3128/2497/2955 3123/2492/2950 3137/2506/2964
f 3128/2497/2955 3137/2506/2964 3138/2507/2965
f 3127/2496/2954 3128/2497/2955 3138/2507/2965
f 3127/2496/2954 3138/2507/2965 3133/2502/2960
f 3139/2508/2966 3140/2509/2967 3141/2510/2968
f 3139/2508/2966 3141/2510/2968 3142/2511/2969
f 3142/2511/2969 3141/2510/2968 3143/2512/2970
f 3142/2511/2969 3143/2512/2970 3144/2513/2971
f 3145/2514/2972 3146/2515/2973 3147/2516/2974
f 3145/2514/2972 3147/2516/2974 3148/2517/2975
f 3147/2516/2974 3149/2518/2976 3144/2513/2971
f 3147/2516/2974 3144/2513/2971 3143/2512/2970
f 3146/2515/2973 3150/2519/2977 3149/2518/2976
f 3146/2515/2973 3149/2518/2976 3147/2516/2974
f 3146/2515/2973 3151/2520/2978 3152/2521/2979
f 3146/2515/2973 3152/2521/2979 3150/2519/2977
f 3153/2522/2980 3151/2520/2978 3154/2523/2981
f 3153/2522/2980 3154/2523/2981 3155/2524/2982
f 3156/2525/2983 3152/2521/2979 3151/2520/2978
f 3156/2525/2983 3151/2520/2978 3153/2522/2980
f 3157/2526/2984 3158/2527/2985 3159/2528/2986
f 3157/2526/2984 3159/2528/2986 3160/2529/2987
f 3161/2530/2988 3162/2531/2989 3160/2529/2987
f 3161/2530/2988 3160/2529/2987 3159/2528/2986
f 3134/2503/2961 3119/2488/2946 3162/2531/2989
f 3134/2503/2961 3162/2531/2989 3161/2530/2988
f 3158/2527/2985 3157/2526/2984 3163/2532/2990
f 3158/2527/2985 3163/2532/2990 3164/2533/2991
f 3164/2533/2991 3163/2532/2990 3165/2534/2992
f 3164/2533/2991 3165/2534/2992 3166/2535/2993
f 3140/2509/2967 3139/2508/2966 3167/2536/2994
f 3140/2509/2967 3167/2536/2994 3168/2537/2995
f 3167/2536/2994 3139/2508/2966 3142/2511/2969
f 3167/2536/2994 3142/2511/2969 3169/2538/2996
f 3169/2538/2996 3142/2511/2969 3144/2513/2971
f 3169/2538/2996 3144/2513/2971 3170/2539/2997
f 3149/2518/2976 3171/2540/2998 3172/2541/2999
f 3149/2518/2976 3172/2541/2999 3144/2513/2971
f 3171/2540/2998 3149/2518/2976 3150/2519/2977
f 3171/2540/2998 3150/2519/2977 3173/2542/3000
f 3174/2543/3001 3152/2521/2979 3156/2525/2983
f 3174/2543/3001 3156/2525/2983 3175/2544/3002
f 3145/2514/2972 3154/2523/2981 3151/2520/2978
f 3145/2514/2972 3151/2520/2978 3146/2515/2973
f 3176/2545/3003 3148/2517/2975 3147/2516/2974
f 3176/2545/3003 3147/2516/2974 3143/2512/2970
f 3176/2545/3003 3143/2512/2970 3141/2510/2968
f 3176/2545/3003 3141/2510/2968 3177/2546/3004
f 3177/2546/3004 3141/2510/2968 3140/2509/2967
f 3177/2546/3004 3140/2509/2967 3178/2547/3005
f 3179/2548/3006 3178/2547/3005 3140/2509/2967
f 3179/2548/3006 3140/2509/2967 3180/2549/3007
f 3118/2487/2945 3155/2524/2982 3154/2523/2981
f 3118/2487/2945 3154/2523/2981 3119/2488/2946
f 3119/2488/2946 3154/2523/2981 3145/2514/2972
f 3119/2488/2946 3145/2514/2972 3162/2531/2989
f 3162/2531/2989 3145/2514/2972 3148/2517/2975
f 3162/2531/2989 3148/2517/2975 3160/2529/2987
f 3176/2545/3003 3157/2526/2984 3160/2529/2987
f 3176/2545/3003 3160/2529/2987 3148/2517/2975
f 3157/2526/2984 3176/2545/3003 3177/2546/3004
f 3157/2526/2984 3177/2546/3004 3163/2532/2990
f 3163/2532/2990 3177/2546/3004 3178/2547/3005
f 3163/2532/2990 3178/2547/3005 3165/2534/2992
f 3166/2535/2993 3165/2534/2992 3178/2547/3005
f 3166/2535/2993 3178/2547/3005 3179/2548/3006
f 3173/2542/3000 3150/2519/2977 3152/2521/2979
f 3173/2542/3000 3152/2521/2979 3174/2543/3001
f 3181/2550/3008 3182/2551/3009 3183/2552/3010
f 3181/2550/3008 3183/2552/3010 3184/2553/3011
f 3182/2551/3009 3185/2554/3012 3186/2555/3013
f 3182/2551/3009 3186/2555/3013 3183/2552/3010
f 3187/2556/3014 3188/2557/3015 3189/2558/3016
f 3187/2556/3014 3189/2558/3016 3190/2559/3017
f 3189/2558/3016 3186/2555/3013 3185/2554/3012
f 3189/2558/3016 3185/2554/3012 3191/2560/3018
f 3190/2559/3017 3189/2558/3016 3191/2560/3018
f 3190/2559/3017 3191/2560/3018 3192/2561/3019
f 3190/2559/3017 3192/2561/3019 3193/2562/3020
f 3190/2559/3017 3193/2562/3020 3194/2563/3021
f 3153/2522/2980 3155/2524/2982 3195/2564/3022
f 3153/2522/2980 3195/2564/3022 3194/2563/3021
f 3156/2525/2983 3153/2522/2980 3194/2563/3021
f 3156/2525/2983 3194/2563/3021 3193/2562/3020
f 3196/2565/3023 3197/2566/3024 3198/2567/3025
f 3196/2565/3023 3198/2567/3025 3199/2568/3026
f 3200/2569/3027 3198/2567/3025 3197/2566/3024
f 3200/2569/3027 3197/2566/3024 3201/2570/3028
f 3130/2499/2957 3200/2569/3027 3201/2570/3028
f 3130/2499/2957 3201/2570/3028 3126/2495/2953
f 3199/2568/3026 3202/2571/3029 3203/2572/3030
f 3199/2568/3026 3203/2572/3030 3196/2565/3023
f 3202/2571/3029 3204/2573/3031 3205/2574/3032
f 3202/2571/3029 3205/2574/3032 3203/2572/3030
f 3184/2553/3011 3206/2575/3033 3207/2576/3034
f 3184/2553/3011 3207/2576/3034 3181/2550/3008
f 3207/2576/3034 3208/2577/3035 3182/2551/3009
f 3207/2576/3034 3182/2551/3009 3181/2550/3008
f 3208/2577/3035 3209/2578/3036 3185/2554/3012
f 3208/2577/3035 3185/2554/3012 3182/2551/3009
f 3191/2560/3018 3185/2554/3012 3210/2579/3037
f 3191/2560/3018 3210/2579/3037 3211/2580/3038
f 3211/2580/3038 3212/2581/3039 3192/2561/3019
f 3211/2580/3038 3192/2561/3019 3191/2560/3018
f 3213/2582/3040 3175/2544/3002 3156/2525/2983
f 3213/2582/3040 3156/2525/2983 3193/2562/3020
f 3187/2556/3014 3190/2559/3017 3194/2563/3021
f 3187/2556/3014 3194/2563/3021 3195/2564/3022
f 3214/2583/3041 3186/2555/3013 3189/2558/3016
f 3214/2583/3041 3189/2558/3016 3188/2557/3015
f 3214/2583/3041 3215/2584/3042 3183/2552/3010
f 3214/2583/3041 3183/2552/3010 3186/2555/3013
f 3215/2584/3042 3216/2585/3043 3184/2553/3011
f 3215/2584/3042 3184/2553/3011 3183/2552/3010
f 3217/2586/3044 3218/2587/3045 3184/2553/3011
f 3217/2586/3044 3184/2553/3011 3216/2585/3043
f 3118/2487/2945 3126/2495/2953 3195/2564/3022
f 3118/2487/2945 3195/2564/3022 3155/2524/2982
f 3126/2495/2953 3201/2570/3028 3187/2556/3014
f 3126/2495/2953 3187/2556/3014 3195/2564/3022
f 3201/2570/3028 3197/2566/3024 3188/2557/3015
f 3201/2570/3028 3188/2557/3015 3187/2556/3014
f 3214/2583/3041 3188/2557/3015 3197/2566/3024
f 3214/2583/3041 3197/2566/3024 3196/2565/3023
f 3196/2565/3023 3203/2572/3030 3215/2584/3042
f 3196/2565/3023 3215/2584/3042 3214/2583/3041
f 3203/2572/3030 3205/2574/3032 3216/2585/3043
f 3203/2572/3030 3216/2585/3043 3215/2584/3042
f 3204/2573/3031 3217/2586/3044 3216/2585/3043
f 3204/2573/3031 3216/2585/3043 3205/2574/3032
f 3212/2581/3039 3213/2582/3040 3193/2562/3020
f 3212/2581/3039 3193/2562/3020 3192/2561/3019
f 3219/2588/3046 3220/2589/3047 3221/2590/3048
f 3219/2588/3046 3221/2590/3048 3222/2591/3049
f 3223/2592/3050 3224/2593/3051 3225/2594/3052
f 3223/2592/3050 3225/2594/3052 3226/2595/3053
f 3227/2596/3054 3220/2589/3047 3219/2588/3046
f 3227/2596/3054 3219/2588/3046 3228/2597/3055
f 3229/2598/3056 3219/2588/3046 3222/2591/3049
f 3229/2598/3056 3222/2591/3049 3230/2599/3057
f 3228/2597/3055 3219/2588/3046 3229/2598/3056
f 3228/2597/3055 3229/2598/3056 3223/2592/3050
f 3231/2600/3058 3232/2601/3059 3233/2602/3060
f 3231/2600/3058 3233/2602/3060 3234/2603/3061
f 3231/2600/3058 3234/2603/3061 3228/2597/3055
f 3231/2600/3058 3228/2597/3055 3226/2595/3053
f 3228/2597/3055 3223/2592/3050 3226/2595/3053
f 3226/2595/3053 3225/2594/3052 3232/2601/3059
f 3226/2595/3053 3232/2601/3059 3231/2600/3058
f 3224/2593/3051 3223/2592/3050 3229/2598/3056
f 3224/2593/3051 3229/2598/3056 3230/2599/3057
f 3235/2604/3062 3236/2605/3063 3237/2606/3064
f 3238/2607/3065 3239/2608/3066 3221/2590/3048
f 3238/2607/3065 3221/2590/3048 3220/2589/3047
f 3240/2609/3067 3241/2610/3068 3235/2604/3062
f 3240/2609/3067 3235/2604/3062 3237/2606/3064
f 3238/2607/3065 3220/2589/3047 3242/2611/3069
f 3238/2607/3065 3242/2611/3069 3236/2605/3063
f 3234/2603/3061 3233/2602/3060 3243/2612/3070
f 3234/2603/3061 3243/2612/3070 3244/2613/3071
f 3234/2603/3061 3244/2613/3071 3227/2596/3054
f 3234/2603/3061 3227/2596/3054 3228/2597/3055
f 3243/2612/3070 3245/2614/3068 3240/2609/3067
f 3243/2612/3070 3240/2609/3067 3244/2613/3071
f 3242/2611/3069 3244/2613/3071 3240/2609/3067
f 3242/2611/3069 3240/2609/3067 3237/2606/3064
f 3242/2611/3069 3220/2589/3047 3227/2596/3054
f 3242/2611/3069 3227/2596/3054 3244/2613/3071
f 3242/2611/3069 3237/2606/3064 3236/2605/3063
f 3236/2605/3063 3235/2604/3062 3246/2615/3066
f 3236/2605/3063 3246/2615/3066 3238/2607/3065
f 3247/2616/3072 3248/2617/3073 3249/2618/3074
f 3247/2616/3072 3249/2618/3074 3250/2619/3075
f 3251/2620/3060 3252/2621/3076 3253/2622/3077
f 3251/2620/3060 3253/2622/3077 3254/2623/3078
f 3253/2622/3077 3252/2621/3076 3255/2624/3079
f 3253/2622/3077 3255/2624/3079 3250/2619/3075
f 3256/2625/3049 3257/2626/3080 3258/2627/3081
f 3256/2625/3049 3258/2627/3081 3259/2628/3082
f 3255/2624/3079 3259/2628/3082 3258/2627/3081
f 3255/2624/3079 3258/2627/3081 3247/2616/3072
f 3255/2624/3079 3247/2616/3072 3250/2619/3075
f 3250/2619/3075 3249/2618/3074 3254/2623/3078
f 3250/2619/3075 3254/2623/3078 3253/2622/3077
f 3248/2617/3073 3247/2616/3072 3258/2627/3081
f 3248/2617/3073 3258/2627/3081 3257/2626/3080
f 3260/2629/3070 3261/2630/3083 3252/2621/3076
f 3260/2629/3070 3252/2621/3076 3251/2620/3060
f 3262/2631/3084 3263/2632/3085 3264/2633/3086
f 3262/2631/3084 3264/2633/3086 3265/2634/3087
f 3260/2629/3070 3266/2635/3087 3264/2633/3086
f 3260/2629/3070 3264/2633/3086 3261/2630/3083
f 3262/2631/3084 3267/2636/3088 3268/2637/3089
f 3262/2631/3084 3268/2637/3089 3269/2638/3090
f 3270/2639/3091 3261/2630/3083 3264/2633/3086
f 3270/2639/3091 3264/2633/3086 3263/2632/3085
f 3271/2640/3048 3256/2625/3049 3259/2628/3082
f 3271/2640/3048 3259/2628/3082 3272/2641/3092
f 3252/2621/3076 3261/2630/3083 3273/2642/3093
f 3252/2621/3076 3273/2642/3093 3255/2624/3079
f 3273/2642/3093 3272/2641/3092 3259/2628/3082
f 3273/2642/3093 3259/2628/3082 3255/2624/3079
f 3271/2640/3048 3272/2641/3092 3268/2637/3089
f 3271/2640/3048 3268/2637/3089 3274/2643/3088
f 3268/2637/3089 3272/2641/3092 3270/2639/3091
f 3268/2637/3089 3270/2639/3091 3269/2638/3090
f 3273/2642/3093 3261/2630/3083 3270/2639/3091
f 3273/2642/3093 3270/2639/3091 3272/2641/3092
f 3262/2631/3084 3269/2638/3090 3263/2632/3085
f 3270/2639/3091 3263/2632/3085 3269/2638/3090
f 3275/2644/3094 3276/2645/3095 3277/2646/3096
f 3275/2644/3094 3277/2646/3096 3278/2647/3097
f 3279/2648/3098 3280/2649/3099 3281/2650/3100
f 3279/2648/3098 3281/2650/3100 3282/2651/3101
f 3276/2645/3095 3275/2644/3094 3280/2649/3099
f 3276/2645/3095 3280/2649/3099 3279/2648/3098
f 3277/2646/3096 3283/2652/3102 3284/2653/3103
f 3277/2646/3096 3284/2653/3103 3278/2647/3097
f 3285/2654/3104 3283/2652/3102 3277/2646/3096
f 3285/2654/3104 3277/2646/3096 3276/2645/3095
f 3282/2651/3101 3281/2650/3100 3286/2655/3105
f 3282/2651/3101 3286/2655/3105 3287/2656/3106
f 3282/2651/3101 3287/2656/3106 3285/2654/3104
f 3282/2651/3101 3285/2654/3104 3279/2648/3098
f 3285/2654/3104 3276/2645/3095 3279/2648/3098
f 3288/2657/3107 3289/2658/3108 3290/2659/3109
f 3288/2657/3107 3290/2659/3109 3291/2660/3110
f 3292/2661/3111 3293/2662/3112 3294/2663/3113
f 3292/2661/3111 3294/2663/3113 3295/2664/3114
f 3288/2657/3107 3296/2665/3110 3294/2663/3113
f 3288/2657/3107 3294/2663/3113 3297/2666/3115
f 3287/2656/3106 3286/2655/3105 3290/2659/3109
f 3287/2656/3106 3290/2659/3109 3289/2658/3108
f 3298/2667/3116 3299/2668/3117 3289/2658/3108
f 3292/2661/3111 3300/2669/3114 3301/2670/3118
f 3292/2661/3111 3301/2670/3118 3302/2671/3119
f 3283/2652/3102 3302/2671/3119 3301/2670/3118
f 3283/2652/3102 3301/2670/3118 3284/2653/3103
f 3299/2668/3117 3302/2671/3119 3283/2652/3102
f 3299/2668/3117 3283/2652/3102 3285/2654/3104
f 3287/2656/3106 3289/2658/3108 3299/2668/3117
f 3287/2656/3106 3299/2668/3117 3285/2654/3104
f 3298/2667/3116 3289/2658/3108 3288/2657/3107
f 3298/2667/3116 3288/2657/3107 3297/2666/3115
f 3292/2661/3111 3302/2671/3119 3298/2667/3116
f 3292/2661/3111 3298/2667/3116 3293/2662/3112
f 3294/2663/3113 3293/2662/3112 3297/2666/3115
f 3298/2667/3116 3297/2666/3115 3293/2662/3112
f 3299/2668/3117 3298/2667/3116 3302/2671/3119
f 3303/2672/3120 3304/2673/3121 3305/2674/3122
f 3303/2672/3120 3305/2674/3122 3306/2675/3123
f 3306/2675/3123 3305/2674/3122 3307/2676/3124
f 3306/2675/3123 3307/2676/3124 3308/2677/3125
f 3304/2673/3121 3303/2672/3120 3309/2678/3126
f 3304/2673/3121 3309/2678/3126 3310/2679/3127
f 3311/2680/3128 3312/2681/3129 3308/2677/3125
f 3311/2680/3128 3308/2677/3125 3307/2676/3124
f 3308/2677/3125 3312/2681/3129 3313/2682/3130
f 3308/2677/3125 3313/2682/3130 3306/2675/3123
f 3314/2683/3131 3310/2679/3127 3309/2678/3126
f 3314/2683/3131 3309/2678/3126 3315/2684/3132
f 3313/2682/3130 3315/2684/3132 3309/2678/3126
f 3313/2682/3130 3309/2678/3126 3303/2672/3120
f 3316/2685/3133 3317/2686/3134 3315/2684/3132
f 3316/2685/3133 3315/2684/3132 3313/2682/3130
f 3318/2687/3118 3314/2683/3131 3315/2684/3132
f 3318/2687/3118 3315/2684/3132 3317/2686/3134
f 3313/2682/3130 3303/2672/3120 3306/2675/3123
f 3317/2686/3134 3316/2685/3133 3319/2688/3135
f 3320/2689/3136 3321/2690/3137 3322/2691/3138
f 3320/2689/3136 3322/2691/3138 3323/2692/3139
f 3322/2691/3138 3324/2693/3140 3325/2694/3109
f 3322/2691/3138 3325/2694/3109 3326/2695/3139
f 3327/2696/3141 3320/2689/3136 3328/2697/3142
f 3327/2696/3141 3328/2697/3142 3329/2698/3143
f 3312/2681/3129 3311/2680/3128 3325/2694/3109
f 3312/2681/3129 3325/2694/3109 3324/2693/3140
f 3329/2698/3143 3330/2699/3142 3318/2687/3118
f 3329/2698/3143 3318/2687/3118 3317/2686/3134
f 3319/2688/3135 3324/2693/3140 3322/2691/3138
f 3319/2688/3135 3322/2691/3138 3321/2690/3137
f 3329/2698/3143 3317/2686/3134 3319/2688/3135
f 3329/2698/3143 3319/2688/3135 3327/2696/3141
f 3312/2681/3129 3324/2693/3140 3316/2685/3133
f 3312/2681/3129 3316/2685/3133 3313/2682/3130
f 3316/2685/3133 3324/2693/3140 3319/2688/3135
f 3320/2689/3136 3327/2696/3141 3321/2690/3137
f 3319/2688/3135 3321/2690/3137 3327/2696/3141
f 3331/2700/3144 3332/2701/3145 3333/2702/3146
f 3331/2700/3144 3333/2702/3146 3334/2703/3147
f 3335/2704/3148 3336/2705/3149 3337/2706/3150
f 3335/2704/3148 3337/2706/3150 3338/2707/3151
f 3339/2708/3152 3340/2709/3153 3341/2710/3154
f 3339/2708/3152 3341/2710/3154 3342/2711/3155
f 3343/2712/3156 3344/2713/3157 3332/2701/3145
f 3343/2712/3156 3332/2701/3145 3331/2700/3144
f 3332/2701/3145 3345/2714/3158 3346/2715/3159
f 3332/2701/3145 3346/2715/3159 3333/2702/3146
f 3347/2716/3160 3348/2717/3161 3331/2700/3144
f 3347/2716/3160 3331/2700/3144 3334/2703/3147
f 3349/2718/3162 3350/2719/3163 3338/2707/3151
f 3349/2718/3162 3338/2707/3151 3337/2706/3150
f 3351/2720/3164 3352/2721/3165 3349/2718/3162
f 3351/2720/3164 3349/2718/3162 3337/2706/3150
f 3353/2722/3166 3354/2723/3167 3355/2724/3168
f 3353/2722/3166 3355/2724/3168 3356/2725/3169
f 3357/2726/3170 3358/2727/3148 3338/2707/3151
f 3357/2726/3170 3338/2707/3151 3350/2719/3163
f 3334/2703/3147 3333/2702/3146 3350/2719/3163
f 3334/2703/3147 3350/2719/3163 3349/2718/3162
f 3352/2721/3165 3347/2716/3160 3334/2703/3147
f 3352/2721/3165 3334/2703/3147 3349/2718/3162
f 3354/2723/3167 3353/2722/3166 3342/2711/3155
f 3354/2723/3167 3342/2711/3155 3341/2710/3154
f 3346/2715/3159 3357/2726/3170 3350/2719/3163
f 3346/2715/3159 3350/2719/3163 3333/2702/3146
f 3344/2713/3157 3343/2712/3156 3359/2728/3153
f 3344/2713/3157 3359/2728/3153 3360/2729/3171
f 3348/2717/3161 3347/2716/3160 3341/2710/3154
f 3348/2717/3161 3341/2710/3154 3340/2709/3153
f 3346/2715/3159 3345/2714/3158 3361/2730/3152
f 3346/2715/3159 3361/2730/3152 3362/2731/3172
f 3352/2721/3165 3351/2720/3164 3355/2724/3168
f 3352/2721/3165 3355/2724/3168 3354/2723/3167
f 3336/2705/3149 3335/2704/3148 3363/2732/3169
f 3336/2705/3149 3363/2732/3169 3364/2733/3168
f 3358/2727/3148 3357/2726/3170 3365/2734/3173
f 3358/2727/3148 3365/2734/3173 3366/2735/3174
f 3357/2726/3170 3346/2715/3159 3362/2731/3172
f 3357/2726/3170 3362/2731/3172 3365/2734/3173
f 3347/2716/3160 3352/2721/3165 3354/2723/3167
f 3347/2716/3160 3354/2723/3167 3341/2710/3154
f 3367/2736/3175 3368/2737/3176 3369/2738/3177
f 3367/2736/3175 3369/2738/3177 3370/2739/3178
f 3371/2740/3179 3372/2741/3180 3373/2742/3181
f 3371/2740/3179 3373/2742/3181 3374/2743/3182
f 3375/2744/3183 3376/2745/3184 3377/2746/3185
f 3375/2744/3183 3377/2746/3185 3378/2747/3186
f 3367/2736/3175 3379/2748/3187 3380/2749/3185
f 3367/2736/3175 3380/2749/3185 3368/2737/3176
f 3368/2737/3176 3377/2746/3185 3376/2745/3184
f 3368/2737/3176 3376/2745/3184 3369/2738/3177
f 3381/2750/3188 3382/2751/3189 3383/2752/3190
f 3381/2750/3188 3383/2752/3190 3384/2753/3191
f 3385/2754/3192 3386/2755/3193 3387/2756/3194
f 3385/2754/3192 3387/2756/3194 3388/2757/3195
f 3389/2758/3196 3390/2759/3197 3391/2760/3198
f 3389/2758/3196 3391/2760/3198 3392/2761/3199
f 3393/2762/3200 3394/2763/3201 3395/2764/3202
f 3393/2762/3200 3395/2764/3202 3396/2765/3203
f 3386/2755/3193 3395/2764/3202 3394/2763/3201
f 3386/2755/3193 3394/2763/3201 3387/2756/3194
f 3370/2739/3178 3369/2738/3177 3397/2766/3204
f 3370/2739/3178 3397/2766/3204 3398/2767/3205
f 3399/2768/3206 3400/2769/3189 3381/2750/3188
f 3399/2768/3206 3381/2750/3188 3401/2770/3207
f 3402/2771/3208 3376/2745/3184 3375/2744/3183
f 3402/2771/3208 3375/2744/3183 3403/2772/3209
f 3397/2766/3204 3369/2738/3177 3376/2745/3184
f 3397/2766/3204 3376/2745/3184 3402/2771/3208
f 3404/2773/3210 3405/2774/3211 3371/2740/3179
f 3404/2773/3210 3371/2740/3179 3374/2743/3182
f 3406/2775/3212 3407/2776/3213 3408/2777/3214
f 3406/2775/3212 3408/2777/3214 3409/2778/3215
f 3410/2779/3216 3411/2780/3217 3412/2781/3218
f 3410/2779/3216 3412/2781/3218 3413/2782/3219
f 3412/2781/3218 3411/2780/3217 3371/2740/3179
f 3412/2781/3218 3371/2740/3179 3405/2774/3211
f 3401/2770/3207 3381/2750/3188 3370/2739/3178
f 3401/2770/3207 3370/2739/3178 3398/2767/3205
f 3384/2753/3191 3367/2736/3175 3370/2739/3178
f 3384/2753/3191 3370/2739/3178 3381/2750/3188
f 3384/2753/3191 3383/2752/3190 3379/2748/3187
f 3384/2753/3191 3379/2748/3187 3367/2736/3175
f 3414/2783/3220 3375/2744/3183 3378/2747/3186
f 3414/2783/3220 3378/2747/3186 3415/2784/3221
f 3375/2744/3183 3414/2783/3220 3416/2785/3222
f 3375/2744/3183 3416/2785/3222 3403/2772/3209
f 3417/2786/3223 3393/2762/3200 3396/2765/3203
f 3417/2786/3223 3396/2765/3203 3418/2787/3198
f 3419/2788/3224 3410/2779/3216 3413/2782/3219
f 3419/2788/3224 3413/2782/3219 3420/2789/3225
f 3373/2742/3181 3421/2790/3224 3406/2775/3212
f 3373/2742/3181 3406/2775/3212 3374/2743/3182
f 3409/2778/3215 3404/2773/3210 3374/2743/3182
f 3409/2778/3215 3374/2743/3182 3406/2775/3212
f 3392/2761/3199 3385/2754/3192 3388/2757/3195
f 3392/2761/3199 3388/2757/3195 3389/2758/3196
f 3404/2773/3210 3388/2757/3195 3387/2756/3194
f 3404/2773/3210 3387/2756/3194 3405/2774/3211
f 3409/2778/3215 3389/2758/3196 3388/2757/3195
f 3409/2778/3215 3388/2757/3195 3404/2773/3210
f 3409/2778/3215 3408/2777/3214 3390/2759/3197
f 3409/2778/3215 3390/2759/3197 3389/2758/3196
f 3413/2782/3219 3393/2762/3200 3417/2786/3223
f 3413/2782/3219 3417/2786/3223 3420/2789/3225
f 3412/2781/3218 3394/2763/3201 3393/2762/3200
f 3412/2781/3218 3393/2762/3200 3413/2782/3219
f 3394/2763/3201 3412/2781/3218 3405/2774/3211
f 3394/2763/3201 3405/2774/3211 3387/2756/3194
f 3398/2767/3205 3397/2766/3204 3386/2755/3193
f 3398/2767/3205 3386/2755/3193 3385/2754/3192
f 3397/2766/3204 3402/2771/3208 3395/2764/3202
f 3397/2766/3204 3395/2764/3202 3386/2755/3193
f 3396/2765/3203 3395/2764/3202 3402/2771/3208
f 3396/2765/3203 3402/2771/3208 3403/2772/3209
f 3418/2787/3198 3396/2765/3203 3403/2772/3209
f 3418/2787/3198 3403/2772/3209 3416/2785/3222
f 3391/2760/3198 3399/2768/3206 3401/2770/3207
f 3391/2760/3198 3401/2770/3207 3392/2761/3199
f 3401/2770/3207 3398/2767/3205 3385/2754/3192
f 3401/2770/3207 3385/2754/3192 3392/2761/3199
f 3422/2791/3226 3423/2792/3227 3424/2793/3228
f 3422/2791/3226 3424/2793/3228 3425/2794/3229
f 3425/2794/3229 3424/2793/3228 3426/2795/3230
f 3425/2794/3229 3426/2795/3230 3427/2796/3231
f 3427/2796/3231 3426/2795/3230 3428/2797/3232
f 3427/2796/3231 3428/2797/3232 3429/2798/3233
f 3429/2798/3233 3428/2797/3232 3430/2799/3234
f 3429/2798/3233 3430/2799/3234 3431/2800/3235
f 3431/2800/3235 3430/2799/3234 3432/2801/3236
f 3431/2800/3235 3432/2801/3236 3433/2802/3237
f 3433/2802/3237 3432/2801/3236 3434/2803/3238
f 3433/2802/3237 3434/2803/3238 3435/2804/3239
f 3435/2804/3239 3434/2803/3238 3436/2805/3240
f 3435/2804/3239 3436/2805/3240 3437/2806/3241
f 3437/2806/3241 3436/2805/3240 3423/2792/3227
f 3437/2806/3241 3423/2792/3227 3422/2791/3226
f 3438/2807/3242 3439/2808/3243 3440/2809/3244
f 3440/2809/3244 3439/2808/3243 3441/2810/3245
f 3441/2810/3245 3439/2808/3243 3442/2811/3246
f 3442/2811/3246 3439/2808/3243 3443/2812/3247
f 3443/2812/3247 3439/2808/3243 3444/2813/3248
f 3444/2813/3248 3439/2808/3243 3445/2814/3249
f 3445/2814/3249 3439/2808/3243 3446/2815/3250
f 3446/2815/3250 3439/2808/3243 3438/2807/3242
f 3447/2816/3251 3448/2817/3252 3449/2818/3253
f 3447/2816/3251 3449/2818/3253 3450/2819/3254
f 3451/2820/3255 3447/2816/3251 3450/2819/3254
f 3451/2820/3255 3450/2819/3254 3452/2821/3256
f 3453/2822/3257 3454/2823/3258 3455/2824/3259
f 3453/2822/3257 3455/2824/3259 3456/2825/3260
f 3456/2825/3260 3455/2824/3259 3457/2826/3261
f 3456/2825/3260 3457/2826/3261 3458/2827/3262
f 3458/2827/3262 3457/2826/3261 3459/2828/3263
f 3458/2827/3262 3459/2828/3263 3460/2829/3264
f 3460/2829/3264 3459/2828/3263 3461/2830/3265
f 3460/2829/3264 3461/2830/3265 3462/2831/3266
f 3462/2831/3266 3461/2830/3265 3463/2832/3267
f 3462/2831/3266 3463/2832/3267 3464/2833/3268
f 3464/2833/3268 3463/2832/3267 3465/2834/3269
f 3464/2833/3268 3465/2834/3269 3466/2835/3270
f 3467/2836/3271 3468/2837/3272 3469/2838/3273
f 3467/2836/3271 3469/2838/3273 3470/2839/3274
f 3471/2840/3275 3467/2836/3271 3470/2839/3274
f 3471/2840/3275 3470/2839/3274 3472/2841/3276
f 3473/2842/3277 3474/2843/3275 3475/2844/3278
f 3473/2842/3277 3475/2844/3278 3476/2845/3279
f 3477/2846/3280 3473/2842/3277 3476/2845/3279
f 3477/2846/3280 3476/2845/3279 3478/2847/3281
f 3479/2848/3282 3480/2849/3280 3481/2850/3283
f 3479/2848/3282 3481/2850/3283 3482/2851/3284
f 3483/2852/3285 3479/2848/3282 3482/2851/3284
f 3483/2852/3285 3482/2851/3284 3484/2853/3286
f 3485/2854/3287 3486/2855/3288 3487/2856/3289
f 3485/2854/3287 3487/2856/3289 3488/2857/3290
f 3489/2858/3272 3485/2854/3287 3488/2857/3290
f 3489/2858/3272 3488/2857/3290 3490/2859/3291
f 3491/2860/3292 3492/2861/3293 3466/2835/3270
f 3491/2860/3292 3466/2835/3270 3493/2862/3294
f 3493/2862/3294 3466/2835/3270 3465/2834/3269
f 3493/2862/3294 3465/2834/3269 3494/2863/3295
f 3495/2864/3296 3468/2837/3272 3467/2836/3271
f 3495/2864/3296 3467/2836/3271 3496/2865/3297
f 3497/2866/3298 3453/2822/3257 3492/2861/3293
f 3497/2866/3298 3492/2861/3293 3491/2860/3292
f 3496/2865/3297 3467/2836/3271 3471/2840/3275
f 3496/2865/3297 3471/2840/3275 3498/2867/3299
f 3453/2822/3257 3497/2866/3298 3499/2868/3300
f 3453/2822/3257 3499/2868/3300 3454/2823/3258
f 3497/2866/3298 3491/2860/3292 3500/2869/3301
f 3497/2866/3298 3500/2869/3301 3501/2870/3302
f 3497/2866/3298 3501/2870/3302 3502/2871/3303
f 3497/2866/3298 3502/2871/3303 3499/2868/3300
f 3496/2865/3297 3498/2867/3299 3503/2872/3304
f 3496/2865/3297 3503/2872/3304 3504/2873/3305
f 3495/2864/3296 3496/2865/3297 3504/2873/3305
f 3495/2864/3296 3504/2873/3305 3505/2874/3306
f 3506/2875/3307 3493/2862/3294 3494/2863/3295
f 3506/2875/3307 3494/2863/3295 3507/2876/3308
f 3500/2869/3301 3491/2860/3292 3493/2862/3294
f 3500/2869/3301 3493/2862/3294 3506/2875/3307
f 3447/2816/3251 3508/2877/3309 3509/2878/3310
f 3447/2816/3251 3509/2878/3310 3448/2817/3252
f 3451/2820/3255 3510/2879/3311 3508/2877/3309
f 3451/2820/3255 3508/2877/3309 3447/2816/3251
f 3510/2879/3311 3451/2820/3255 3452/2821/3256
f 3510/2879/3311 3452/2821/3256 3511/2880/3312
f 3512/2881/3313 3513/2882/3314 3514/2883/3315
f 3512/2881/3313 3514/2883/3315 3515/2884/3316
f 3516/2885/3317 3517/2886/3318 3513/2882/3314
f 3516/2885/3317 3513/2882/3314 3512/2881/3313
f 3449/2818/3253 3448/2817/3252 3509/2878/3310
f 3449/2818/3253 3509/2878/3310 3518/2887/3319
f 3509/2878/3310 3508/2877/3309 3519/2888/3320
f 3509/2878/3310 3519/2888/3320 3520/2889/3321
f 3508/2877/3309 3510/2879/3311 3521/2890/3322
f 3508/2877/3309 3521/2890/3322 3519/2888/3320
f 3511/2880/3312 3522/2891/3323 3521/2890/3322
f 3511/2880/3312 3521/2890/3322 3510/2879/3311
f 3514/2883/3315 3513/2882/3314 3523/2892/3324
f 3514/2883/3315 3523/2892/3324 3524/2893/3325
f 3513/2882/3314 3517/2886/3318 3525/2894/3326
f 3513/2882/3314 3525/2894/3326 3523/2892/3324
f 3509/2878/3310 3520/2889/3321 3526/2895/3327
f 3509/2878/3310 3526/2895/3327 3518/2887/3319
f 3452/2821/3256 3527/2896/3328 3528/2897/3329
f 3452/2821/3256 3528/2897/3329 3511/2880/3312
f 3516/2885/3317 3512/2881/3313 3529/2898/3254
f 3516/2885/3317 3529/2898/3254 3530/2899/3253
f 3512/2881/3313 3515/2884/3316 3531/2900/3256
f 3512/2881/3313 3531/2900/3256 3529/2898/3254
f 3528/2897/3329 3532/2901/3330 3522/2891/3323
f 3528/2897/3329 3522/2891/3323 3511/2880/3312
f 3533/2902/3331 3534/2903/3332 3499/2868/3300
f 3533/2902/3331 3499/2868/3300 3502/2871/3303
f 3534/2903/3332 3474/2843/3275 3454/2823/3258
f 3534/2903/3332 3454/2823/3258 3499/2868/3300
f 3473/2842/3277 3455/2824/3259 3454/2823/3258
f 3473/2842/3277 3454/2823/3258 3474/2843/3275
f 3477/2846/3280 3457/2826/3261 3455/2824/3259
f 3477/2846/3280 3455/2824/3259 3473/2842/3277
f 3479/2848/3282 3459/2828/3263 3457/2826/3261
f 3479/2848/3282 3457/2826/3261 3480/2849/3280
f 3483/2852/3285 3461/2830/3265 3459/2828/3263
f 3483/2852/3285 3459/2828/3263 3479/2848/3282
f 3485/2854/3287 3463/2832/3267 3461/2830/3265
f 3485/2854/3287 3461/2830/3265 3486/2855/3288
f 3489/2858/3272 3465/2834/3269 3463/2832/3267
f 3489/2858/3272 3463/2832/3267 3485/2854/3287
f 3489/2858/3272 3535/2904/3333 3494/2863/3295
f 3489/2858/3272 3494/2863/3295 3465/2834/3269
f 3535/2904/3333 3536/2905/3306 3507/2876/3308
f 3535/2904/3333 3507/2876/3308 3494/2863/3295
f 3526/2895/3327 3537/2906/3334 3538/2907/3335
f 3526/2895/3327 3538/2907/3335 3518/2887/3319
f 3539/2908/3336 3449/2818/3253 3518/2887/3319
f 3539/2908/3336 3518/2887/3319 3538/2907/3335
f 3456/2825/3260 3458/2827/3262 3427/2796/3231
f 3456/2825/3260 3427/2796/3231 3429/2798/3233
f 3458/2827/3262 3460/2829/3264 3425/2794/3229
f 3458/2827/3262 3425/2794/3229 3427/2796/3231
f 3460/2829/3264 3462/2831/3266 3422/2791/3226
f 3460/2829/3264 3422/2791/3226 3425/2794/3229
f 3462/2831/3266 3464/2833/3268 3437/2806/3241
f 3462/2831/3266 3437/2806/3241 3422/2791/3226
f 3464/2833/3268 3466/2835/3270 3435/2804/3239
f 3464/2833/3268 3435/2804/3239 3437/2806/3241
f 3466/2835/3270 3492/2861/3293 3433/2802/3237
f 3466/2835/3270 3433/2802/3237 3435/2804/3239
f 3492/2861/3293 3453/2822/3257 3431/2800/3235
f 3492/2861/3293 3431/2800/3235 3433/2802/3237
f 3453/2822/3257 3456/2825/3260 3429/2798/3233
f 3453/2822/3257 3429/2798/3233 3431/2800/3235
f 3507/2876/3308 3536/2905/3306 3537/2906/3334
f 3507/2876/3308 3537/2906/3334 3526/2895/3327
f 3523/2892/3324 3525/2894/3326 3505/2874/3306
f 3523/2892/3324 3505/2874/3306 3504/2873/3305
f 3524/2893/3325 3523/2892/3324 3504/2873/3305
f 3524/2893/3325 3504/2873/3305 3503/2872/3304
f 3522/2891/3323 3532/2901/3330 3533/2902/3331
f 3522/2891/3323 3533/2902/3331 3502/2871/3303
f 3521/2890/3322 3522/2891/3323 3502/2871/3303
f 3521/2890/3322 3502/2871/3303 3501/2870/3302
f 3519/2888/3320 3521/2890/3322 3501/2870/3302
f 3519/2888/3320 3501/2870/3302 3500/2869/3301
f 3520/2889/3321 3519/2888/3320 3500/2869/3301
f 3520/2889/3321 3500/2869/3301 3506/2875/3307
f 3526/2895/3327 3520/2889/3321 3506/2875/3307
f 3526/2895/3327 3506/2875/3307 3507/2876/3308
f 3424/2793/3228 3423/2792/3227 3438/2807/3242
f 3424/2793/3228 3438/2807/3242 3440/2809/3244
f 3426/2795/3230 3424/2793/3228 3440/2809/3244
f 3426/2795/3230 3440/2809/3244 3441/2810/3245
f 3428/2797/3232 3426/2795/3230 3441/2810/3245
f 3428/2797/3232 3441/2810/3245 3442/2811/3246
f 3430/2799/3234 3428/2797/3232 3442/2811/3246
f 3430/2799/3234 3442/2811/3246 3443/2812/3247
f 3444/2813/3248 3432/2801/3236 3430/2799/3234
f 3444/2813/3248 3430/2799/3234 3443/2812/3247
f 3434/2803/3238 3432/2801/3236 3444/2813/3248
f 3434/2803/3238 3444/2813/3248 3445/2814/3249
f 3436/2805/3240 3434/2803/3238 3445/2814/3249
f 3436/2805/3240 3445/2814/3249 3446/2815/3250
f 3423/2792/3227 3436/2805/3240 3446/2815/3250
f 3423/2792/3227 3446/2815/3250 3438/2807/3242
f 3540/2791/3337 3541/2794/3338 3542/2793/3339
f 3540/2791/3337 3542/2793/3339 3543/2792/3340
f 3541/2794/3338 3544/2796/3341 3545/2795/3342
f 3541/2794/3338 3545/2795/3342 3542/2793/3339
f 3544/2796/3341 3546/2798/3343 3547/2797/3344
f 3544/2796/3341 3547/2797/3344 3545/2795/3342
f 3546/2798/3343 3548/2800/3345 3549/2799/3346
f 3546/2798/3343 3549/2799/3346 3547/2797/3344
f 3548/2800/3345 3550/2802/3347 3551/2801/3348
f 3548/2800/3345 3551/2801/3348 3549/2799/3346
f 3550/2802/3347 3552/2804/3349 3553/2803/3350
f 3550/2802/3347 3553/2803/3350 3551/2801/3348
f 3552/2804/3349 3554/2806/3351 3555/2805/3352
f 3552/2804/3349 3555/2805/3352 3553/2803/3350
f 3554/2806/3351 3540/2791/3337 3543/2792/3340
f 3554/2806/3351 3543/2792/3340 3555/2805/3352
f 3556/2807/3353 3557/2809/3354 3558/2808/3355
f 3557/2809/3354 3559/2810/3356 3558/2808/3355
f 3559/2810/3356 3560/2811/3357 3558/2808/3355
f 3560/2811/3357 3561/2812/3358 3558/2808/3355
f 3561/2812/3358 3562/2813/3359 3558/2808/3355
f 3562/2813/3359 3563/2814/3360 3558/2808/3355
f 3563/2814/3360 3564/2815/3361 3558/2808/3355
f 3564/2815/3361 3556/2807/3353 3558/2808/3355
f 3565/2816/3362 3566/2819/3363 3567/2818/3364
f 3565/2816/3362 3567/2818/3364 3568/2817/3365
f 3569/2820/3366 3570/2821/3367 3566/2819/3363
f 3569/2820/3366 3566/2819/3363 3565/2816/3362
f 3571/2822/3368 3572/2825/3369 3573/2824/3370
f 3571/2822/3368 3573/2824/3370 3574/2823/3371
f 3572/2825/3369 3575/2827/3372 3576/2826/3373
f 3572/2825/3369 3576/2826/3373 3573/2824/3370
f 3575/2827/3372 3577/2829/3374 3578/2828/3375
f 3575/2827/3372 3578/2828/3375 3576/2826/3373
f 3577/2829/3374 3579/2831/3376 3580/2830/3377
f 3577/2829/3374 3580/2830/3377 3578/2828/3375
f 3579/2831/3376 3581/2833/3378 3582/2832/3379
f 3579/2831/3376 3582/2832/3379 3580/2830/3377
f 3581/2833/3378 3583/2835/3380 3584/2834/3381
f 3581/2833/3378 3584/2834/3381 3582/2832/3379
f 3585/2836/3382 3586/2839/3383 3587/2838/3384
f 3585/2836/3382 3587/2838/3384 3588/2837/3385
f 3589/2840/3386 3590/2841/3387 3586/2839/3383
f 3589/2840/3386 3586/2839/3383 3585/2836/3382
f 3591/2842/3388 3592/2845/3389 3593/2844/3390
f 3591/2842/3388 3593/2844/3390 3594/2843/3386
f 3595/2846/3391 3596/2847/3392 3592/2845/3389
f 3595/2846/3391 3592/2845/3389 3591/2842/3388
f 3597/2848/3393 3598/2851/3394 3599/2850/3395
f 3597/2848/3393 3599/2850/3395 3600/2849/3391
f 3601/2852/3396 3602/2853/3397 3598/2851/3394
f 3601/2852/3396 3598/2851/3394 3597/2848/3393
f 3603/2854/3398 3604/2857/3399 3605/2856/3400
f 3603/2854/3398 3605/2856/3400 3606/2855/3401
f 3607/2858/3385 3608/2859/3402 3604/2857/3399
f 3607/2858/3385 3604/2857/3399 3603/2854/3398
f 3609/2860/3403 3610/2862/3404 3583/2835/3380
f 3609/2860/3403 3583/2835/3380 3611/2861/3405
f 3610/2862/3404 3612/2863/3406 3584/2834/3381
f 3610/2862/3404 3584/2834/3381 3583/2835/3380
f 3613/2864/3407 3614/2865/3408 3585/2836/3382
f 3613/2864/3407 3585/2836/3382 3588/2837/3385
f 3615/2866/3409 3609/2860/3403 3611/2861/3405
f 3615/2866/3409 3611/2861/3405 3571/2822/3368
f 3614/2865/3408 3616/2867/3410 3589/2840/3386
f 3614/2865/3408 3589/2840/3386 3585/2836/3382
f 3571/2822/3368 3574/2823/3371 3617/2868/3411
f 3571/2822/3368 3617/2868/3411 3615/2866/3409
f 3615/2866/3409 3618/2870/3412 3619/2869/3413
f 3615/2866/3409 3619/2869/3413 3609/2860/3403
f 3615/2866/3409 3617/2868/3411 3620/2871/3414
f 3615/2866/3409 3620/2871/3414 3618/2870/3412
f 3614/2865/3408 3621/2873/3415 3622/2872/3416
f 3614/2865/3408 3622/2872/3416 3616/2867/3410
f 3613/2864/3407 3623/2874/3417 3621/2873/3415
f 3613/2864/3407 3621/2873/3415 3614/2865/3408
f 3624/2875/3418 3625/2876/3419 3612/2863/3406
f 3624/2875/3418 3612/2863/3406 3610/2862/3404
f 3619/2869/3413 3624/2875/3418 3610/2862/3404
f 3619/2869/3413 3610/2862/3404 3609/2860/3403
f 3565/2816/3362 3568/2817/3365 3626/2878/3420
f 3565/2816/3362 3626/2878/3420 3627/2877/3421
f 3569/2820/3366 3565/2816/3362 3627/2877/3421
f 3569/2820/3366 3627/2877/3421 3628/2879/3422
f 3628/2879/3422 3629/2880/3423 3570/2821/3367
f 3628/2879/3422 3570/2821/3367 3569/2820/3366
f 3630/2881/3424 3631/2884/3425 3632/2883/3426
f 3630/2881/3424 3632/2883/3426 3633/2882/3427
f 3634/2885/3428 3630/2881/3424 3633/2882/3427
f 3634/2885/3428 3633/2882/3427 3635/2886/3429
f 3567/2818/3364 3636/2887/3430 3626/2878/3420
f 3567/2818/3364 3626/2878/3420 3568/2817/3365
f 3626/2878/3420 3637/2889/3431 3638/2888/3432
f 3626/2878/3420 3638/2888/3432 3627/2877/3421
f 3627/2877/3421 3638/2888/3432 3639/2890/3433
f 3627/2877/3421 3639/2890/3433 3628/2879/3422
f 3629/2880/3423 3628/2879/3422 3639/2890/3433
f 3629/2880/3423 3639/2890/3433 3640/2891/3434
f 3632/2883/3426 3641/2893/3435 3642/2892/3436
f 3632/2883/3426 3642/2892/3436 3633/2882/3427
f 3633/2882/3427 3642/2892/3436 3643/2894/3437
f 3633/2882/3427 3643/2894/3437 3635/2886/3429
f 3626/2878/3420 3636/2887/3430 3644/2895/3438
f 3626/2878/3420 3644/2895/3438 3637/2889/3431
f 3570/2821/3367 3629/2880/3423 3645/2897/3426
f 3570/2821/3367 3645/2897/3426 3646/2896/3425
f 3634/2885/3428 3647/2899/3439 3648/2898/3440
f 3634/2885/3428 3648/2898/3440 3630/2881/3424
f 3630/2881/3424 3648/2898/3440 3649/2900/3367
f 3630/2881/3424 3649/2900/3367 3631/2884/3425
f 3645/2897/3426 3629/2880/3423 3640/2891/3434
f 3645/2897/3426 3640/2891/3434 3650/2901/3441
f 3651/2902/3442 3620/2871/3414 3617/2868/3411
f 3651/2902/3442 3617/2868/3411 3652/2903/3443
f 3652/2903/3443 3617/2868/3411 3574/2823/3371
f 3652/2903/3443 3574/2823/3371 3594/2843/3386
f 3591/2842/3388 3594/2843/3386 3574/2823/3371
f 3591/2842/3388 3574/2823/3371 3573/2824/3370
f 3595/2846/3391 3591/2842/3388 3573/2824/3370
f 3595/2846/3391 3573/2824/3370 3576/2826/3373
f 3597/2848/3393 3600/2849/3391 3576/2826/3373
f 3597/2848/3393 3576/2826/3373 3578/2828/3375
f 3601/2852/3396 3597/2848/3393 3578/2828/3375
f 3601/2852/3396 3578/2828/3375 3580/2830/3377
f 3603/2854/3398 3606/2855/3401 3580/2830/3377
f 3603/2854/3398 3580/2830/3377 3582/2832/3379
f 3607/2858/3385 3603/2854/3398 3582/2832/3379
f 3607/2858/3385 3582/2832/3379 3584/2834/3381
f 3607/2858/3385 3584/2834/3381 3612/2863/3406
f 3607/2858/3385 3612/2863/3406 3653/2904/3407
f 3653/2904/3407 3612/2863/3406 3625/2876/3419
f 3653/2904/3407 3625/2876/3419 3654/2905/3417
f 3644/2895/3438 3636/2887/3430 3655/2907/3444
f 3644/2895/3438 3655/2907/3444 3656/2906/3445
f 3657/2908/3446 3655/2907/3444 3636/2887/3430
f 3657/2908/3446 3636/2887/3430 3567/2818/3364
f 3572/2825/3369 3546/2798/3343 3544/2796/3341
f 3572/2825/3369 3544/2796/3341 3575/2827/3372
f 3575/2827/3372 3544/2796/3341 3541/2794/3338
f 3575/2827/3372 3541/2794/3338 3577/2829/3374
f 3577/2829/3374 3541/2794/3338 3540/2791/3337
f 3577/2829/3374 3540/2791/3337 3579/2831/3376
f 3579/2831/3376 3540/2791/3337 3554/2806/3351
f 3579/2831/3376 3554/2806/3351 3581/2833/3378
f 3581/2833/3378 3554/2806/3351 3552/2804/3349
f 3581/2833/3378 3552/2804/3349 3583/2835/3380
f 3583/2835/3380 3552/2804/3349 3550/2802/3347
f 3583/2835/3380 3550/2802/3347 3611/2861/3405
f 3611/2861/3405 3550/2802/3347 3548/2800/3345
f 3611/2861/3405 3548/2800/3345 3571/2822/3368
f 3571/2822/3368 3548/2800/3345 3546/2798/3343
f 3571/2822/3368 3546/2798/3343 3572/2825/3369
f 3625/2876/3419 3644/2895/3438 3656/2906/3445
f 3625/2876/3419 3656/2906/3445 3654/2905/3417
f 3642/2892/3436 3621/2873/3415 3623/2874/3417
f 3642/2892/3436 3623/2874/3417 3643/2894/3437
f 3641/2893/3435 3622/2872/3416 3621/2873/3415
f 3641/2893/3435 3621/2873/3415 3642/2892/3436
f 3640/2891/3434 3620/2871/3414 3651/2902/3442
f 3640/2891/3434 3651/2902/3442 3650/2901/3441
f 3639/2890/3433 3618/2870/3412 3620/2871/3414
f 3639/2890/3433 3620/2871/3414 3640/2891/3434
f 3638/2888/3432 3619/2869/3413 3618/2870/3412
f 3638/2888/3432 3618/2870/3412 3639/2890/3433
f 3637/2889/3431 3624/2875/3418 3619/2869/3413
f 3637/2889/3431 3619/2869/3413 3638/2888/3432
f 3644/2895/3438 3625/2876/3419 3624/2875/3418
f 3644/2895/3438 3624/2875/3418 3637/2889/3431
f 3542/2793/3339 3557/2809/3354 3556/2807/3353
f 3542/2793/3339 3556/2807/3353 3543/2792/3340
f 3545/2795/3342 3559/2810/3356 3557/2809/3354
f 3545/2795/3342 3557/2809/3354 3542/2793/3339
f 3547/2797/3344 3560/2811/3357 3559/2810/3356
f 3547/2797/3344 3559/2810/3356 3545/2795/3342
f 3549/2799/3346 3561/2812/3358 3560/2811/3357
f 3549/2799/3346 3560/2811/3357 3547/2797/3344
f 3562/2813/3359 3561/2812/3358 3549/2799/3346
f 3562/2813/3359 3549/2799/3346 3551/2801/3348
f 3553/2803/3350 3563/2814/3360 3562/2813/3359
f 3553/2803/3350 3562/2813/3359 3551/2801/3348
f 3555/2805/3352 3564/2815/3361 3563/2814/3360
f 3555/2805/3352 3563/2814/3360 3553/2803/3350
f 3543/2792/3340 3556/2807/3353 3564/2815/3361
f 3543/2792/3340 3564/2815/3361 3555/2805/3352
f 3658/2909/2855 3042/2411/2872 3098/2467/2928
f 3658/2909/2855 3098/2467/2928 3659/2910/2856
f 3658/2909/2855 3039/2408/2870 3043/2412/2873
f 3658/2909/2855 3043/2412/2873 3042/2411/2872
f 3039/2408/2870 2979/2348/2812 3066/2435/2896
f 3039/2408/2870 3066/2435/2896 3043/2412/2873
f 3067/2436/2897 3066/2435/2896 2979/2348/2812
f 3067/2436/2897 2979/2348/2812 2978/2347/2811
f 3026/2395/2858 3025/2394/2857 3022/2391/2854
f 3026/2395/2858 3022/2391/2854 3021/2390/2853
f 3040/2409/2871 3026/2395/2858 3021/2390/2853
f 3040/2409/2871 3021/2390/2853 3038/2407/2869
f 2980/2349/2813 3040/2409/2871 3038/2407/2869
f 2980/2349/2813 3038/2407/2869 2982/2351/2815
f 2981/2350/2814 2977/2346/2810 2980/2349/2813
f 2981/2350/2814 2980/2349/2813 2982/2351/2815
f 3660/2911/3447 3661/2912/3448 3662/2913/3449
f 3660/2911/3447 3662/2913/3449 3663/2914/3450
f 3664/2915/3451 3665/2916/3452 3661/2912/3448
f 3664/2915/3451 3661/2912/3448 3660/2911/3447
f 3664/2915/3451 873/282/774 874/283/775
f 3664/2915/3451 874/283/775 3665/2916/3452
f 3663/2914/3450 3662/2913/3449 3666/2917/3453
f 3663/2914/3450 3666/2917/3453 3667/2918/3454
f 3667/2918/3454 3666/2917/3453 3668/2919/3455
f 3667/2918/3454 3668/2919/3455 3669/2920/3456
f 873/282/774 3664/2915/3451 3660/2911/3447
f 873/282/774 3660/2911/3447 3670/2921/3457
f 3670/2921/3457 869/278/770 871/280/772
f 3670/2921/3457 871/280/772 873/282/774
f 3670/2921/3457 3660/2911/3447 3663/2914/3450
f 3670/2921/3457 3663/2914/3450 3667/2918/3454
f 3671/2922/3458 3672/2923/3459 3673/2924/3460
f 3671/2922/3458 3673/2924/3460 3674/2925/3448
f 3675/2926/3461 3671/2922/3458 3674/2925/3448
f 3675/2926/3461 3674/2925/3448 3676/2927/3452
f 3675/2926/3461 3676/2927/3452 3677/2928/775
f 3675/2926/3461 3677/2928/775 3678/2929/3462
f 3678/2929/3462 3677/2928/775 901/309/800
f 3678/2929/3462 901/309/800 900/308/799
f 3672/2923/3459 3679/2930/3463 3680/2931/3464
f 3672/2923/3459 3680/2931/3464 3673/2924/3460
f 3679/2930/3463 3681/2932/3465 3682/2933/3466
f 3679/2930/3463 3682/2933/3466 3680/2931/3464
f 3675/2926/3461 3678/2929/3462 3683/2934/3467
f 3675/2926/3461 3683/2934/3467 3671/2922/3458
f 869/278/770 3670/2921/3457 3684/2935/3468
f 869/278/770 3684/2935/3468 875/284/776
f 3667/2918/3454 3669/2920/3456 3685/2936/3469
f 3667/2918/3454 3685/2936/3469 3686/2937/3470
f 3667/2918/3454 3686/2937/3470 3684/2935/3468
f 3667/2918/3454 3684/2935/3468 3670/2921/3457
s 0
f 3687/2936/3471 3688/2938/3471 3689/2937/3471
s 1
f 898/306/797 902/310/776 3690/2939/3468
f 898/306/797 3690/2939/3468 3683/2934/3467
f 3691/2940/3472 3681/2932/3465 3679/2930/3463
f 3691/2940/3472 3679/2930/3463 3692/2941/3473
f 3679/2930/3463 3683/2934/3467 3690/2939/3468
f 3679/2930/3463 3690/2939/3468 3692/2941/3473
s 0
f 3693/2940/3474 3694/2941/3474 3695/2942/3474
s 1
f 900/308/799 898/306/797 3683/2934/3467
f 900/308/799 3683/2934/3467 3678/2929/3462
f 3672/2923/3459 3671/2922/3458 3683/2934/3467
f 3672/2923/3459 3683/2934/3467 3679/2930/3463
f 3696/2943/3475 2279/1679/2148 2186/1586/2055
f 3696/2943/3475 2186/1586/2055 2185/1585/2054
f 2181/256/2050 3697/258/3476 3698/2944/3477
f 2181/256/2050 3698/2944/3477 2182/1583/2051
f 2185/1585/2054 2182/1583/2051 3698/2944/3477
f 2185/1585/2054 3698/2944/3477 3696/2943/3475
f 2325/1725/2191 2280/1680/2149 3699/2945/3478
f 2325/1725/2191 3699/2945/3478 2411/1811/2276
f 2279/1679/2148 3696/2943/3475 3699/2945/3478
f 2279/1679/2148 3699/2945/3478 2280/1680/2149
f 3700/2946/3479 3701/2947/3480 2292/1692/2161
f 3700/2946/3479 2292/1692/2161 2295/1695/2164
f 2403/1803/714 3702/2948/3481 3703/2949/3482
f 2403/1803/714 3703/2949/3482 2400/1800/2266
f 3700/2946/3479 2295/1695/2164 2400/1800/2266
f 3700/2946/3479 2400/1800/2266 3703/2949/3482
f 3704/2950/3483 2416/1816/2280 3705/2951/3484
f 3704/2950/3483 3705/2951/3484 3706/269/3485
f 3705/2951/3484 3698/2944/3477 3697/258/3476
f 3705/2951/3484 3697/258/3476 3707/268/3486
f 3705/2951/3484 3699/2945/3478 3696/2943/3475
f 3705/2951/3484 3696/2943/3475 3698/2944/3477
f 3705/2951/3484 2416/1816/2280 2411/1811/2276
f 3705/2951/3484 2411/1811/2276 3699/2945/3478
f 2408/1808/2273 2407/1807/2272 2416/1816/2280
f 2408/1808/2273 2416/1816/2280 3704/2950/3483
f 2414/1814/714 2413/1813/2278 3708/2952/3487
f 2414/1814/714 3708/2952/3487 3709/2953/3488
f 3704/2950/3483 3708/2952/3487 2413/1813/2278
f 3704/2950/3483 2413/1813/2278 2408/1808/2273
f 3710/2954/3489 3711/265/3490 2424/260/2288
f 3710/2954/3489 2424/260/2288 2423/1823/2287
f 2554/1953/2409 2170/1572/2039 2292/1692/2161
f 2554/1953/2409 2292/1692/2161 3701/2947/3480
f 2550/1949/2405 3712/2955/3491 2491/1890/2346
f 2550/1949/2405 2491/1890/2346 2489/1888/2344
f 2552/1951/2407 2551/1950/2406 2554/1953/2409
f 2552/1951/2407 2554/1953/2409 3713/2956/3492
f 2491/1890/2346 3712/2955/3491 2426/1825/2290
f 2491/1890/2346 2426/1825/2290 2425/1824/2289
f 3712/2955/3491 3710/2954/3489 2423/1823/2287
f 3712/2955/3491 2423/1823/2287 2426/1825/2290
f 3713/2956/3492 2554/1953/2409 3701/2947/3480
f 3713/2956/3492 3701/2947/3480 3710/2954/3489
f 2555/1954/2410 3714/2957/3493 3712/2955/3491
f 2555/1954/2410 3712/2955/3491 2550/1949/2405
f 3710/2954/3489 3712/2955/3491 3714/2957/3493
f 3710/2954/3489 3714/2957/3493 3713/2956/3492
f 3714/2957/3493 2555/1954/2410 2552/1951/2407
f 3714/2957/3493 2552/1951/2407 3713/2956/3492
f 3706/269/3485 3705/2951/3484 3707/268/3486
f 3711/265/3490 3710/2954/3489 3701/2947/3480
f 3711/265/3490 3701/2947/3480 3700/2946/3479
f 3715/263/3494 3711/265/3490 3700/2946/3479
f 3715/263/3494 3700/2946/3479 3703/2949/3482
f 3716/264/720 3715/263/3494 3703/2949/3482
f 3716/264/720 3703/2949/3482 3702/2948/3481
f 3717/267/3495 3718/266/3496 3709/2953/3488
f 3717/267/3495 3709/2953/3488 3708/2952/3487
f 3717/267/3495 3708/2952/3487 3704/2950/3483
f 3717/267/3495 3704/2950/3483 3706/269/3485
f 3719/2958/3497 1795/1198/1683 1845/1247/1729
f 3719/2958/3497 1845/1247/1729 3720/2959/3498
f 1794/1197/1682 1795/1198/1683 3719/2958/3497
f 1794/1197/1682 3719/2958/3497 1797/1200/1685
f 1810/1212/1698 3721/2960/3499 3722/2961/3500
f 1810/1212/1698 3722/2961/3500 1811/1213/1699
f 3723/212/3501 3724/214/3488 3725/2962/3502
f 3723/212/3501 3725/2962/3502 3726/2963/3503
f 3726/2963/3503 3725/2962/3502 1924/1326/710
f 3726/2963/3503 1924/1326/710 1923/1325/1807
f 3727/213/3504 3723/212/3501 3726/2963/3503
f 3727/213/3504 3726/2963/3503 3722/2961/3500
f 1923/1325/1807 1811/1213/1699 3722/2961/3500
f 1923/1325/1807 3722/2961/3500 3726/2963/3503
f 3728/215/3505 3729/2964/3506 3730/2965/3507
f 3728/215/3505 3730/2965/3507 3731/2966/3508
f 3729/2964/3506 3732/211/3509 1799/206/1687
f 3729/2964/3506 1799/206/1687 1798/1201/1686
f 3729/2964/3506 1798/1201/1686 1797/1200/1685
f 3729/2964/3506 1797/1200/1685 3719/2958/3497
f 3729/2964/3506 3719/2958/3497 3720/2959/3498
f 3729/2964/3506 3720/2959/3498 3730/2965/3507
f 3733/209/3488 3734/210/3510 3735/2967/3511
f 3733/209/3488 3735/2967/3511 3736/2968/3481
f 3734/210/3510 3728/215/3505 3731/2966/3508
f 3734/210/3510 3731/2966/3508 3735/2967/3511
f 3720/2959/3498 1845/1247/1729 1864/1266/1748
f 3720/2959/3498 1864/1266/1748 1932/1334/1815
f 1930/1332/1813 3731/2966/3508 3730/2965/3507
f 1930/1332/1813 3730/2965/3507 1931/1333/1814
f 3720/2959/3498 1932/1334/1815 1931/1333/1814
f 3720/2959/3498 1931/1333/1814 3730/2965/3507
f 1936/1338/710 3736/2968/3481 3735/2967/3511
f 1936/1338/710 3735/2967/3511 1937/1339/1819
f 3731/2966/3508 1930/1332/1813 1937/1339/1819
f 3731/2966/3508 1937/1339/1819 3735/2967/3511
f 3737/2969/3512 1696/1099/1585 1695/207/1584
f 3737/2969/3512 1695/207/1584 3738/208/3513
f 3739/2970/3514 3737/2969/3512 3738/208/3513
f 3739/2970/3514 3738/208/3513 3727/213/3504
f 3739/2970/3514 3727/213/3504 3722/2961/3500
f 3739/2970/3514 3722/2961/3500 3721/2960/3499
f 1699/1102/1588 3740/2971/3515 2032/1434/1910
f 1699/1102/1588 2032/1434/1910 1700/1103/1589
f 1696/1099/1585 3737/2969/3512 3740/2971/3515
f 1696/1099/1585 3740/2971/3515 1699/1102/1588
f 3741/2972/3516 3721/2960/3499 1810/1212/1698
f 3741/2972/3516 1810/1212/1698 1676/1081/1565
f 2085/1487/1961 2020/1422/1898 2022/1424/1900
f 2085/1487/1961 2022/1424/1900 3742/2973/3517
f 2088/1490/1964 3743/2974/3518 3741/2972/3516
f 2088/1490/1964 3741/2972/3516 2089/1491/1965
f 1676/1081/1565 1674/1079/1563 2089/1491/1965
f 1676/1081/1565 2089/1491/1965 3741/2972/3516
f 2022/1424/1900 2032/1434/1910 3740/2971/3515
f 2022/1424/1900 3740/2971/3515 3742/2973/3517
f 3742/2973/3517 3740/2971/3515 3737/2969/3512
f 3742/2973/3517 3737/2969/3512 3739/2970/3514
f 3743/2974/3518 3739/2970/3514 3721/2960/3499
f 3743/2974/3518 3721/2960/3499 3741/2972/3516
f 3742/2973/3517 3744/2975/3519 2090/1492/1966
f 3742/2973/3517 2090/1492/1966 2085/1487/1961
f 3739/2970/3514 3743/2974/3518 3744/2975/3519
f 3739/2970/3514 3744/2975/3519 3742/2973/3517
f 2088/1490/1964 2090/1492/1966 3744/2975/3519
f 2088/1490/1964 3744/2975/3519 3743/2974/3518
f 3729/2964/3506 3728/215/3505 3732/211/3509
o Object_4.001
v 12.938002 52.633858 153.051422
v 10.396646 51.713966 152.539658
v 10.396654 52.441879 152.293610
v 12.572794 53.229584 152.731827
v 7.855311 57.075493 155.522415
v 10.396646 57.995369 156.034180
v 10.396654 57.820602 155.285934
v 8.220516 57.032906 154.847717
v 12.938002 57.075493 155.522415
v 12.572794 57.032906 154.847717
v 13.990667 54.854675 154.286911
v 13.474182 55.131248 153.789780
v 10.396654 58.631554 153.828262
v 12.572794 57.843842 153.390030
v 12.572794 58.185394 152.776093
v 10.396654 58.973106 153.214310
v 8.220516 57.843842 153.390030
v 8.220516 58.185394 152.776093
v 13.474182 55.131248 153.789780
v 12.572794 53.229584 152.731827
v 13.274940 53.453964 152.455826
v 14.147612 55.013084 153.323196
v 12.572794 54.382057 150.660202
v 10.396654 53.594376 150.222000
v 10.396654 54.568954 150.000961
v 12.046560 55.166168 150.333206
v 7.319132 56.283745 151.718155
v 8.746747 58.049797 151.937424
v 8.063334 56.607979 151.135315
v 10.396654 58.647011 152.269669
v 12.046560 58.049797 151.937424
v 13.474180 56.283745 151.718155
v 12.729977 56.607979 151.135315
v 12.983080 55.247665 151.141754
v 12.357635 55.822449 150.698303
v 19.633955 55.328140 150.198425
v 18.995241 54.033638 149.478256
v 20.004314 53.861900 148.827637
v 20.595293 55.629967 149.811279
v 20.194220 55.912560 149.303299
v 19.270681 55.652000 149.616302
v 10.396654 55.039955 150.257889
v 11.667202 55.499855 150.513733
v 8.746747 55.166168 150.333206
v 9.126108 55.499855 150.513733
v 8.428372 55.837852 150.706879
v 8.880931 56.017097 150.801498
v 9.126108 57.720436 151.749115
v 8.599828 56.610146 151.131439
v 10.396654 58.180351 152.004974
v 11.667202 57.720436 151.749115
v 12.193478 56.610146 151.131439
v 11.906752 56.005226 150.794891
v 11.458929 55.453995 151.024567
v 10.396654 55.069489 150.810654
v 10.396654 56.403160 151.503494
v 9.334381 55.453995 151.024567
v 9.129395 55.886452 151.265167
v 8.894369 56.382278 151.541016
v 9.334381 57.310577 152.057434
v 10.396654 57.695091 152.271347
v 11.458929 57.310577 152.057434
v 11.898939 56.382278 151.541016
v 11.659206 55.876526 151.259644
v 12.938002 51.474442 155.135483
v 10.396646 50.554565 154.623718
v 7.855311 52.633858 153.051422
v 10.396646 51.713966 152.539658
v 10.396646 50.554565 154.623718
v 7.855311 51.474442 155.135483
v 6.802650 54.854675 154.286911
v 6.802650 53.695251 156.370972
v 7.855311 55.916084 157.606491
v 10.396646 56.835960 158.118225
v 12.938002 55.916084 157.606491
v 13.990667 53.695251 156.370972
v 11.788105 50.833206 158.653381
v 10.396654 50.329567 158.373169
v 10.396654 50.329567 158.373169
v 9.005206 50.833206 158.653381
v 8.428851 52.049164 159.329834
v 9.005206 53.265114 160.006302
v 10.396654 53.768776 160.286499
v 11.788105 53.265114 160.006302
v 12.364462 52.049164 159.329834
v 11.788105 50.005371 160.141449
v 10.396654 49.501709 159.861237
v 10.396654 49.501709 159.861237
v 9.005206 50.005371 160.141449
v 8.428851 51.221313 160.817902
v 9.005206 52.437271 161.494385
v 10.396654 52.940933 161.774567
v 11.788105 52.437271 161.494385
v 12.364462 51.221313 160.817902
v 10.396654 52.441879 152.293610
v 8.220516 53.229584 152.731827
v 7.319132 55.131248 153.789780
v 7.319132 56.283745 151.718155
v 7.319132 55.791550 152.602859
v 8.220516 54.382057 150.660202
v 8.220516 53.889877 151.544907
v 7.800595 54.926422 151.766998
v 7.800595 55.267982 151.153061
v 10.396654 53.252815 150.835938
v 8.220516 53.889877 151.544907
v 8.220516 54.382057 150.660202
v 10.396654 53.594376 150.222000
v 7.546505 53.463821 152.443176
v 6.686088 55.025909 153.320450
v 1.147127 55.331062 150.199081
v 1.790061 54.028015 149.474152
v 6.711606 55.652191 152.189117
v 1.510779 55.658577 149.610397
v 2.128431 54.355522 148.885483
v 1.840688 55.113197 148.952423
v 7.522605 54.080086 151.320343
v 7.546505 53.463821 152.443176
v 1.790061 54.028015 149.474152
v 8.220516 54.382057 150.660202
v 7.800595 55.267982 151.153061
v 0.596459 55.923103 149.303604
v 0.195389 55.635788 149.820053
v 0.791830 53.851410 148.827362
v 0.791830 53.851410 148.827362
v 1.169449 54.138718 148.310898
v 0.782669 55.136803 148.473785
v 7.319132 56.283745 151.718155
v 7.319132 55.791550 152.602859
v 8.220516 53.229584 152.731827
v 8.220516 53.229584 152.731827
v 7.319132 55.131248 153.789780
v 12.572794 54.382057 150.660202
v 12.572794 53.889877 151.544907
v 10.396654 53.252815 150.835938
v 10.396654 53.594376 150.222000
v 13.474180 56.283745 151.718155
v 13.474182 55.791550 152.602859
v 12.983080 54.906105 151.755707
v 12.983080 55.247665 151.141754
v 13.474182 55.791550 152.602859
v 13.474180 56.283745 151.718155
v 13.274940 53.453964 152.455826
v 12.572794 53.229584 152.731827
v 12.572794 53.889877 151.544907
v 13.237968 54.077492 151.335037
v 14.107899 55.636597 152.202408
v 18.936378 55.097351 148.953171
v 20.004745 55.115822 148.467743
v 19.626478 54.144493 148.319687
v 20.004314 53.861900 148.827637
v 18.995241 54.033638 149.478256
v 18.657082 54.357498 148.896133
v 12.572794 54.382057 150.660202
v 17.326731 51.196808 146.607132
v 19.451233 53.975327 148.152893
v 19.723135 54.222321 147.477249
v 17.534836 51.360367 145.885071
v 14.147188 49.340263 145.574295
v 14.259811 49.448074 144.821213
v 10.396662 48.688324 145.211609
v 10.396662 48.776558 144.447632
v 6.646133 49.340256 145.574295
v 10.396662 48.688324 145.211609
v 10.396662 48.776558 144.447632
v 6.533509 49.448074 144.821213
v 3.466584 51.196800 146.607132
v 3.258482 51.360352 145.885056
v 1.342080 53.975319 148.152893
v 1.070182 54.222305 147.477234
v 0.596054 57.252792 149.976227
v 0.301752 57.598206 149.355347
v 1.342080 60.530273 151.799576
v 1.070178 60.974113 151.233429
v 3.466584 63.308792 153.345337
v 3.258476 63.836067 152.825607
v 6.646127 65.165337 154.378174
v 6.533502 65.748360 153.889465
v 10.396654 65.817268 154.740875
v 10.396654 66.419876 154.263046
v 14.147184 65.165337 154.378174
v 14.259809 65.748360 153.889465
v 17.326729 63.308792 153.345337
v 17.534834 63.836067 152.825607
v 19.451231 60.530273 151.799576
v 19.723133 60.974113 151.233429
v 20.197258 57.252800 149.976227
v 20.491562 57.598213 149.355347
v 20.379559 54.127792 147.087875
v 18.037239 51.064407 145.383636
v 14.531715 49.017525 144.244904
v 10.396662 48.298744 143.845032
v 10.396662 48.298744 143.845032
v 6.261606 49.017509 144.244904
v 2.756079 51.064400 145.383636
v 0.413756 54.127777 147.087875
v -0.408759 57.741287 149.098160
v 0.413754 61.354790 151.108444
v 2.756074 64.418182 152.812683
v 6.261600 66.465073 153.951416
v 10.396654 67.183846 154.351273
v 14.531706 66.465073 153.951416
v 18.037235 64.418182 152.812683
v 20.379557 61.354805 151.108444
v 21.202072 57.741295 149.098160
v 21.035986 53.747116 147.212875
v 18.539648 50.482285 145.396576
v 14.803617 48.300812 144.182968
v 10.396662 47.534775 143.756790
v 10.396662 47.534775 143.756790
v 5.989710 48.300804 144.182953
v 2.253671 50.482277 145.396561
v -0.242669 53.747101 147.212860
v -1.119267 57.598206 149.355347
v -0.242671 61.449326 151.497803
v 2.253667 64.714142 153.314102
v 5.989702 66.895622 154.527725
v 10.396654 67.661659 154.953888
v 14.803612 66.895630 154.527710
v 18.539644 64.714142 153.314117
v 21.035980 61.449326 151.497818
v 21.912580 57.598213 149.355347
v 21.307884 53.303268 147.779022
v 18.747751 49.955017 145.916290
v 14.916241 47.717789 144.671661
v 10.396662 46.932175 144.234619
v 10.396662 46.932175 144.234619
v 5.877083 47.717789 144.671661
v 2.045566 49.955017 145.916290
v -0.514569 53.303268 147.779007
v -1.413569 57.252792 149.976227
v -0.514571 61.202332 152.173462
v 2.045564 64.550583 154.036179
v 5.877075 66.787811 155.280792
v 10.396654 67.573433 155.717850
v 14.916235 66.787811 155.280792
v 18.747751 64.550583 154.036179
v 21.307884 61.202332 152.173462
v 22.206884 57.252800 149.976227
v 21.035986 53.056267 148.454666
v 18.539648 49.791458 146.638367
v 14.803617 47.609970 145.424744
v 10.396662 46.843941 144.998581
v 10.396662 46.843941 144.998581
v 5.989710 47.609970 145.424744
v 2.253671 49.791443 146.638351
v -0.242669 53.056259 148.454651
v -1.119267 56.907379 150.597122
v -0.242671 60.758492 152.739594
v 2.253667 64.023308 154.555893
v 5.989702 66.204796 155.769501
v 10.396654 66.970825 156.195679
v 14.803612 66.204796 155.769516
v 18.539644 64.023308 154.555893
v 21.035980 60.758492 152.739594
v 21.912580 56.907379 150.597122
v 20.379559 53.150803 148.844025
v 18.037239 50.087418 147.139801
v 14.531715 48.040535 146.001053
v 10.396662 47.321754 145.601181
v 10.396662 47.321754 145.601181
v 6.261606 48.040520 146.001053
v 2.756079 50.087410 147.139786
v 0.413756 53.150787 148.844025
v -0.408759 56.764297 150.854309
v 0.413754 60.377800 152.864594
v 2.756074 63.441193 154.568832
v 6.261600 65.488083 155.707565
v 10.396654 66.206856 156.107437
v 14.531706 65.488083 155.707565
v 18.037235 63.441193 154.568832
v 20.379557 60.377808 152.864594
v 21.202072 56.764305 150.854309
v 19.723135 53.531487 148.719040
v 17.534836 50.669533 147.126862
v 14.259811 48.757240 146.063004
v 10.396662 48.085724 145.689423
v 10.396662 48.085724 145.689423
v 6.533509 48.757225 146.063004
v 3.258482 50.669525 147.126862
v 1.070182 53.531479 148.719025
v 0.301752 56.907379 150.597122
v 1.070178 60.283279 152.475220
v 3.258476 63.145226 154.067398
v 6.533502 65.057526 155.131256
v 10.396654 65.729042 155.504822
v 14.259809 65.057526 155.131256
v 17.534834 63.145226 154.067398
v 19.723133 60.283287 152.475220
v 20.491562 56.907379 150.597122
v 17.534836 50.669533 147.126862
v 19.723135 53.531487 148.719040
v 14.259811 48.757240 146.063004
v 10.396662 48.085724 145.689423
v 6.533509 48.757225 146.063004
v 10.396662 48.085724 145.689423
v 3.258482 50.669525 147.126862
v 1.070182 53.531479 148.719025
v 0.301752 56.907379 150.597122
v 1.070178 60.283279 152.475220
v 3.258476 63.145226 154.067398
v 6.533502 65.057526 155.131256
v 10.396654 65.729042 155.504822
v 14.259809 65.057526 155.131256
v 17.534834 63.145226 154.067398
v 19.723133 60.283287 152.475220
v 20.491562 56.907379 150.597122
v -41.279652 59.131126 147.393982
v -41.319496 59.208794 161.806931
v -40.539192 59.444214 160.704987
v -40.442081 59.157082 147.334106
v -40.295765 58.440948 127.175751
v -41.181641 58.351089 127.172142
v -40.241512 57.854469 117.716606
v -41.111946 57.817429 117.871719
v -39.674290 58.384346 160.452316
v -39.582691 58.133743 147.456207
v -39.439850 57.453468 127.175705
v -39.580681 26.056915 160.390793
v -39.430695 25.897842 120.630318
v -39.418995 27.998644 118.506821
v -16.125977 32.394001 143.987579
v -31.014755 32.394001 143.987579
v -31.014755 22.570152 143.987579
v -16.125977 22.570152 143.987579
v -16.125977 22.570148 126.319626
v -31.014755 22.570148 126.319626
v -31.014755 32.393997 126.319626
v -16.125977 32.393997 126.319626
v -32.875633 32.394001 142.293961
v -32.875633 32.393997 128.013245
v -32.875633 22.570148 128.013245
v -32.875633 22.570152 142.293976
v -14.265127 32.393997 128.013245
v -14.265127 32.393997 142.293961
v -14.265127 22.570152 142.293976
v -14.265127 22.570148 128.013245
v -16.125977 22.570148 126.319626
v -16.125977 32.393997 126.319626
v 3.850068 32.394001 143.987579
v 3.850068 22.570152 143.987579
v 18.738846 22.570152 143.987579
v 18.738846 32.394001 143.987579
v 3.850068 22.570148 126.319626
v 3.850068 32.393997 126.319626
v 18.738846 32.393997 126.319626
v 18.738846 22.570148 126.319626
v 20.599724 32.394001 142.293961
v 20.599724 22.570152 142.293976
v 20.599724 22.570148 128.013245
v 20.599724 32.393997 128.013245
v 1.989218 32.393997 128.013245
v 1.989218 22.570148 128.013245
v 1.989218 22.570152 142.293976
v 1.989218 32.393997 142.293961
v 3.850068 32.393997 126.319626
v 3.850068 22.570148 126.319626
v -30.022301 23.478680 167.580414
v -40.730995 23.478672 114.765663
v -40.730995 23.478680 166.213867
v 28.455086 23.478672 114.765663
v 17.746391 23.478680 167.580414
v 28.455086 23.478680 166.213867
v -25.223969 23.478680 173.152084
v 12.948059 23.478680 173.152084
v 5.203203 28.296312 171.691254
v 9.326624 28.296312 171.691254
v 9.326624 29.508039 170.871429
v 5.203203 29.508039 170.871429
v 10.112839 28.716667 170.096146
v 4.416988 28.716667 170.096146
v 5.203203 24.896292 166.353470
v 9.326624 24.896292 166.353470
v 9.326624 23.684565 167.173279
v 5.203203 23.684565 167.173279
v 10.112839 27.504938 170.915955
v 4.416988 27.504938 170.915955
v 4.416988 24.448059 167.921249
v 4.416988 25.659790 167.101425
v 10.112839 25.659790 167.101425
v 10.112839 24.448059 167.921249
v -0.825625 28.296312 171.691254
v 1.060618 28.296312 171.691254
v 1.060618 29.508039 170.871429
v -0.825625 29.508039 170.871429
v 1.830105 28.824091 170.201385
v -1.595112 28.824091 170.201385
v -0.825625 24.896292 166.353470
v 1.060618 24.896292 166.353470
v 1.060618 23.684565 167.173279
v -0.825625 23.684565 167.173279
v 1.830105 27.612362 171.021210
v -1.595112 27.612362 171.021210
v -1.595112 24.531685 168.003174
v -1.595112 25.743416 167.183350
v 1.830105 25.743416 167.183350
v 1.830105 24.531685 168.003174
v 13.160585 27.675880 170.596313
v 14.726465 27.675880 170.596313
v 14.726465 28.640884 169.943420
v 13.160585 28.640884 169.943420
v 15.457823 27.894993 169.212692
v 12.429230 27.894993 169.212692
v 13.160585 24.968153 166.345367
v 14.726465 24.968153 166.345367
v 14.726465 24.003151 166.998260
v 13.160585 24.003151 166.998260
v 15.457823 26.929985 169.865585
v 12.429230 26.929985 169.865585
v 12.429230 24.695892 167.676926
v 12.429230 25.660896 167.024033
v 15.457823 25.660896 167.024033
v 15.457823 24.695892 167.676926
v 16.238775 53.513611 106.805244
v 16.238775 53.214890 105.083618
v 14.362680 52.948120 105.199219
v 14.362680 53.246849 106.804901
v 16.238775 51.056648 103.740021
v 15.716038 50.482903 103.317619
v 14.363897 50.113708 103.222458
v 14.362680 51.056648 103.935547
v 16.238775 53.028572 108.418060
v 14.362680 52.761795 108.288353
v 12.389648 52.061394 106.758560
v 12.389648 51.748611 107.781769
v 12.389648 53.028572 108.418060
v 12.389648 53.513611 106.805244
v 12.389648 51.876556 105.595833
v 12.389648 53.214890 105.083618
v 12.389648 50.465851 104.606430
v 12.389648 51.056648 103.740021
v 12.912386 50.121841 104.367157
v 12.912386 50.482903 103.317619
v 15.716038 50.121841 104.367157
v 14.363897 49.752640 104.272003
v 16.238775 50.465851 104.606430
v 15.716038 50.121841 104.367157
v 16.238775 51.876556 105.595833
v 16.238775 52.061394 106.758560
v 16.238775 51.748611 107.781769
v 12.912386 50.121841 104.367157
v 12.389648 50.924133 108.371651
v 12.389648 51.460327 109.161972
v 16.238775 51.460327 109.161972
v 16.271423 49.663551 109.631554
v 16.271423 49.663551 108.873108
v 16.238775 50.924133 108.371651
v 14.362680 51.291832 109.008026
v 12.356997 49.663551 108.873108
v 12.356997 49.663551 109.631554
v 16.726749 46.779747 110.256241
v 16.726749 49.277000 109.791679
v 11.901680 49.277000 109.791679
v 11.901680 46.779747 110.256241
v 15.729221 45.497635 110.494751
v 12.899206 45.497635 110.494751
v 12.899206 45.497635 109.559875
v 15.729221 45.497635 109.559875
v 16.726749 46.779747 109.321365
v 15.729221 45.497635 109.559875
v 11.901680 46.779747 109.321365
v 12.899206 45.497635 109.559875
v 16.726749 49.277000 108.856804
v 11.901680 49.277000 108.856804
v 5.337289 62.785225 163.112366
v 3.740265 61.819977 162.654129
v 4.517656 58.968246 164.998138
v 5.927565 59.909294 165.444901
v 7.776303 63.379417 163.394455
v 8.094845 60.493118 165.722061
v 10.727848 63.623436 163.510284
v 10.717545 60.732872 165.835876
v 13.621698 63.379417 163.394455
v 13.288980 60.493103 165.722061
v 15.947601 62.804520 163.121521
v 15.355742 59.928246 165.453888
v 17.533489 61.822731 162.655426
v 16.755581 58.971207 164.999542
v 8.171318 62.871529 162.696716
v 6.069275 62.359444 162.453613
v 10.715065 63.081818 162.796555
v 17.722586 61.257095 162.386902
v 16.924227 58.435005 164.744995
v 3.548126 61.257103 162.386902
v 4.346486 58.435005 164.744995
v 16.523506 61.565163 162.076538
v 16.693079 60.938667 161.779114
v 4.751049 61.562706 162.075363
v 4.577633 60.938690 161.779114
v 5.811635 56.675224 159.704803
v 5.389408 58.268600 160.511520
v 10.389507 58.308067 160.530258
v 6.505647 55.938393 159.354996
v 16.570583 60.780533 162.196381
v 15.901676 58.352242 160.551224
v 15.823517 58.547997 161.018143
v 4.700130 60.780540 162.196396
v 5.458857 58.505295 160.997803
v 6.191244 62.056343 162.802063
v 4.872996 61.259583 162.423813
v 13.209101 62.871536 162.696716
v 15.213652 62.376060 162.461502
v 13.140352 62.554756 163.038666
v 10.712940 62.759430 163.135849
v 8.237137 62.554756 163.038681
v 16.399672 61.262566 162.425217
v 15.091360 62.072502 162.809738
v 10.389299 58.525436 161.007401
v 10.656445 48.255287 157.481873
v 12.477766 48.623726 157.655060
v 12.477766 47.233925 159.614853
v 10.656445 46.865463 159.441666
v 8.792815 48.623726 157.655060
v 10.656445 48.255287 157.481873
v 10.656445 46.865463 159.441666
v 8.792815 47.233925 159.614853
v 15.866684 55.623085 159.712189
v 15.301472 53.621964 162.460022
v 15.866684 55.623085 159.712189
v 15.478319 56.743095 159.737030
v 14.956774 54.338211 160.341080
v 15.118961 54.948059 159.391724
v 14.764946 55.938393 159.354996
v 15.118961 54.948059 159.391724
v 13.748072 49.956322 158.281433
v 13.748072 48.566513 160.241211
v 7.522513 48.566513 160.241211
v 7.522513 49.956322 158.281433
v 10.650133 50.533974 158.615906
v 13.748072 49.956322 158.281433
v 12.477766 48.623726 157.655060
v 10.656445 48.255287 157.481873
v 8.792815 48.623726 157.655060
v 7.522513 49.956322 158.281433
v 14.956774 52.948395 162.300888
v 5.422783 55.566139 159.685150
v 5.987393 53.566109 162.433517
v 5.422783 55.566139 159.685150
v 6.151748 54.948059 159.391724
v 6.313932 54.338211 160.341080
v 6.313932 52.948395 162.300888
v 14.956774 54.338211 160.341080
v 6.313932 54.338211 160.341080
v 6.151748 54.948059 159.391724
v 26.064522 52.777908 93.935379
v 22.072073 52.777908 90.358902
v 17.730507 52.777908 92.935623
v 21.250914 52.777908 95.426636
v 15.860449 52.777908 87.893616
v 13.061232 52.777908 91.399261
v 0.815396 52.777908 86.140923
v -0.069392 52.777908 90.228073
v 27.900501 52.777916 107.825577
v -6.137955 52.777916 107.825577
v -6.137955 51.669617 108.555717
v 27.900501 51.669617 108.555717
v -6.137955 52.777908 86.140923
v -6.137955 52.777908 90.228294
v 21.723213 52.777916 105.714958
v 27.900501 52.777916 107.031593
v 23.440626 52.777916 104.459793
v -6.137955 52.777916 105.714958
v 11.220901 50.051865 93.182854
v 15.648977 50.051865 94.401009
v -0.651091 50.051865 92.249649
v -6.137955 50.051865 92.246964
v 27.900501 52.777916 102.279457
v 23.513807 52.777916 101.229614
v 27.900501 52.777916 98.680588
v 23.211172 52.777916 98.783340
v 20.666235 50.051872 100.219505
v 20.363600 50.051872 98.491348
v 18.875641 50.051872 103.756622
v 20.593052 50.051872 102.501450
v 18.964872 50.051865 96.384758
v -6.137955 50.051872 103.756622
v 16.502462 50.051872 98.434235
v -6.137955 22.641003 115.600296
v 27.900501 22.641003 115.600296
v -38.340431 52.777908 93.935379
v -33.526825 52.777908 95.426636
v -30.006416 52.777908 92.935623
v -34.347984 52.777908 90.358902
v -25.337141 52.777908 91.399261
v -28.136358 52.777908 87.893616
v -12.206517 52.777908 90.228073
v -13.091305 52.777908 86.140923
v -40.176411 52.777916 107.825577
v -40.176411 51.669617 108.555717
v -33.999123 52.777916 105.714958
v -35.716537 52.777916 104.459793
v -40.176411 52.777916 107.031593
v -23.496811 50.051865 93.182854
v -27.924887 50.051865 94.401009
v -11.624819 50.051865 92.249649
v -35.789719 52.777916 101.229614
v -40.176411 52.777916 102.279457
v -40.176411 52.777916 98.680588
v -35.487083 52.777916 98.783340
v -32.942146 50.051872 100.219505
v -32.639511 50.051872 98.491348
v -31.151550 50.051872 103.756622
v -32.868961 50.051872 102.501450
v -31.240782 50.051865 96.384758
v -28.778372 50.051872 98.434235
v -40.176411 22.641003 115.600296
v -25.901396 49.285851 161.104095
v -18.069986 49.285851 161.186951
v -18.069965 48.940887 163.449081
v -25.901392 48.940887 163.308426
v -39.996155 49.285843 160.778381
v -34.721375 49.285851 160.932358
v -34.755730 48.940887 163.260452
v -39.998920 48.940872 163.258377
v -25.901400 50.320747 160.432907
v -18.069996 50.320747 160.432907
v -39.995182 50.320740 160.432907
v -34.709915 50.320747 160.432907
v -34.715027 55.719025 160.248657
v -39.995617 55.677330 160.223511
v -11.859694 47.600342 163.555450
v -11.859877 47.599960 161.213531
v -6.137955 47.599960 161.220200
v -6.137955 47.600342 163.582092
v -11.859941 47.598770 160.301834
v -6.137955 47.598770 160.301834
v -18.069981 55.837181 160.303162
v -25.901396 55.792274 160.285141
v -18.069721 61.495926 163.504639
v -25.901329 60.701767 163.183075
v -25.898239 61.046722 163.716339
v -18.057261 61.857437 164.076141
v -25.876640 61.133972 166.695343
v -17.970200 61.955956 167.358246
v -10.372375 50.320747 160.301834
v -6.137955 50.320747 160.301834
v -13.004478 48.256851 163.531158
v -13.004561 48.256477 161.207474
v -11.859877 47.599960 161.213531
v -11.859694 47.600342 163.555450
v -13.438146 49.285851 161.207474
v -13.438053 48.940887 163.531158
v -13.004589 48.255272 160.301834
v -13.687071 50.320747 160.301834
v -40.002674 58.600471 162.078796
v -34.801537 59.432426 162.530014
v -6.137955 62.575272 163.868912
v -7.351612 62.496117 163.830978
v -7.340672 62.818916 164.311813
v -6.137955 62.889030 164.354401
v -6.137955 55.829643 160.271317
v -40.002674 58.938461 162.425919
v -34.801533 59.763695 162.975098
v -34.897934 59.825607 165.271530
v -13.687021 55.851448 160.306549
v -13.685970 61.762512 163.564560
v -10.234230 55.830254 160.271667
v -9.378126 61.927032 163.565338
v 13.625486 49.285851 161.104095
v 13.625483 48.940887 163.308426
v 5.794056 48.940887 163.449081
v 5.794077 49.285851 161.186951
v 27.720245 49.285843 160.778381
v 27.723011 48.940872 163.258377
v 22.479820 48.940887 163.260452
v 22.445465 49.285851 160.932358
v 5.794086 50.320747 160.432907
v 13.625490 50.320747 160.432907
v 22.434008 50.320747 160.432907
v 27.719273 50.320740 160.432907
v 22.439117 55.719025 160.248657
v 27.719707 55.677330 160.223511
v -0.416216 47.600342 163.555450
v -0.416032 47.599960 161.213531
v -0.415967 47.598770 160.301834
v 5.794072 55.837181 160.303162
v 13.625486 55.792274 160.285141
v 5.793812 61.495926 163.504639
v 13.625420 60.701767 163.183075
v -1.903535 50.320747 160.301834
v 0.728569 48.256851 163.531158
v -0.416216 47.600342 163.555450
v -0.416032 47.599960 161.213531
v 0.728652 48.256477 161.207474
v 1.162236 49.285851 161.207474
v 1.162144 48.940887 163.531158
v 0.728680 48.255272 160.301834
v 1.411162 50.320747 160.301834
v 27.726765 58.600471 162.078796
v 22.525627 59.432426 162.530014
v -4.924297 62.496117 163.830978
v 27.726765 58.938461 162.425919
v 22.525623 59.763695 162.975098
v 22.622023 59.825607 165.271530
v 13.622330 61.046722 163.716339
v 13.600731 61.133972 166.695343
v 1.411111 55.851448 160.306549
v 1.410060 61.762512 163.564560
v -2.041680 55.830254 160.271667
v -2.897784 61.927032 163.565338
v 5.781351 61.857437 164.076141
v 5.694291 61.955956 167.358246
v 1.011982 62.260933 167.522781
v 1.360219 62.135574 164.134766
v -5.267007 62.513168 166.423935
v -5.409398 62.510994 167.615707
v -3.678468 62.412788 165.354584
v -6.137955 62.518959 166.491394
v -6.137955 62.518959 167.620682
v -4.935237 62.818916 164.311813
v -2.997433 62.312386 164.068634
v -13.287891 62.260933 167.522781
v -13.636129 62.135574 164.134766
v -7.008902 62.513168 166.423935
v -6.866512 62.510994 167.615707
v -8.597442 62.412788 165.354584
v -9.278477 62.312386 164.068634
v -6.137955 63.198593 171.282242
v -6.137955 62.968315 167.260040
v -15.553175 62.625900 167.259888
v -16.089949 62.793625 170.696869
v -24.021736 62.063721 169.588257
v -23.060535 62.031342 166.627014
v -28.805166 61.350754 165.840057
v -30.091143 61.414085 168.523529
v -34.474129 60.443138 164.834702
v -35.559746 60.286919 167.276596
v -37.887981 59.689049 164.118668
v -38.838970 59.451141 165.765167
v -37.267548 59.856483 163.354034
v -40.697292 59.462303 162.901688
v -39.131634 59.269707 162.112656
v -38.345730 59.378746 161.754135
v -34.474129 59.333138 164.834702
v -37.267548 58.746483 163.354050
v -38.345730 56.808601 161.754135
v -28.805166 60.240738 165.840057
v -6.137955 61.858330 167.260040
v -15.553175 61.515900 167.259888
v -23.060535 60.921333 166.627014
v -40.539192 59.444214 160.704987
v -41.319496 59.208794 161.806931
v -39.390629 58.836433 161.107010
v -39.674290 58.384346 160.452316
v -39.674511 57.829308 160.472672
v -38.783451 57.897247 160.477737
v -38.783451 55.419518 160.477737
v -39.675835 55.419090 160.476334
v -38.629898 58.886452 160.936188
v -38.629898 55.567520 160.936188
v 5.608837 62.720596 170.496704
v 3.277266 62.625900 167.259888
v 11.745827 62.063721 169.625488
v 17.815233 61.414085 168.523529
v 16.529257 61.350754 165.840057
v 10.784626 62.031342 166.627014
v 22.198219 60.443138 164.834702
v 23.293808 60.300446 167.086182
v 25.612072 59.689049 164.118668
v 26.590931 59.424889 165.325012
v 24.991638 59.856483 163.354034
v 28.421383 59.462303 162.901688
v 26.855724 59.269707 162.112656
v 26.069820 59.378746 161.754135
v 24.991638 58.746483 163.354050
v 22.198219 59.333138 164.834702
v 26.069820 56.808601 161.754135
v 16.529257 60.240738 165.840057
v 3.277266 61.515900 167.259888
v 10.784626 60.921333 166.627014
v 28.263283 59.444214 160.704987
v 29.043537 59.475250 161.255219
v 27.114719 58.836433 161.107010
v 27.398380 58.384346 160.452316
v 27.398602 57.829308 160.472672
v 26.507542 57.897247 160.477737
v 27.399925 55.419090 160.476334
v 26.507542 55.419518 160.477737
v 26.353989 58.886452 160.936188
v 26.353989 55.567520 160.936188
v -28.313147 53.513611 106.805244
v -26.399204 53.246849 106.804901
v -26.399204 52.948120 105.199219
v -28.313147 53.214890 105.083618
v -28.313147 51.056648 103.740021
v -26.399204 51.056648 103.935547
v -26.400446 50.113708 103.222458
v -27.779861 50.482903 103.317619
v -28.313147 53.028572 108.418060
v -26.399204 52.761795 108.288353
v -24.386368 52.061394 106.758560
v -24.386368 53.513611 106.805244
v -24.386368 53.028572 108.418060
v -24.386368 51.748611 107.781769
v -24.386368 51.876556 105.595833
v -24.386368 53.214890 105.083618
v -24.386368 50.465851 104.606430
v -24.386368 51.056648 103.740021
v -24.919651 50.121841 104.367157
v -24.919651 50.482903 103.317619
v -26.400446 49.752640 104.272003
v -27.779861 50.121841 104.367157
v -28.313147 50.465851 104.606430
v -27.779861 50.121841 104.367157
v -28.313147 51.876556 105.595833
v -28.313147 52.061394 106.758560
v -28.313147 51.748611 107.781769
v -24.919651 50.121841 104.367157
v -24.386368 51.460327 109.161972
v -24.386368 50.924133 108.371651
v -28.313147 51.460327 109.161972
v -28.313147 50.924133 108.371651
v -28.346455 49.663551 108.873108
v -28.346455 49.663551 109.631554
v -26.399204 51.291832 109.008026
v -24.353058 49.663551 109.631554
v -24.353058 49.663551 108.873108
v -28.810965 46.779747 110.256241
v -23.888556 46.779747 110.256241
v -23.888556 49.277000 109.791679
v -28.810965 49.277000 109.791679
v -27.793312 45.497635 110.494751
v -24.906206 45.497635 110.494751
v -27.793312 45.497635 109.559875
v -24.906206 45.497635 109.559875
v -28.810965 46.779747 109.321365
v -27.793312 45.497635 109.559875
v -24.906206 45.497635 109.559875
v -23.888556 46.779747 109.321365
v -28.810965 49.277000 108.856804
v -23.888556 49.277000 108.856804
v -9.806175 33.648018 126.276176
v -10.507040 33.348671 126.561943
v -10.451900 32.962982 124.825577
v -9.517982 33.270081 124.800430
v -36.622948 33.648018 126.276176
v -36.938118 33.270081 124.800430
v -35.899048 32.962982 124.825577
v -35.844521 33.348671 126.561943
v -35.830528 34.595436 127.007011
v -36.879494 34.524521 126.599670
v -35.830528 40.580994 126.452850
v -36.879494 40.428101 125.999466
v -18.556950 64.099785 118.053467
v -18.555428 64.072708 116.789330
v -26.984985 64.072708 116.789330
v -26.970615 64.099777 118.053467
v -18.116590 33.600178 124.900955
v -18.122292 34.504410 125.076752
v -27.176313 34.504410 125.076752
v -27.180696 33.600178 124.900955
v -18.122292 39.875122 124.207344
v -27.176313 39.875122 124.207344
v -27.008377 61.281769 118.970848
v -18.395824 61.281769 118.970848
v -9.576799 40.428085 125.999458
v -10.521156 40.580994 126.452850
v -10.521156 34.595436 127.007011
v -9.576799 34.524521 126.599670
v -9.206673 34.191368 124.725014
v -9.206673 39.735493 123.924797
v -10.143042 59.836998 118.732841
v -10.509745 60.345863 119.830078
v -9.458197 55.194611 121.755234
v -9.072837 54.717705 120.260757
v -13.315766 58.910271 116.429504
v -11.651857 60.738396 116.416954
v -10.156094 58.973145 117.113907
v -11.586498 56.645424 117.095367
v -14.610567 60.206070 115.928680
v -13.591177 62.100685 115.757935
v -17.370560 61.311668 115.247177
v -18.560261 63.142502 115.127571
v -28.404449 61.311668 115.247177
v -26.981375 63.142502 115.127571
v -10.143042 59.836998 118.732841
v -11.640311 61.650574 118.027412
v -11.797037 62.085793 119.148262
v -13.581520 63.026398 117.406868
v -13.604380 63.225006 118.642548
v -13.134411 60.231941 119.906479
v -37.284454 34.191368 124.725014
v -37.284454 39.735493 123.924797
v -35.916222 60.345863 119.830078
v -34.539993 62.085793 119.148262
v -34.707939 61.650574 118.027412
v -36.312378 59.836998 118.732841
v -32.537857 63.225006 118.642548
v -32.564552 63.026398 117.406868
v -9.543329 45.073517 125.021591
v -9.172296 44.418716 122.999054
v -27.185940 44.517159 123.236298
v -35.861359 45.217537 125.464264
v -18.109751 44.517159 123.236298
v -9.531663 33.224892 123.520950
v -10.667347 32.918163 124.124405
v -10.693789 33.594559 121.947952
v -9.220661 33.695793 122.480591
v -36.924477 33.224892 123.520950
v -37.270485 33.695793 122.480591
v -35.958443 33.594559 121.947952
v -35.984238 32.918163 124.124405
v -32.555294 62.100685 115.757935
v -9.086953 54.052917 118.323036
v -10.156094 58.973145 117.113907
v -9.186315 43.702827 120.707733
v -9.220661 39.002125 121.562088
v -37.270485 39.002125 121.562088
v -37.318855 44.418716 122.999054
v -37.304817 43.702827 120.707733
v -37.418320 54.717705 120.260757
v -37.404182 54.052917 118.323036
v -36.299362 58.973145 117.113907
v -36.312378 59.836998 118.732841
v -34.696537 60.738396 116.416954
v -36.299362 58.973145 117.113907
v -10.940435 55.279106 122.073158
v -10.489994 45.217537 125.464264
v -18.085114 54.818810 120.680313
v -27.208883 54.818810 120.680313
v -32.990330 60.231941 119.906479
v -35.408867 55.279106 122.073158
v -36.997490 55.194611 121.755234
v -36.912888 45.073517 125.021591
v -11.586498 56.645424 117.095367
v -10.856787 53.854004 117.852257
v -11.641982 56.369972 116.527214
v -13.363075 58.624115 115.864494
v -11.586498 56.645424 117.095367
v -14.651785 59.913803 115.366035
v -35.058331 56.645424 117.095367
v -33.296989 58.910271 116.429504
v -31.842897 60.206070 115.928680
v -17.398695 61.014923 114.687592
v -28.380459 61.014923 114.687592
v -31.802633 59.913803 115.366035
v -33.249855 58.624115 115.864494
v -35.002892 56.369972 116.527214
v -35.058331 56.645424 117.095367
v -35.058331 56.645424 117.095367
v -35.793045 53.854004 117.852257
v -10.693789 38.877426 121.033516
v -10.662680 43.571404 120.227654
v -35.958443 38.877426 121.033516
v -35.989201 43.571404 120.227654
v -35.958443 33.594559 121.947952
v -35.898750 32.307255 121.590385
v -35.984238 32.918163 124.124405
v -34.074768 30.155329 122.038757
v -34.122246 30.360037 124.013680
v -10.915716 53.591743 117.280518
v -10.856787 53.854004 117.852257
v -23.648155 53.591743 117.280518
v -35.734123 53.591743 117.280518
v -35.793045 53.854004 117.852257
v -10.722517 43.357750 119.644691
v -10.662680 43.571404 120.227654
v -35.929371 43.357750 119.644691
v -35.989201 43.571404 120.227654
v -23.421026 43.340805 119.590790
v -35.898750 38.685955 120.446747
v -35.958443 38.877426 121.033516
v -10.667347 32.918163 124.124405
v -10.753477 32.307255 121.590385
v -10.693789 33.594559 121.947952
v -12.529356 30.360037 124.013680
v -12.577355 30.155329 122.038757
v -23.325787 29.470613 121.912918
v -23.325787 29.659349 123.837051
v -10.753477 38.685955 120.446747
v -10.693789 38.877426 121.033516
v -23.326101 38.669006 120.392853
v -22.674238 38.900776 141.797882
v -32.121483 38.988796 141.972153
v -32.135406 39.321953 145.074799
v -22.675266 39.260925 144.931152
v -32.119972 30.493742 123.280998
v -22.605192 29.862183 123.008713
v -22.612587 28.429070 123.402802
v -31.863705 29.059542 123.669067
v -22.618868 28.481066 124.959503
v -31.859173 29.065386 125.217903
v -32.135902 32.378227 145.549728
v -32.116898 31.974911 144.361145
v -22.678345 31.993155 144.202667
v -22.675768 32.422523 145.406128
v -22.668074 34.137001 146.256073
v -32.249020 34.114670 146.391785
v -22.668074 38.039227 146.192596
v -32.249020 38.064468 146.332840
v -32.130066 32.535988 123.023460
v -31.873791 33.931835 123.073929
v -22.612116 33.301292 122.807274
v -22.604729 31.904356 122.750786
v -36.732903 33.298779 124.024902
v -36.266586 34.692993 124.066299
v -36.717743 31.256432 124.281860
v -13.786124 33.931290 123.070892
v -13.515703 32.535431 123.020370
v -22.618748 33.965714 124.301651
v -13.807606 34.577576 124.554268
v -31.861681 34.578030 124.556801
v -36.105103 35.309402 125.473457
v -13.526500 30.493187 123.277916
v -10.358383 39.290718 145.001266
v -10.511288 39.062866 142.068863
v -13.624348 38.989368 141.975327
v -13.613289 39.323723 145.078949
v -10.194877 29.768305 126.135216
v -10.042242 29.820051 124.657822
v -9.423947 30.124126 126.534668
v -9.569217 31.255873 124.278778
v -8.918381 31.584463 126.177620
v -13.613791 32.376877 145.553879
v -13.635684 31.974190 144.364914
v -10.472768 32.003738 144.355331
v -10.358871 32.409966 145.477081
v -9.212150 32.472282 142.201294
v -8.992620 32.925934 145.108643
v -10.512300 32.055733 142.513229
v -10.472768 32.003738 144.355331
v -8.992620 32.925934 145.108643
v -8.796743 34.389915 145.804916
v -10.165797 34.125511 146.286041
v -8.789191 37.684898 145.696136
v -10.165797 38.044922 146.224197
v -8.978908 38.665230 144.666260
v -9.553820 33.298225 124.021812
v -10.026852 34.692448 124.063263
v -9.407853 35.062538 125.933876
v -8.902264 33.654083 125.919052
v -9.553820 33.298225 124.021812
v -13.796921 29.058998 123.666039
v -13.810310 29.064936 125.215370
v -10.042242 29.820051 124.657822
v -10.194877 29.768305 126.135216
v -9.569217 31.255873 124.278778
v -13.490812 34.114067 146.396210
v -13.490812 38.065285 146.337387
v -10.191017 35.308952 125.470924
v -9.195988 38.510429 141.846832
v -8.703758 36.931068 142.116623
v -8.796743 34.389915 145.804916
v -8.719920 34.266098 142.117249
v -37.277016 32.470459 142.172546
v -35.805855 32.055527 142.510086
v -37.496025 32.936760 145.074158
v -35.847057 32.004463 144.351562
v -37.496025 32.936760 145.074158
v -35.847057 32.004463 144.351562
v -35.960625 32.411320 145.472931
v -37.691486 34.393757 145.763641
v -37.766415 34.256798 142.047226
v -35.804855 39.062294 142.065689
v -35.960129 39.288960 144.997116
v -36.151539 34.126114 146.281631
v -36.151539 38.044102 146.219650
v -37.783943 36.927109 142.092911
v -37.701061 37.682503 145.681808
v -37.512215 38.670425 144.677582
v -37.294544 38.513947 141.864365
v -37.537804 33.653908 125.917953
v -37.034058 35.062943 125.936020
v -36.732903 33.298779 124.024902
v -36.717743 31.256432 124.281860
v -37.521492 31.583649 126.172844
v -37.017746 30.123899 126.533134
v -36.251434 29.820599 124.660858
v -36.101307 29.768763 126.137749
v -36.101307 29.768763 126.137749
v -36.251434 29.820599 124.660858
v -37.691486 34.393757 145.763641
v -2.469734 33.648018 126.276176
v -2.757928 33.270081 124.800430
v -1.824009 32.962982 124.825577
v -1.768870 33.348671 126.561943
v 24.347038 33.648018 126.276176
v 23.568613 33.348671 126.561943
v 23.623138 32.962982 124.825577
v 24.662210 33.270081 124.800430
v 24.603586 34.524521 126.599670
v 23.554617 34.595436 127.007011
v 24.603586 40.428101 125.999466
v 23.554617 40.580994 126.452850
v 6.281039 64.099785 118.053467
v 14.694706 64.099777 118.053467
v 14.709076 64.072708 116.789330
v 6.279518 64.072708 116.789330
v 5.840681 33.600178 124.900955
v 14.904787 33.600178 124.900955
v 14.900404 34.504410 125.076752
v 5.846383 34.504410 125.076752
v 14.900404 39.875122 124.207344
v 5.846383 39.875122 124.207344
v 6.119914 61.281769 118.970848
v 14.732468 61.281769 118.970848
v -2.699110 40.428085 125.999458
v -2.699110 34.524521 126.599670
v -1.754753 34.595436 127.007011
v -1.754753 40.580994 126.452850
v -3.069237 34.191368 124.725014
v -3.069237 39.735493 123.924797
v -2.132868 59.836998 118.732841
v -3.203073 54.717705 120.260757
v -2.817713 55.194611 121.755234
v -1.766165 60.345863 119.830078
v 1.039857 58.910271 116.429504
v -0.689411 56.645424 117.095367
v -2.119815 58.973145 117.113907
v -0.624052 60.738396 116.416954
v 2.334658 60.206070 115.928680
v 1.315268 62.100685 115.757935
v 5.094650 61.311668 115.247177
v 6.284350 63.142502 115.127571
v 16.128540 61.311668 115.247177
v 14.705465 63.142502 115.127571
v -2.132868 59.836998 118.732841
v -0.478872 62.085793 119.148262
v -0.635598 61.650574 118.027412
v 1.305610 63.026398 117.406868
v 1.328470 63.225006 118.642548
v 0.858502 60.231941 119.906479
v 25.008543 34.191368 124.725014
v 25.008543 39.735493 123.924797
v 23.640314 60.345863 119.830078
v 24.036469 59.836998 118.732841
v 22.432030 61.650574 118.027412
v 22.264082 62.085793 119.148262
v 20.261948 63.225006 118.642548
v 20.288645 63.026398 117.406868
v -2.732580 45.073517 125.021591
v -3.103614 44.418716 122.999054
v 14.910030 44.517159 123.236298
v 23.585449 45.217537 125.464264
v 5.833841 44.517159 123.236298
v -2.744246 33.224892 123.520950
v -3.055248 33.695793 122.480591
v -1.582120 33.594559 121.947952
v -1.608562 32.918163 124.124405
v 24.648565 33.224892 123.520950
v 23.708330 32.918163 124.124405
v 23.682533 33.594559 121.947952
v 24.994576 33.695793 122.480591
v 20.279385 62.100685 115.757935
v -3.188956 54.052917 118.323036
v -2.119815 58.973145 117.113907
v -3.089595 43.702827 120.707733
v -3.055248 39.002125 121.562088
v 24.994576 39.002125 121.562088
v 25.042948 44.418716 122.999054
v 25.028906 43.702827 120.707733
v 25.142408 54.717705 120.260757
v 25.128275 54.052917 118.323036
v 24.023453 58.973145 117.113907
v 24.036469 59.836998 118.732841
v 22.420628 60.738396 116.416954
v 24.023453 58.973145 117.113907
v -1.335474 55.279106 122.073158
v 5.809204 54.818810 120.680313
v -1.785915 45.217537 125.464264
v 14.932974 54.818810 120.680313
v 20.714420 60.231941 119.906479
v 23.132956 55.279106 122.073158
v 24.721582 55.194611 121.755234
v 24.636976 45.073517 125.021591
v -0.689411 56.645424 117.095367
v -1.419123 53.854004 117.852257
v -0.633927 56.369972 116.527214
v -0.689411 56.645424 117.095367
v 1.087166 58.624115 115.864494
v 2.375875 59.913803 115.366035
v 22.782421 56.645424 117.095367
v 21.021078 58.910271 116.429504
v 19.566988 60.206070 115.928680
v 5.122786 61.014923 114.687592
v 16.104549 61.014923 114.687592
v 19.526724 59.913803 115.366035
v 22.782421 56.645424 117.095367
v 22.726984 56.369972 116.527214
v 20.973948 58.624115 115.864494
v 23.517138 53.854004 117.852257
v 22.782421 56.645424 117.095367
v -1.582120 38.877426 121.033516
v -1.613230 43.571404 120.227654
v 23.682533 38.877426 121.033516
v 23.713291 43.571404 120.227654
v 23.682533 33.594559 121.947952
v 23.708330 32.918163 124.124405
v 23.622841 32.307255 121.590385
v 21.846338 30.360037 124.013680
v 21.798857 30.155329 122.038757
v -1.360193 53.591743 117.280518
v -1.419123 53.854004 117.852257
v 11.372246 53.591743 117.280518
v 23.517138 53.854004 117.852257
v 23.458216 53.591743 117.280518
v -1.553393 43.357750 119.644691
v -1.613230 43.571404 120.227654
v 23.713291 43.571404 120.227654
v 23.653461 43.357750 119.644691
v 11.145117 43.340805 119.590790
v 23.622841 38.685955 120.446747
v 23.682533 38.877426 121.033516
v -1.608562 32.918163 124.124405
v -1.582120 33.594559 121.947952
v -1.522433 32.307255 121.590385
v 0.253447 30.360037 124.013680
v 0.301446 30.155329 122.038757
v 11.049877 29.659349 123.837051
v 11.049877 29.470613 121.912918
v -1.582120 38.877426 121.033516
v -1.522433 38.685955 120.446747
v 11.050192 38.669006 120.392853
v 10.398329 38.900776 141.797882
v 10.399357 39.260925 144.931152
v 19.859497 39.321953 145.074799
v 19.845575 38.988796 141.972153
v 19.844063 30.493742 123.280998
v 19.587795 29.059542 123.669067
v 10.336678 28.429070 123.402802
v 10.329283 29.862183 123.008713
v 10.342958 28.481066 124.959503
v 19.583263 29.065386 125.217903
v 19.859991 32.378227 145.549728
v 10.399858 32.422523 145.406128
v 10.402435 31.993155 144.202667
v 19.840990 31.974911 144.361145
v 10.392164 34.137001 146.256073
v 19.973110 34.114670 146.391785
v 19.973110 38.064468 146.332840
v 10.392164 38.039227 146.192596
v 19.854156 32.535988 123.023460
v 10.328819 31.904356 122.750786
v 10.336206 33.301292 122.807274
v 19.597881 33.931835 123.073929
v 24.456991 33.298779 124.024902
v 23.990679 34.692993 124.066299
v 24.441835 31.256432 124.281860
v 1.239794 32.535431 123.020370
v 1.510215 33.931290 123.070892
v 1.531696 34.577576 124.554268
v 10.342838 33.965714 124.301651
v 19.585772 34.578030 124.556801
v 23.829195 35.309402 125.473457
v 1.250590 30.493187 123.277916
v -1.917526 39.290718 145.001266
v 1.337379 39.323723 145.078949
v 1.348438 38.989368 141.975327
v -1.764621 39.062866 142.068863
v -2.081033 29.768305 126.135216
v -2.851962 30.124126 126.534668
v -2.233668 29.820051 124.657822
v -3.357528 31.584463 126.177620
v -2.706693 31.255873 124.278778
v 1.337881 32.376877 145.553879
v -1.917039 32.409966 145.477081
v -1.803142 32.003738 144.355331
v 1.359775 31.974190 144.364914
v -3.063760 32.472282 142.201294
v -1.763609 32.055733 142.513229
v -3.283290 32.925934 145.108643
v -1.803142 32.003738 144.355331
v -3.283290 32.925934 145.108643
v -3.479166 34.389915 145.804916
v -2.110112 34.125511 146.286041
v -2.110112 38.044922 146.224197
v -3.486718 37.684898 145.696136
v -3.297002 38.665230 144.666260
v -2.722090 33.298225 124.021812
v -3.373645 33.654083 125.919052
v -2.868057 35.062538 125.933876
v -2.249058 34.692448 124.063263
v -2.722090 33.298225 124.021812
v 1.534401 29.064936 125.215370
v 1.521011 29.058998 123.666039
v -2.233668 29.820051 124.657822
v -2.081033 29.768305 126.135216
v -2.706693 31.255873 124.278778
v 1.214903 34.114067 146.396210
v 1.214903 38.065285 146.337387
v -2.084892 35.308952 125.470924
v -3.079922 38.510429 141.846832
v -3.572151 36.931068 142.116623
v -3.555989 34.266098 142.117249
v -3.479166 34.389915 145.804916
v 25.001108 32.470459 142.172546
v 25.220116 32.936760 145.074158
v 23.529945 32.055527 142.510086
v 23.571148 32.004463 144.351562
v 25.220116 32.936760 145.074158
v 23.684713 32.411320 145.472931
v 23.571148 32.004463 144.351562
v 25.490505 34.256798 142.047226
v 25.415577 34.393757 145.763641
v 23.684221 39.288960 144.997116
v 23.528946 39.062294 142.065689
v 23.875629 34.126114 146.281631
v 23.875629 38.044102 146.219650
v 25.508032 36.927109 142.092911
v 25.018635 38.513947 141.864365
v 25.236305 38.670425 144.677582
v 25.425152 37.682503 145.681808
v 25.261896 33.653908 125.917953
v 24.456991 33.298779 124.024902
v 24.758146 35.062943 125.936020
v 25.245583 31.583649 126.172844
v 24.441835 31.256432 124.281860
v 24.741838 30.123899 126.533134
v 23.825397 29.768763 126.137749
v 23.975523 29.820599 124.660858
v 23.975523 29.820599 124.660858
v 23.825397 29.768763 126.137749
v 25.415577 34.393757 145.763641
v -15.056716 56.870682 82.479782
v -14.575232 56.945122 86.089462
v -6.137955 57.121780 86.050293
v -6.137955 57.173653 82.220154
v -22.660728 56.179115 83.046738
v -21.772354 56.541878 86.589630
v -30.722605 54.835304 84.739502
v -29.402836 55.758339 88.224350
v -35.243759 54.772499 86.892288
v -33.682060 55.721718 90.379547
v -37.728016 55.760330 89.259995
v -39.238926 56.087128 92.494469
v -36.754841 56.210350 93.557831
v -41.011478 57.047150 104.026642
v -40.055882 57.081833 103.104774
v -39.092487 56.709122 97.031906
v -40.699409 56.465919 95.741684
v -14.777158 55.996078 87.578156
v -6.137955 56.165146 87.540680
v -21.665390 55.610138 88.074677
v -28.968380 54.860222 89.698425
v -6.137955 51.801147 87.565781
v -14.698353 51.621002 87.603401
v -21.593838 51.664780 88.097580
v -28.908049 51.577820 89.717743
v -33.063946 54.825172 91.839676
v -35.829346 55.292831 94.724365
v -33.003426 51.534805 91.859070
v -35.770775 51.558067 94.734558
v -37.853241 55.770203 97.898743
v -37.792397 51.340683 97.900757
v -30.359102 29.256149 168.584991
v -29.869514 22.908459 167.101440
v -33.248981 22.857986 166.167816
v -33.483131 29.006861 167.570679
v -38.576202 29.069214 166.739319
v -38.576210 22.871719 165.336456
v -38.576202 35.252216 169.973297
v -33.527374 35.180851 170.804657
v -28.464821 30.009327 171.126480
v -27.677238 23.062927 169.400864
v -31.236237 34.969814 171.268051
v -38.576202 49.479401 174.626373
v -38.576202 41.391792 175.602081
v -39.626774 41.205635 174.123550
v -39.626774 49.357086 173.175995
v -38.576202 37.805466 172.663391
v -39.626774 38.516361 171.922180
v -39.714474 49.473495 170.793793
v -25.108147 23.217546 171.637634
v -25.996834 30.762848 173.605316
v -6.137955 31.010860 174.431900
v -6.137955 23.267113 172.383484
v -33.253250 37.735596 173.494751
v -30.186251 36.790016 173.346100
v -28.233271 39.242287 176.076614
v -32.920296 41.321587 176.434387
v -28.240355 41.320648 176.622650
v -32.634720 49.461365 175.456543
v -27.883839 49.401825 175.651810
v -6.137955 41.327366 176.685104
v -6.137955 49.063469 175.862305
v -6.137955 39.242287 176.533051
v -40.202656 57.434242 110.938911
v -40.055882 57.081833 103.104774
v -41.011478 57.047150 104.026642
v -41.060238 57.421982 110.980072
v -40.241512 57.854469 117.716606
v -41.111946 57.817429 117.871719
v -39.677311 35.909767 168.498596
v -39.626774 29.379671 165.449112
v -39.626774 22.935448 164.223083
v -39.674290 58.384346 160.452316
v -39.571857 22.995768 160.384979
v -39.580681 26.056915 160.390793
v -39.580681 26.056915 160.390793
v -39.419590 22.966507 118.164902
v -39.430695 25.897842 120.630318
v 2.780807 56.870682 82.479782
v 2.299322 56.945122 86.089462
v 10.384819 56.179115 83.046738
v 9.496446 56.541878 86.589630
v 18.446695 54.835304 84.739502
v 17.126926 55.758339 88.224350
v 21.406149 55.721718 90.379547
v 22.967848 54.772499 86.892288
v 25.452106 55.760330 89.259995
v 24.478931 56.210350 93.557831
v 26.963017 56.087128 92.494469
v 28.735569 57.047150 104.026642
v 28.423500 56.465919 95.741684
v 26.816578 56.709122 97.031906
v 27.779972 57.081833 103.104774
v 2.501248 55.996078 87.578156
v 9.389481 55.610138 88.074677
v 16.692471 54.860222 89.698425
v 2.422443 51.621002 87.603401
v 9.317929 51.664780 88.097580
v 16.632139 51.577820 89.717743
v 20.788036 54.825172 91.839676
v 23.553438 55.292831 94.724365
v 20.727516 51.534805 91.859070
v 23.494864 51.558067 94.734558
v 25.577332 55.770203 97.898743
v 26.931255 56.116768 103.755692
v 25.516485 51.340683 97.900757
v 26.894520 51.071793 103.969620
v 18.083193 29.256149 168.584991
v 21.207222 29.006861 167.570679
v 20.973072 22.857986 166.167816
v 17.593605 22.908459 167.101440
v 26.300293 29.069214 166.739319
v 26.300301 22.871719 165.336456
v 26.300293 35.252216 169.973297
v 21.251465 35.180851 170.804657
v 15.401329 23.062927 169.400864
v 16.188911 30.009327 171.126480
v 18.960327 34.969814 171.268051
v 26.300293 49.479401 174.626373
v 27.350864 49.357086 173.175995
v 27.350864 41.205635 174.123550
v 26.300293 41.391792 175.602081
v 26.300293 37.805466 172.663391
v 27.350864 38.516361 171.922180
v 27.438564 49.473495 170.793793
v 12.832237 23.217546 171.637634
v -6.137955 23.267113 172.383484
v -6.137955 31.010860 174.431900
v 13.720924 30.762848 173.605316
v 20.977339 37.735596 173.494751
v 17.910341 36.790016 173.346100
v 15.957361 39.242287 176.076614
v 20.644386 41.321587 176.434387
v 15.964445 41.320648 176.622650
v 20.358809 49.461365 175.456543
v 15.607929 49.401825 175.651810
v -6.137955 41.327366 176.685104
v -6.137955 49.063469 175.862305
v -6.137955 39.242287 176.533051
v 27.926746 57.434242 110.938911
v 28.784328 57.421982 110.980072
v 28.735569 57.047150 104.026642
v 27.779972 57.081833 103.104774
v 27.965603 57.854469 117.716606
v 28.836037 57.817429 117.871719
v 27.401402 35.909767 168.498596
v 27.350864 29.379671 165.449112
v 27.350864 22.935448 164.223083
v 27.398380 58.384346 160.452316
v 27.304771 26.056915 160.390793
v 27.295948 22.995768 160.384979
v 27.304771 26.056915 160.390793
v 27.154785 25.897842 120.630318
v 27.143681 22.966507 118.164902
v 29.003742 59.131126 147.393982
v 28.166172 59.157082 147.334106
v 28.263283 59.444214 160.704987
v 29.043537 59.475250 161.255219
v 28.905731 58.351089 127.172142
v 28.019855 58.440948 127.175751
v 27.965603 57.854469 117.716606
v 28.836037 57.817429 117.871719
v 27.306782 58.133743 147.456207
v 27.398380 58.384346 160.452316
v 27.304771 26.056915 160.390793
v 27.154785 25.897842 120.630318
v -39.384995 56.867363 117.744431
v -39.411705 31.764366 117.768402
v -39.207165 56.116768 103.755692
v -39.170429 51.071793 103.969620
v -39.345432 56.444450 110.939117
v -39.207165 56.116768 103.755692
v -39.170429 51.071793 103.969620
v -39.269062 38.729019 110.279953
v -39.384995 56.867363 117.744431
v -39.418995 27.998644 118.506821
v -39.405716 22.963840 114.318275
v -39.411705 31.764366 117.768402
v -39.269062 38.729019 110.279953
v -39.411705 31.764366 117.768402
v -39.405716 22.963840 114.318275
v -39.418995 27.998644 118.506821
v -39.430695 25.897842 120.630318
v -39.419590 22.966507 118.164902
v -39.405716 22.963840 114.318275
v -39.411705 31.764366 117.768402
v 26.931255 56.116768 103.755692
v 27.069523 56.444450 110.939117
v 26.894520 51.071793 103.969620
v 26.993153 38.729019 110.279953
v 27.109085 56.867363 117.744431
v 27.143085 27.998644 118.506821
v 27.135796 31.764366 117.768402
v 27.129807 22.963840 114.318275
v 27.135796 31.764366 117.768402
v 26.993153 38.729019 110.279953
v 27.129807 22.963840 114.318275
v 27.143681 22.966507 118.164902
v 27.154785 25.897842 120.630318
v 27.143085 27.998644 118.506821
v 27.129807 22.963840 114.318275
v 27.163940 57.453468 127.175705
v 27.109085 56.867363 117.744431
v 27.143085 27.998644 118.506821
v 27.135796 31.764366 117.768402
v 27.135796 31.764366 117.768402
vn 0.7001 -0.5437 -0.4629
vn -0.0000 -0.7971 -0.6039
vn -0.0000 -0.7023 -0.7119
vn 0.5306 -0.6040 -0.5947
vn -0.7001 0.6800 0.2178
vn -0.0000 0.9334 0.3588
vn -0.0000 0.9711 0.2385
vn -0.6709 0.7350 0.0978
vn 0.7001 0.6800 0.2179
vn 0.6709 0.7350 0.0978
vn 0.9901 0.0681 -0.1225
vn 0.9583 0.2806 -0.0540
vn -0.0000 0.8739 0.4862
vn 0.7037 0.6209 0.3454
vn 0.6674 0.7440 -0.0329
vn -0.0000 0.9965 0.0831
vn -0.7037 0.6209 0.3454
vn -0.6674 0.7440 -0.0328
vn 0.9583 0.2806 -0.0539
vn 0.5306 -0.6040 -0.5946
vn 0.3144 -0.8640 0.3933
vn 0.5023 -0.2703 0.8214
vn 0.5491 -0.4775 -0.6859
vn -0.0000 -0.6311 -0.7757
vn -0.0000 -0.0802 -0.9968
vn 0.3302 0.0086 -0.9439
vn -0.9223 0.2806 -0.2657
vn -0.3922 0.7473 -0.5364
vn -0.5534 0.4643 -0.6915
vn -0.0000 0.8892 -0.4575
vn 0.3922 0.7473 -0.5364
vn 0.9227 0.2777 -0.2675
vn 0.5534 0.4626 -0.6926
vn 0.8523 -0.1209 -0.5089
vn 0.4923 0.2332 -0.8386
vn 0.4798 -0.1341 0.8671
vn 0.2899 -0.8600 0.4199
vn 0.2359 -0.8182 0.5244
vn 0.3755 -0.1955 0.9060
vn -0.2545 0.9622 -0.0966
vn -0.0817 0.9920 -0.0965
vn -0.0000 0.7567 -0.6538
vn -0.2049 0.7007 -0.6834
vn -0.3319 0.0100 -0.9433
vn 0.2059 0.6998 -0.6840
vn -0.4921 0.2334 -0.8387
vn 0.4250 0.5855 -0.6903
vn 0.2428 0.2444 -0.9388
vn 0.3430 0.4185 -0.8410
vn -0.0000 0.1565 -0.9877
vn -0.2428 0.2444 -0.9388
vn -0.3431 0.4196 -0.8404
vn -0.4248 0.5855 -0.6905
vn -0.2607 0.7507 -0.6070
vn -0.0000 0.8697 -0.4935
vn -0.0000 0.4862 -0.8739
vn 0.2633 0.7505 -0.6061
vn 0.2490 0.5583 -0.7914
vn 0.4534 0.3807 -0.8059
vn 0.3678 0.0939 -0.9252
vn -0.0000 -0.0393 -0.9992
vn -0.3678 0.0938 -0.9252
vn -0.4552 0.3816 -0.8045
vn -0.2490 0.5583 -0.7913
vn 0.6879 -0.7137 -0.1321
vn -0.0000 -0.9627 -0.2707
vn -0.7001 -0.5437 -0.4629
vn -0.0001 -0.7971 -0.6038
vn -0.0001 -0.9627 -0.2706
vn -0.6879 -0.7137 -0.1321
vn -0.9901 0.0682 -0.1225
vn -0.9728 -0.1125 0.2023
vn -0.6879 0.4886 0.5367
vn -0.0000 0.7376 0.6753
vn 0.6879 0.4886 0.5367
vn 0.9728 -0.1125 0.2023
vn 0.6646 -0.7468 -0.0247
vn -0.0000 -0.9874 -0.1585
vn -0.6646 -0.7468 -0.0247
vn -0.9399 -0.1660 0.2984
vn -0.6646 0.4148 0.6215
vn -0.0000 0.6553 0.7554
vn 0.6646 0.4147 0.6215
vn 0.9399 -0.1660 0.2984
vn 0.7071 -0.6179 -0.3438
vn -0.0000 -0.8739 -0.4862
vn -0.7071 -0.6179 -0.3438
vn -1.0000 -0.0000 -0.0000
vn -0.7071 0.6179 0.3438
vn 0.7071 0.6179 0.3438
vn 1.0000 -0.0000 -0.0000
vn -0.5323 -0.5988 -0.5984
vn -0.9580 0.2789 -0.0661
vn -0.9067 0.3916 0.1565
vn -0.5521 -0.4753 -0.6850
vn -0.3971 -0.7869 -0.4723
vn 0.0786 0.4859 -0.8705
vn -0.8523 -0.1209 -0.5089
vn -0.0000 -0.8739 -0.4861
vn -0.3971 -0.7870 -0.4723
vn -0.5521 -0.4754 -0.6850
vn -0.3210 -0.8576 0.4020
vn -0.5021 -0.2714 0.8211
vn -0.4762 -0.1323 0.8693
vn -0.2886 -0.8571 0.4266
vn 0.0494 0.9929 -0.1083
vn 0.0791 0.9927 -0.0907
vn 0.3857 -0.3662 -0.8468
vn 0.3582 0.5960 -0.7187
vn 0.3367 -0.4413 -0.8318
vn -0.3210 -0.8576 0.4019
vn -0.8523 -0.1208 -0.5089
vn 0.2574 0.9624 -0.0863
vn -0.3713 -0.1909 0.9087
vn -0.2312 -0.8205 0.5228
vn -0.2312 -0.8206 0.5227
vn 0.5162 -0.3482 -0.7825
vn 0.3922 0.5574 -0.7318
vn -0.9067 0.3916 0.1564
vn -0.5324 -0.5987 -0.5984
vn -0.9580 0.2789 -0.0660
vn 0.3959 -0.7883 -0.4710
vn 0.9058 0.3948 0.1539
vn -0.0775 0.4896 -0.8685
vn 0.8523 -0.1210 -0.5088
vn 0.9058 0.3947 0.1539
vn 0.3145 -0.8639 0.3933
vn 0.5306 -0.6041 -0.5946
vn -0.3309 -0.4548 -0.8268
vn -0.0505 0.9925 -0.1116
vn -0.3567 0.6021 -0.7143
vn -0.3911 0.5575 -0.7323
vn -0.5118 -0.3593 -0.7803
vn -0.3806 -0.3837 -0.8414
vn 0.5491 -0.4775 -0.6860
vn -0.9239 0.3344 0.1860
vn -0.6248 0.5843 -0.5179
vn -0.4782 0.7760 -0.4113
vn -0.3827 0.8074 0.4491
vn -0.2588 0.9041 -0.3400
vn -0.0000 0.9491 -0.3150
vn 0.3827 0.8073 0.4492
vn -0.0000 0.8739 0.4861
vn 0.2588 0.9041 -0.3400
vn 0.4782 0.7760 -0.4113
vn 0.9239 0.3344 0.1860
vn 0.6248 0.5843 -0.5179
vn 0.6762 0.3581 -0.6438
vn 0.9239 -0.3344 -0.1860
vn 0.6248 0.1320 -0.7696
vn 0.4782 -0.0597 -0.8762
vn 0.3827 -0.8074 -0.4491
vn 0.2588 -0.1879 -0.9475
vn -0.0000 -0.2329 -0.9725
vn -0.3827 -0.8074 -0.4491
vn -0.2588 -0.1878 -0.9475
vn -0.4782 -0.0597 -0.8762
vn -0.9239 -0.3344 -0.1860
vn -0.6248 0.1320 -0.7696
vn -0.6762 0.3581 -0.6438
vn 0.0564 0.4648 -0.8836
vn 0.0432 0.4475 -0.8932
vn 0.0234 0.4359 -0.8997
vn -0.0000 0.4319 -0.9019
vn -0.0234 0.4360 -0.8997
vn -0.0432 0.4475 -0.8932
vn -0.0564 0.4648 -0.8836
vn -0.0610 0.4852 -0.8722
vn -0.0564 0.5057 -0.8609
vn -0.0432 0.5230 -0.8513
vn -0.0234 0.5345 -0.8448
vn -0.0000 0.5386 -0.8426
vn 0.0234 0.5346 -0.8448
vn 0.0432 0.5230 -0.8513
vn 0.0564 0.5057 -0.8609
vn 0.0610 0.4853 -0.8722
vn 0.6813 0.0817 -0.7274
vn 0.5215 -0.1274 -0.8437
vn 0.2822 -0.2671 -0.9214
vn 0.0001 -0.3161 -0.9487
vn -0.0000 -0.3161 -0.9487
vn -0.2822 -0.2671 -0.9214
vn -0.5215 -0.1274 -0.8437
vn -0.6813 0.0817 -0.7274
vn -0.7375 0.3283 -0.5902
vn -0.6813 0.5750 -0.4530
vn -0.5215 0.7840 -0.3367
vn -0.2822 0.9237 -0.2590
vn -0.0000 0.9728 -0.2317
vn 0.2822 0.9237 -0.2590
vn 0.5215 0.7840 -0.3367
vn 0.6813 0.5750 -0.4530
vn 0.7375 0.3283 -0.5902
vn 0.3827 0.8074 0.4492
vn 0.6813 -0.5750 0.4530
vn 0.5215 -0.7840 0.3367
vn 0.2822 -0.9237 0.2590
vn -0.0000 -0.9728 0.2317
vn -0.0001 -0.9728 0.2317
vn -0.2822 -0.9237 0.2590
vn -0.5215 -0.7840 0.3367
vn -0.6813 -0.5750 0.4530
vn -0.7375 -0.3283 0.5902
vn -0.6813 -0.0817 0.7274
vn -0.5215 0.1274 0.8437
vn -0.2822 0.2671 0.9214
vn -0.0000 0.3161 0.9487
vn 0.2822 0.2671 0.9214
vn 0.5215 0.1274 0.8437
vn 0.6813 -0.0817 0.7274
vn 0.7375 -0.3283 0.5902
vn 0.0564 -0.5057 0.8609
vn 0.0432 -0.5230 0.8513
vn 0.0234 -0.5346 0.8448
vn -0.0000 -0.5386 0.8426
vn -0.0234 -0.5345 0.8448
vn -0.0432 -0.5230 0.8512
vn -0.0564 -0.5057 0.8609
vn -0.0610 -0.4853 0.8722
vn -0.0564 -0.4648 0.8836
vn -0.0432 -0.4475 0.8932
vn -0.0234 -0.4360 0.8997
vn -0.0000 -0.4319 0.9019
vn 0.0234 -0.4359 0.8997
vn 0.0432 -0.4475 0.8932
vn 0.0564 -0.4648 0.8836
vn 0.0610 -0.4852 0.8722
vn -0.6248 -0.1320 0.7696
vn -0.4782 0.0597 0.8762
vn -0.2588 0.1878 0.9475
vn -0.0000 0.2328 0.9725
vn 0.2588 0.1878 0.9475
vn 0.4782 0.0597 0.8762
vn 0.6248 -0.1320 0.7696
vn 0.6762 -0.3581 0.6438
vn 0.6248 -0.5843 0.5180
vn 0.4782 -0.7760 0.4113
vn 0.2588 -0.9041 0.3401
vn -0.0000 -0.9491 0.3150
vn -0.2588 -0.9041 0.3400
vn -0.4782 -0.7760 0.4113
vn -0.6247 -0.5843 0.5180
vn -0.6762 -0.3582 0.6438
vn -0.4782 0.0598 0.8762
vn -0.6248 -0.1319 0.7696
vn -0.2588 0.1879 0.9475
vn 0.2588 0.1879 0.9475
vn 0.6248 -0.1320 0.7695
vn 0.6763 -0.3582 0.6437
vn 0.6248 -0.5843 0.5179
vn 0.4782 -0.7760 0.4112
vn 0.2588 -0.9041 0.3400
vn -0.6248 -0.5843 0.5179
vn -0.6763 -0.3581 0.6437
vn -0.1104 0.9935 -0.0276
vn -0.1691 0.9855 -0.0138
vn 0.3045 0.9524 -0.0126
vn 0.4748 0.8798 -0.0218
vn 0.4798 0.8767 -0.0350
vn -0.0711 0.9965 -0.0446
vn 0.4983 0.8656 -0.0499
vn -0.0771 0.9952 -0.0599
vn 0.9982 0.0602 0.0058
vn 0.9994 0.0357 0.0043
vn 0.9990 0.0452 0.0046
vn 1.0000 0.0017 0.0040
vn 1.0000 0.0003 0.0052
vn 1.0000 -0.0011 0.0068
vn 0.1006 -0.0000 0.9949
vn -0.1006 -0.0000 0.9949
vn 0.1006 -0.0000 -0.9949
vn -0.1006 -0.0000 -0.9949
vn -0.9933 -0.0000 0.1157
vn -0.9933 -0.0000 -0.1158
vn -0.9933 -0.0000 -0.1157
vn 0.9933 -0.0000 -0.1157
vn 0.9933 -0.0000 0.1157
vn 0.9933 0.0001 -0.1157
vn 0.9933 -0.0000 -0.1158
vn -0.0000 1.0000 -0.0000
vn -0.2335 0.5449 0.8053
vn 0.2335 0.5449 0.8053
vn 0.1518 0.9873 0.0467
vn -0.1518 0.9873 0.0467
vn 0.2505 0.7081 -0.6602
vn -0.2505 0.7081 -0.6602
vn -0.1472 0.0926 -0.9848
vn 0.1472 0.0926 -0.9848
vn 0.1911 -0.5500 -0.8130
vn -0.1911 -0.5500 -0.8130
vn 0.9925 0.0687 0.1016
vn -0.9925 0.0687 0.1016
vn -0.9841 -0.0994 -0.1469
vn -0.2866 0.6451 -0.7083
vn 0.2866 0.6451 -0.7084
vn 0.9841 -0.0994 -0.1469
vn -0.3532 0.5242 0.7749
vn 0.3532 0.5243 0.7749
vn 0.2549 0.9609 0.1085
vn -0.2549 0.9609 0.1085
vn 0.3957 0.6905 -0.6055
vn -0.3957 0.6905 -0.6055
vn -0.2806 0.1143 -0.9530
vn 0.2806 0.1143 -0.9530
vn 0.3740 -0.5197 -0.7681
vn -0.3740 -0.5197 -0.7681
vn 0.9925 0.0687 0.1015
vn -0.9856 -0.0946 -0.1399
vn -0.4469 0.5879 -0.6742
vn 0.4470 0.5879 -0.6742
vn 0.9856 -0.0946 -0.1399
vn -0.4299 0.5059 0.7478
vn 0.4299 0.5059 0.7478
vn 0.2712 0.9606 -0.0602
vn -0.2712 0.9606 -0.0601
vn 0.3799 0.7015 -0.6030
vn -0.3799 0.7015 -0.6030
vn -0.2573 0.1375 -0.9565
vn 0.2573 0.1375 -0.9565
vn 0.3585 -0.5231 -0.7732
vn -0.3585 -0.5231 -0.7732
vn 0.9890 0.0830 0.1227
vn -0.9890 0.0830 0.1227
vn -0.9773 -0.1186 -0.1754
vn -0.4165 0.5903 -0.6914
vn 0.4165 0.5903 -0.6914
vn 0.9773 -0.1187 -0.1754
vn 0.3933 0.9179 0.0520
vn 0.3198 0.7502 -0.5788
vn -0.0001 0.7836 -0.6213
vn -0.0001 0.9982 0.0592
vn 0.4234 0.4200 -0.8027
vn 0.2634 -0.1402 -0.9545
vn 0.0005 -0.4058 -0.9140
vn -0.0000 0.5603 -0.8283
vn 0.3093 0.7208 0.6203
vn -0.0001 0.7446 0.6675
vn -0.2947 0.7239 0.6237
vn -0.3764 0.9250 0.0525
vn -0.3047 0.7539 -0.5821
vn -0.9828 -0.1652 -0.0821
vn -0.4051 0.4281 -0.8078
vn -0.4362 -0.8399 -0.3230
vn -0.2510 -0.1430 -0.9574
vn 0.4542 -0.8310 -0.3212
vn -0.0001 -0.9456 -0.3253
vn 0.9828 -0.1652 -0.0821
vn -0.4361 -0.8400 -0.3229
vn -0.9999 0.0097 -0.0033
vn -0.3716 0.3497 0.8600
vn 0.3879 0.3475 0.8537
vn 0.2458 0.4144 0.8762
vn 0.9775 0.2109 -0.0054
vn 0.9999 0.0097 -0.0033
vn -0.0002 0.3833 0.9236
vn -0.9775 0.2110 -0.0077
vn -0.2445 0.4130 0.8773
vn 0.2189 0.1140 0.9691
vn 0.2136 0.2146 0.9531
vn -0.2137 0.2146 0.9530
vn -0.2190 0.1141 0.9690
vn 0.1476 -0.2985 0.9429
vn -0.1476 -0.2985 0.9429
vn -0.3365 -0.9417 -0.0000
vn 0.3365 -0.9417 -0.0000
vn 0.9748 -0.2232 -0.0000
vn -0.9748 -0.2232 -0.0000
vn 0.9876 0.1571 -0.0000
vn -0.9876 0.1570 -0.0000
vn -0.3972 0.7020 0.5911
vn -0.6649 0.5453 0.5104
vn -0.6542 0.3722 0.6585
vn -0.3687 0.5384 0.7578
vn -0.1743 0.7676 0.6168
vn -0.1595 0.6076 0.7781
vn 0.0002 0.7834 0.6215
vn -0.0001 0.6243 0.7812
vn 0.1760 0.7671 0.6169
vn 0.1607 0.6070 0.7782
vn 0.4069 0.6997 0.5872
vn 0.3780 0.5342 0.7561
vn 0.6723 0.5407 0.5055
vn 0.6612 0.3669 0.6544
vn 0.0009 0.4663 -0.8846
vn -0.0112 0.4927 -0.8701
vn -0.0004 0.4614 -0.8872
vn 0.9798 -0.1819 -0.0831
vn 0.9599 -0.2804 -0.0031
vn -0.9797 -0.1824 -0.0830
vn -0.9599 -0.2805 -0.0031
vn 0.0642 0.4907 -0.8690
vn 0.1481 0.3813 -0.9125
vn -0.0641 0.4924 -0.8680
vn -0.1454 0.3821 -0.9126
vn -0.0655 0.4180 -0.9061
vn -0.0632 0.5538 -0.8303
vn -0.0010 0.5700 -0.8216
vn -0.0185 0.2179 -0.9758
vn -0.0867 0.4699 -0.8785
vn 0.0511 0.5590 -0.8276
vn -0.1117 0.6040 -0.7891
vn 0.0948 0.4702 -0.8775
vn 0.1236 0.6013 -0.7894
vn 0.0286 0.3641 -0.9309
vn 0.0443 0.4073 -0.9122
vn -0.0011 0.4680 -0.8837
vn 0.0110 0.4909 -0.8711
vn -0.0122 0.3561 -0.9344
vn 0.0028 0.3576 -0.9339
vn 0.0127 0.3536 -0.9353
vn -0.0430 0.4101 -0.9110
vn -0.0282 0.3671 -0.9298
vn -0.0015 0.5717 -0.8205
vn -0.0000 -0.2622 -0.9650
vn 0.3637 -0.2083 -0.9079
vn 0.4974 -0.7076 -0.5018
vn -0.0000 -0.8157 -0.5785
vn -0.3597 -0.2089 -0.9094
vn -0.0000 -0.2621 -0.9650
vn -0.0001 -0.8157 -0.5785
vn -0.4921 -0.7101 -0.5036
vn 0.9482 -0.2954 -0.1169
vn 0.9347 -0.3471 -0.0760
vn 0.9482 -0.2953 -0.1169
vn 0.0595 0.4206 -0.9053
vn 0.5317 -0.3490 -0.7717
vn 0.0505 -0.5452 -0.8368
vn 0.0198 0.2246 -0.9743
vn 0.0506 -0.5452 -0.8368
vn 0.7504 0.0033 -0.6609
vn 0.9213 -0.3172 -0.2249
vn -0.9213 -0.3172 -0.2250
vn -0.7477 0.0059 -0.6640
vn -0.0000 0.4241 -0.9056
vn 0.7505 0.0033 -0.6609
vn 0.0001 -0.2622 -0.9650
vn -0.3597 -0.2090 -0.9094
vn 0.9536 -0.2506 -0.1665
vn -0.9483 -0.2965 -0.1131
vn -0.9345 -0.3479 -0.0759
vn -0.9483 -0.2964 -0.1132
vn -0.0468 -0.5457 -0.8367
vn -0.5246 -0.3486 -0.7767
vn -0.9538 -0.2499 -0.1671
vn 0.5317 -0.3489 -0.7717
vn -0.0467 -0.5457 -0.8367
vn -0.1363 0.9513 0.2765
vn -0.1916 0.9643 0.1831
vn -0.0499 0.9537 0.2967
vn -0.0238 0.9202 0.3907
vn -0.0000 0.7624 0.6471
vn -0.0000 0.9225 0.3860
vn -0.0000 0.2498 0.9683
vn -0.0000 0.9248 0.3805
vn -0.0243 0.9612 -0.2749
vn -0.1821 0.9792 -0.0894
vn -0.0000 0.8516 -0.5241
vn -0.0418 0.9396 0.3397
vn -0.1856 0.8760 0.4452
vn -0.0076 0.9902 0.1395
vn -0.0000 0.9965 0.0839
vn -0.2754 0.9613 0.0088
vn -0.2176 0.9729 0.0786
vn -0.4194 0.9074 0.0265
vn -0.4732 0.8541 0.2157
vn -0.0141 0.8461 -0.5328
vn -0.4300 0.8845 -0.1808
vn -0.3664 0.8390 0.4023
vn -0.0000 0.9532 -0.3023
vn -0.0000 0.2358 0.9718
vn 0.1916 0.9643 0.1831
vn 0.1363 0.9513 0.2765
vn 0.0499 0.9537 0.2967
vn 0.0238 0.9202 0.3907
vn 0.0243 0.9612 -0.2749
vn 0.1821 0.9792 -0.0894
vn 0.0418 0.9396 0.3397
vn 0.1856 0.8760 0.4452
vn 0.0075 0.9902 0.1395
vn 0.2754 0.9613 0.0088
vn 0.2176 0.9729 0.0786
vn 0.4194 0.9074 0.0265
vn 0.4732 0.8541 0.2157
vn 0.0141 0.8461 -0.5328
vn 0.4300 0.8845 -0.1808
vn 0.3664 0.8390 0.4023
vn 0.0039 -0.9034 -0.4289
vn 0.0010 -0.9103 -0.4140
vn 0.0019 -0.9885 -0.1511
vn 0.0020 -0.9885 -0.1515
vn 0.0065 -0.8958 -0.4445
vn 0.0077 -0.8999 -0.4361
vn 0.0020 -0.9891 -0.1471
vn 0.0021 -0.9899 -0.1421
vn 0.0027 -0.1220 -0.9925
vn -0.0039 -0.1329 -0.9911
vn 0.0045 -0.0961 -0.9954
vn 0.0038 -0.1084 -0.9941
vn -0.0014 0.2310 -0.9730
vn -0.0009 0.2080 -0.9781
vn -0.0933 -0.9956 0.0002
vn -0.0947 -0.9955 0.0005
vn -0.0000 -1.0000 0.0007
vn -0.0000 -1.0000 0.0002
vn -0.0375 -0.3940 -0.9183
vn -0.0000 -0.3606 -0.9327
vn -0.0069 0.2645 -0.9644
vn -0.0027 0.2517 -0.9678
vn -0.0135 0.5354 -0.8445
vn -0.0135 0.5455 -0.8380
vn -0.1143 0.9860 -0.1217
vn -0.0840 0.9900 -0.1132
vn -0.1184 0.9925 -0.0288
vn -0.0858 0.9959 -0.0284
vn -0.0016 -0.0026 -1.0000
vn -0.0000 -0.0035 -1.0000
vn -0.6904 -0.7233 -0.0145
vn -0.6823 -0.7310 -0.0113
vn -0.0934 -0.9956 0.0002
vn -0.1853 -0.9169 -0.3534
vn -0.1791 -0.9739 -0.1395
vn -0.1470 -0.1492 -0.9778
vn -0.0178 -0.0871 -0.9960
vn -0.0107 0.5536 -0.8327
vn -0.0122 0.5519 -0.8338
vn -0.0000 0.5299 -0.8481
vn -0.0135 0.5035 -0.8639
vn -0.1429 0.9889 -0.0409
vn -0.0000 1.0000 -0.0025
vn -0.0000 0.2269 -0.9739
vn -0.0959 0.8824 -0.4606
vn -0.1305 0.9790 -0.1569
vn -0.1414 0.9895 -0.0304
vn -0.0111 0.2796 -0.9601
vn -0.0140 0.5223 -0.8526
vn -0.0065 0.2635 -0.9646
vn -0.0127 0.5042 -0.8635
vn -0.0039 -0.9034 -0.4289
vn -0.0020 -0.9885 -0.1515
vn -0.0020 -0.9885 -0.1512
vn -0.0010 -0.9103 -0.4140
vn -0.0065 -0.8958 -0.4445
vn -0.0021 -0.9899 -0.1421
vn -0.0020 -0.9891 -0.1471
vn -0.0052 -0.8999 -0.4361
vn 0.0039 -0.1329 -0.9911
vn -0.0026 -0.1220 -0.9925
vn -0.0038 -0.1084 -0.9941
vn -0.0044 -0.0961 -0.9954
vn 0.0014 0.2310 -0.9730
vn 0.0009 0.2080 -0.9781
vn 0.0933 -0.9956 0.0002
vn 0.0947 -0.9955 0.0005
vn 0.0375 -0.3940 -0.9183
vn 0.0069 0.2645 -0.9644
vn 0.0027 0.2517 -0.9678
vn 0.0135 0.5354 -0.8445
vn 0.0135 0.5455 -0.8380
vn 0.0016 -0.0026 -1.0000
vn 0.6904 -0.7233 -0.0145
vn 0.0934 -0.9956 0.0002
vn 0.6823 -0.7310 -0.0108
vn 0.1853 -0.9169 -0.3534
vn 0.1791 -0.9739 -0.1395
vn 0.1471 -0.1491 -0.9778
vn 0.0178 -0.0871 -0.9960
vn 0.0107 0.5536 -0.8327
vn 0.0122 0.5519 -0.8338
vn 0.0135 0.5035 -0.8639
vn 0.0959 0.8824 -0.4606
vn 0.1305 0.9789 -0.1569
vn 0.1414 0.9895 -0.0304
vn 0.1143 0.9860 -0.1216
vn 0.1184 0.9925 -0.0290
vn 0.0111 0.2796 -0.9601
vn 0.0140 0.5223 -0.8526
vn 0.0065 0.2635 -0.9646
vn 0.0127 0.5042 -0.8635
vn 0.0840 0.9900 -0.1132
vn 0.0858 0.9959 -0.0284
vn 0.0551 0.9980 -0.0308
vn 0.0547 0.9902 -0.1281
vn 0.0562 0.9980 0.0279
vn 0.0381 0.9992 -0.0097
vn 0.0739 0.9973 0.0013
vn -0.0000 0.9939 0.1107
vn -0.0000 1.0000 0.0014
vn 0.1429 0.9889 -0.0409
vn 0.0679 0.9885 -0.1349
vn -0.0551 0.9980 -0.0308
vn -0.0548 0.9902 -0.1281
vn -0.0562 0.9980 0.0279
vn -0.0381 0.9992 -0.0097
vn -0.0739 0.9973 0.0013
vn -0.0679 0.9885 -0.1349
vn 0.0011 0.9984 -0.0562
vn 0.0011 0.9502 -0.3117
vn -0.0405 0.9447 -0.3255
vn -0.0553 0.9970 -0.0533
vn -0.0904 0.9945 -0.0535
vn -0.0503 0.9335 -0.3550
vn -0.0661 0.9180 -0.3909
vn -0.1385 0.9886 -0.0589
vn -0.0664 0.9116 -0.4057
vn -0.1824 0.9821 -0.0464
vn -0.1673 0.9855 -0.0294
vn -0.1513 0.9882 -0.0241
vn 0.2058 0.8418 -0.4990
vn 0.0008 0.9977 -0.0678
vn -0.0259 0.9942 -0.1040
vn 0.6897 0.4761 -0.5455
vn 0.2971 -0.0000 -0.9548
vn 0.7165 -0.0000 -0.6976
vn 0.9163 -0.0000 -0.4004
vn 0.1569 -0.0000 -0.9876
vn -0.0000 -0.0000 -1.0000
vn 0.0389 -0.0000 -0.9992
vn 0.1081 -0.0000 -0.9941
vn 0.2225 0.9582 -0.1797
vn -0.3292 0.9437 -0.0315
vn 0.1478 0.8969 -0.4169
vn 0.7280 0.3747 -0.5742
vn -0.0030 0.1256 -0.9921
vn 0.4931 0.1218 -0.8614
vn 0.3928 -0.0001 -0.9196
vn 0.0035 -0.0007 -1.0000
vn 0.7722 0.3026 -0.5587
vn 0.9469 -0.0000 -0.3214
vn 0.0622 0.9962 -0.0609
vn 0.0354 0.9497 -0.3112
vn 0.0932 0.9938 -0.0611
vn 0.1359 0.9889 -0.0607
vn 0.0641 0.9172 -0.3933
vn 0.0504 0.9227 -0.3823
vn 0.0605 0.9069 -0.4169
vn 0.1794 0.9825 -0.0508
vn 0.1753 0.9841 -0.0298
vn 0.1423 0.9895 -0.0247
vn -0.2193 0.8289 -0.5147
vn -0.0294 0.9972 -0.0692
vn 0.0239 0.9940 -0.1071
vn -0.6897 0.4761 -0.5455
vn -0.7165 -0.0000 -0.6976
vn -0.2971 -0.0000 -0.9548
vn -0.9163 -0.0000 -0.4004
vn -0.1569 -0.0000 -0.9876
vn -0.0389 -0.0000 -0.9992
vn -0.1081 -0.0000 -0.9941
vn -0.2500 0.9544 -0.1632
vn -0.0358 0.9993 -0.0057
vn -0.1478 0.8969 -0.4169
vn -0.7280 0.3747 -0.5742
vn 0.0030 0.1256 -0.9921
vn -0.4931 0.1218 -0.8614
vn -0.0035 -0.0007 -1.0000
vn -0.3928 -0.0006 -0.9196
vn -0.7722 0.3026 -0.5587
vn -0.9469 -0.0000 -0.3214
vn -0.3866 0.9206 0.0547
vn 0.0001 0.9982 0.0592
vn 0.0001 0.7836 -0.6212
vn -0.3137 0.7517 -0.5801
vn -0.4170 0.4211 -0.8055
vn -0.0005 -0.4035 -0.9150
vn -0.2583 -0.1394 -0.9560
vn -0.3035 0.7220 0.6217
vn 0.0001 0.7447 0.6674
vn 0.3698 0.9276 0.0527
vn 0.2892 0.7251 0.6250
vn 0.2990 0.7552 -0.5833
vn 0.9822 -0.1684 -0.0836
vn 0.3989 0.4293 -0.8103
vn 0.4290 -0.8431 -0.3241
vn 0.2461 -0.1421 -0.9588
vn 0.0001 -0.9456 -0.3253
vn -0.4469 -0.8344 -0.3225
vn -0.9822 -0.1684 -0.0836
vn -0.4470 -0.8344 -0.3225
vn 0.4289 -0.8432 -0.3241
vn 0.3652 0.3507 0.8624
vn 0.9999 0.0099 -0.0034
vn -0.3813 0.3485 0.8563
vn -0.9999 0.0099 -0.0034
vn -0.9766 0.2150 -0.0077
vn -0.2410 0.4147 0.8775
vn 0.0002 0.3835 0.9235
vn 0.2396 0.4133 0.8785
vn 0.9766 0.2149 -0.0055
vn -0.2152 0.1141 0.9699
vn 0.2152 0.1141 0.9699
vn 0.2121 0.2104 0.9543
vn -0.2098 0.2147 0.9539
vn -0.1443 -0.2968 0.9440
vn 0.1443 -0.2968 0.9440
vn -0.3305 -0.9438 -0.0000
vn 0.3305 -0.9438 -0.0000
vn -0.9738 -0.2276 -0.0000
vn 0.9738 -0.2276 -0.0000
vn -0.9871 0.1602 -0.0000
vn 0.9871 0.1602 -0.0000
vn 0.6771 -0.5855 0.4457
vn -0.1175 -0.3709 0.9212
vn 0.3380 -0.9310 0.1382
vn 0.7262 -0.6682 0.1617
vn -0.6366 -0.6143 0.4662
vn -0.7102 -0.6799 0.1827
vn -0.3341 -0.9251 0.1804
vn 0.1023 -0.3710 0.9230
vn 0.1652 0.0579 0.9846
vn -0.8564 0.0063 0.5162
vn 0.1785 0.1591 0.9710
vn -0.8574 0.0733 0.5095
vn 0.0082 0.6365 0.7713
vn 0.0853 0.9428 -0.3222
vn -0.0820 0.9429 -0.3229
vn -0.0065 0.6379 0.7701
vn -0.1155 -0.2342 0.9653
vn -0.1300 0.0843 0.9879
vn 0.1219 0.0828 0.9891
vn 0.1079 -0.2370 0.9655
vn -0.1341 0.1703 0.9762
vn 0.1261 0.1699 0.9774
vn 0.0460 0.2871 0.9568
vn -0.0476 0.2849 0.9574
vn 0.8787 0.0676 0.4725
vn -0.2018 0.1585 0.9665
vn -0.1868 0.0579 0.9807
vn 0.8777 0.0057 0.4791
vn 0.9957 -0.0276 0.0882
vn 0.9965 0.0095 0.0828
vn 0.9440 0.3283 -0.0325
vn 0.4966 0.4712 0.7290
vn 0.7441 0.2564 0.6169
vn 0.9944 0.0766 0.0727
vn 0.3478 -0.0341 -0.9369
vn 0.5248 0.2313 -0.8192
vn 0.7845 0.1119 -0.6099
vn 0.4071 -0.0802 -0.9099
vn 0.2601 0.0324 -0.9650
vn 0.3342 0.4921 -0.8038
vn 0.0931 0.2192 -0.9712
vn 0.0624 0.4496 -0.8911
vn -0.0904 0.2333 -0.9682
vn -0.0591 0.4524 -0.8898
vn 0.9440 0.3284 -0.0326
vn 0.7066 0.6574 -0.2620
vn 0.3411 0.6522 0.6770
vn 0.3491 0.8784 -0.3263
vn 0.0631 0.6365 0.7687
vn -0.1111 0.3145 0.9427
vn -0.9948 -0.0307 0.0967
vn -0.9958 0.0107 0.0907
vn -0.4630 0.4765 0.7474
vn -0.3113 0.6560 0.6876
vn -0.6757 0.6848 -0.2729
vn -0.9383 0.3443 -0.0305
vn -0.0565 0.6363 0.7693
vn -0.3168 0.8892 -0.3302
vn 0.8383 0.1481 0.5247
vn 0.9963 0.0139 0.0851
vn 0.1148 0.2400 0.9640
vn 0.1614 0.2558 0.9532
vn -0.1220 0.2388 0.9634
vn 0.5169 -0.8399 -0.1657
vn 0.6766 -0.7364 0.0022
vn 0.7462 -0.2219 -0.6276
vn 0.8692 -0.1971 -0.4534
vn -0.5435 -0.8267 -0.1454
vn -0.8926 -0.1805 -0.4132
vn -0.7825 -0.2025 -0.5889
vn -0.6876 -0.7257 0.0229
vn -0.3030 0.5126 -0.8034
vn 0.8675 -0.0709 -0.4924
vn 0.7846 0.1119 -0.6099
vn 0.8676 -0.1105 -0.4849
vn 0.8943 -0.0798 -0.4403
vn -0.9132 -0.0729 -0.4008
vn -0.9955 0.0160 0.0931
vn -0.8888 -0.1025 -0.4467
vn -0.9935 0.0809 0.0805
vn -0.8874 -0.0598 -0.4572
vn -0.7961 0.1382 -0.5892
vn -0.9384 0.3443 -0.0305
vn -0.5205 0.2779 -0.8074
vn -0.7960 0.1382 -0.5892
vn -0.1468 0.2919 0.9451
vn -0.1825 0.2547 0.9496
vn -0.0978 0.2595 0.9608
vn 0.0918 0.2613 0.9609
vn 0.0984 0.3164 0.9435
vn 0.1294 0.2932 0.9473
vn -0.7148 0.2669 0.6464
vn -0.8151 0.1576 0.5575
vn 0.5005 -0.1638 -0.8501
vn 0.0563 -0.2460 -0.9676
vn 0.0615 -0.2711 -0.9606
vn 0.4070 -0.0801 -0.9099
vn 0.0951 -0.3054 -0.9475
vn -0.4335 -0.0627 -0.8990
vn -0.3542 -0.0055 -0.9352
vn -0.2435 0.0740 -0.9671
vn 0.0437 -0.1958 -0.9797
vn -0.0396 -0.1950 -0.9800
vn -0.0894 -0.2870 -0.9538
vn -0.0624 -0.2663 -0.9619
vn -0.0592 -0.2442 -0.9679
vn -0.5371 -0.1554 -0.8291
vn 0.6025 -0.1393 -0.7859
vn 0.5656 -0.1694 -0.8071
vn -0.6447 -0.1336 -0.7527
vn -0.6051 -0.1631 -0.7792
vn -0.7824 -0.2025 -0.5889
vn -0.0953 -0.2212 -0.9706
vn -0.6877 -0.7257 0.0229
vn -0.0772 -0.4033 -0.9118
vn -0.2734 -0.9564 0.1032
vn 0.0561 -0.2274 -0.9722
vn -0.0003 -0.2429 -0.9701
vn -0.0582 -0.2271 -0.9721
vn 0.0507 -0.2053 -0.9774
vn 0.5656 -0.1693 -0.8071
vn -0.0520 -0.2049 -0.9774
vn -0.6052 -0.1631 -0.7792
vn -0.0000 -0.2059 -0.9786
vn -0.0681 -0.1719 -0.9828
vn 0.6766 -0.7364 0.0023
vn 0.0954 -0.2212 -0.9705
vn 0.7462 -0.2220 -0.6276
vn 0.2734 -0.9565 0.1016
vn 0.0772 -0.4034 -0.9118
vn -0.0000 -0.4513 -0.8924
vn -0.0000 -0.9950 0.0996
vn 0.0678 -0.1720 -0.9828
vn -0.0000 -0.1715 -0.9852
vn -0.0000 0.9715 -0.2371
vn 0.0366 0.9726 -0.2294
vn 0.0055 0.9763 0.2161
vn -0.0003 0.9801 0.1984
vn -0.1099 -0.1901 -0.9756
vn -0.0001 -0.1873 -0.9823
vn -0.0001 -0.8137 -0.5813
vn -0.1222 -0.7866 -0.6052
vn -0.0002 -0.9998 0.0189
vn -0.1013 -0.9948 0.0099
vn 0.0038 -0.6817 0.7316
vn 0.0029 -0.9442 0.3292
vn -0.0001 -0.9444 0.3287
vn -0.0002 -0.6902 0.7236
vn -0.0003 -0.1369 0.9906
vn 0.0023 -0.1340 0.9910
vn -0.0003 0.2472 0.9690
vn 0.0023 0.2417 0.9704
vn -0.1003 -0.0539 -0.9935
vn -0.0153 0.5755 -0.8177
vn -0.0002 0.5761 -0.8173
vn -0.0001 -0.0619 -0.9981
vn -0.4947 0.0038 -0.8691
vn -0.2526 0.5839 -0.7715
vn -0.5044 -0.2076 -0.8381
vn 0.0173 0.5728 -0.8195
vn 0.1088 -0.0532 -0.9926
vn -0.0000 0.9625 -0.2712
vn -0.0444 0.9628 -0.2664
vn 0.0414 0.9632 -0.2656
vn 0.0021 0.9701 -0.2426
vn 0.1190 -0.1911 -0.9743
vn 0.1253 0.9655 0.2285
vn 0.0320 0.9777 -0.2074
vn -0.0396 0.9724 -0.2301
vn -0.0062 0.9762 0.2166
vn 0.3045 -0.9482 0.0909
vn 0.4567 -0.7103 -0.5356
vn 0.7711 -0.6331 0.0677
vn 0.5648 -0.2080 -0.7986
vn 0.9910 -0.1314 -0.0235
vn -0.0045 -0.6812 0.7321
vn -0.0033 -0.9444 0.3288
vn 0.2129 -0.9506 0.2257
vn 0.1121 -0.6566 0.7459
vn 0.8028 -0.5912 0.0773
vn 0.8762 -0.4092 0.2546
vn 0.3473 -0.9289 0.1287
vn 0.8762 -0.4092 0.2547
vn 0.9113 -0.0889 0.4020
vn 0.1277 -0.1358 0.9825
vn 0.8995 0.1367 0.4151
vn 0.1350 0.2463 0.9598
vn 0.7719 0.6316 0.0729
vn 0.5536 0.0145 -0.8326
vn 0.2867 0.5935 -0.7520
vn 0.7628 0.6266 -0.1598
vn 0.9918 0.1089 -0.0666
vn 0.1304 -0.7846 -0.6062
vn 0.1104 -0.9938 0.0114
vn 0.3044 -0.9482 0.0909
vn -0.0028 -0.1337 0.9910
vn -0.0028 0.2410 0.9705
vn -0.0062 0.9702 -0.2423
vn 0.7528 0.6439 -0.1370
vn 0.9926 0.1171 -0.0310
vn 0.9113 -0.0889 0.4021
vn 0.9944 -0.1057 0.0073
vn -0.7729 -0.6293 0.0816
vn -0.3081 -0.9423 0.1305
vn -0.8591 -0.4302 0.2772
vn -0.1862 -0.9544 0.2333
vn -0.1011 -0.6562 0.7478
vn -0.8960 -0.0934 0.4342
vn -0.9943 -0.1062 0.0049
vn -0.0283 0.9778 -0.2077
vn -0.1084 0.9672 0.2298
vn -0.1149 -0.1354 0.9841
vn -0.1194 0.2439 0.9624
vn -0.9925 0.1178 -0.0335
vn -0.8816 0.1414 0.4502
vn -0.7428 0.6639 0.0868
vn -0.7195 0.6792 -0.1451
vn -0.9913 0.1075 -0.0765
vn -0.7340 0.6570 -0.1721
vn -0.5045 -0.2076 -0.8381
vn -0.9906 -0.1325 -0.0339
vn -0.7433 -0.6657 0.0663
vn -0.4045 -0.7183 -0.5660
vn -0.2671 -0.9593 0.0914
vn -0.4045 -0.7183 -0.5661
vn -0.8960 -0.0934 0.4341
vn -0.6771 -0.5855 0.4457
vn -0.7262 -0.6682 0.1617
vn -0.3380 -0.9310 0.1382
vn 0.1175 -0.3709 0.9212
vn 0.6366 -0.6143 0.4662
vn -0.1023 -0.3710 0.9230
vn 0.3341 -0.9251 0.1804
vn 0.7102 -0.6799 0.1827
vn 0.8564 0.0063 0.5162
vn -0.1653 0.0578 0.9846
vn 0.8574 0.0733 0.5095
vn -0.1785 0.1591 0.9710
vn -0.0082 0.6365 0.7713
vn 0.0065 0.6379 0.7701
vn 0.0820 0.9429 -0.3229
vn -0.0853 0.9428 -0.3222
vn 0.1155 -0.2342 0.9653
vn -0.1079 -0.2370 0.9655
vn -0.1219 0.0828 0.9891
vn 0.1300 0.0843 0.9879
vn -0.1261 0.1699 0.9774
vn 0.1341 0.1703 0.9762
vn 0.0476 0.2849 0.9574
vn -0.0460 0.2871 0.9568
vn -0.8787 0.0676 0.4725
vn -0.8777 0.0057 0.4791
vn 0.1868 0.0579 0.9807
vn 0.2018 0.1585 0.9665
vn -0.9957 -0.0276 0.0882
vn -0.9965 0.0095 0.0828
vn -0.9440 0.3283 -0.0325
vn -0.9944 0.0766 0.0727
vn -0.7441 0.2564 0.6169
vn -0.4966 0.4712 0.7290
vn -0.3478 -0.0341 -0.9369
vn -0.4071 -0.0802 -0.9099
vn -0.7845 0.1120 -0.6099
vn -0.5248 0.2313 -0.8192
vn -0.2601 0.0324 -0.9650
vn -0.3342 0.4921 -0.8038
vn -0.0931 0.2192 -0.9712
vn -0.0624 0.4496 -0.8911
vn 0.0903 0.2333 -0.9682
vn 0.0591 0.4524 -0.8898
vn -0.9440 0.3284 -0.0326
vn -0.3411 0.6522 0.6770
vn -0.7066 0.6574 -0.2620
vn -0.3491 0.8784 -0.3263
vn -0.0632 0.6365 0.7687
vn 0.1111 0.3145 0.9427
vn 0.9948 -0.0307 0.0967
vn 0.9958 0.0107 0.0907
vn 0.4630 0.4765 0.7474
vn 0.9383 0.3443 -0.0305
vn 0.6757 0.6848 -0.2729
vn 0.3113 0.6559 0.6876
vn 0.0564 0.6363 0.7693
vn 0.3168 0.8892 -0.3302
vn -0.8383 0.1481 0.5247
vn -0.9963 0.0139 0.0851
vn -0.1148 0.2400 0.9640
vn -0.1614 0.2558 0.9532
vn 0.1220 0.2388 0.9634
vn -0.5169 -0.8398 -0.1657
vn -0.8692 -0.1971 -0.4534
vn -0.7462 -0.2219 -0.6276
vn -0.6766 -0.7364 0.0023
vn 0.5435 -0.8267 -0.1454
vn 0.6876 -0.7257 0.0229
vn 0.7824 -0.2025 -0.5889
vn 0.8926 -0.1805 -0.4132
vn 0.3030 0.5126 -0.8034
vn -0.8675 -0.0708 -0.4924
vn -0.7846 0.1119 -0.6099
vn -0.8676 -0.1105 -0.4849
vn -0.8943 -0.0798 -0.4403
vn 0.9132 -0.0729 -0.4008
vn 0.9955 0.0160 0.0931
vn 0.8888 -0.1025 -0.4467
vn 0.9935 0.0809 0.0805
vn 0.8874 -0.0598 -0.4572
vn 0.7961 0.1382 -0.5892
vn 0.9384 0.3443 -0.0305
vn 0.5205 0.2779 -0.8074
vn 0.7960 0.1382 -0.5892
vn 0.1468 0.2919 0.9451
vn 0.0978 0.2595 0.9608
vn 0.1825 0.2547 0.9496
vn -0.0918 0.2613 0.9609
vn -0.0984 0.3164 0.9435
vn -0.1294 0.2932 0.9473
vn 0.7148 0.2669 0.6464
vn 0.8151 0.1576 0.5575
vn -0.5005 -0.1638 -0.8501
vn -0.0563 -0.2459 -0.9677
vn -0.0614 -0.2710 -0.9606
vn -0.0951 -0.3054 -0.9475
vn 0.4335 -0.0627 -0.8990
vn 0.3542 -0.0055 -0.9352
vn 0.2435 0.0740 -0.9671
vn -0.0436 -0.1958 -0.9797
vn 0.0396 -0.1950 -0.9800
vn 0.0894 -0.2870 -0.9538
vn 0.0592 -0.2442 -0.9679
vn 0.0625 -0.2663 -0.9619
vn 0.5371 -0.1554 -0.8291
vn -0.6025 -0.1393 -0.7859
vn -0.5656 -0.1694 -0.8071
vn 0.6447 -0.1336 -0.7527
vn 0.6051 -0.1631 -0.7792
vn 0.6877 -0.7257 0.0229
vn 0.0953 -0.2212 -0.9706
vn 0.2734 -0.9565 0.1018
vn 0.0772 -0.4033 -0.9118
vn -0.0561 -0.2274 -0.9722
vn 0.0003 -0.2429 -0.9701
vn 0.0582 -0.2271 -0.9721
vn -0.0507 -0.2053 -0.9774
vn -0.5656 -0.1693 -0.8071
vn 0.6052 -0.1631 -0.7792
vn 0.0520 -0.2049 -0.9774
vn 0.0681 -0.1719 -0.9828
vn -0.6766 -0.7364 0.0022
vn -0.7462 -0.2220 -0.6276
vn -0.0954 -0.2212 -0.9706
vn -0.2734 -0.9564 0.1031
vn -0.0771 -0.4034 -0.9118
vn -0.0678 -0.1720 -0.9828
vn 0.0001 0.9801 0.1984
vn -0.0055 0.9763 0.2161
vn -0.0366 0.9726 -0.2294
vn 0.1099 -0.1901 -0.9756
vn 0.1222 -0.7866 -0.6052
vn 0.0001 -0.8137 -0.5813
vn 0.0001 -0.1873 -0.9823
vn 0.0002 -0.9998 0.0189
vn 0.1013 -0.9948 0.0099
vn -0.0038 -0.6817 0.7316
vn 0.0002 -0.6902 0.7236
vn 0.0001 -0.9444 0.3287
vn -0.0029 -0.9442 0.3292
vn 0.0003 -0.1369 0.9906
vn -0.0023 -0.1340 0.9910
vn -0.0023 0.2417 0.9704
vn 0.0005 0.2472 0.9690
vn 0.1003 -0.0539 -0.9935
vn 0.0001 -0.0619 -0.9981
vn 0.0002 0.5761 -0.8173
vn 0.0153 0.5755 -0.8177
vn 0.4947 0.0038 -0.8691
vn 0.2526 0.5839 -0.7715
vn 0.5044 -0.2076 -0.8381
vn -0.1088 -0.0532 -0.9926
vn -0.0173 0.5728 -0.8195
vn 0.0444 0.9628 -0.2664
vn -0.0414 0.9632 -0.2656
vn -0.0021 0.9701 -0.2426
vn -0.1190 -0.1911 -0.9743
vn -0.1253 0.9655 0.2285
vn 0.0062 0.9762 0.2166
vn 0.0396 0.9724 -0.2301
vn -0.0320 0.9777 -0.2074
vn -0.3045 -0.9482 0.0909
vn -0.7711 -0.6331 0.0677
vn -0.4567 -0.7103 -0.5356
vn -0.9910 -0.1314 -0.0235
vn -0.5648 -0.2080 -0.7986
vn 0.0045 -0.6812 0.7321
vn -0.1121 -0.6566 0.7459
vn -0.2129 -0.9506 0.2257
vn 0.0033 -0.9444 0.3288
vn -0.8028 -0.5912 0.0773
vn -0.3473 -0.9289 0.1288
vn -0.8762 -0.4092 0.2546
vn -0.9113 -0.0889 0.4020
vn -0.1277 -0.1358 0.9825
vn -0.1350 0.2463 0.9598
vn -0.8995 0.1367 0.4151
vn -0.7719 0.6316 0.0729
vn -0.5536 0.0145 -0.8326
vn -0.9918 0.1089 -0.0666
vn -0.7628 0.6266 -0.1598
vn -0.2867 0.5935 -0.7520
vn -0.1104 -0.9938 0.0114
vn -0.1304 -0.7846 -0.6062
vn -0.3044 -0.9482 0.0909
vn 0.0028 -0.1337 0.9910
vn 0.0029 0.2410 0.9705
vn 0.0062 0.9702 -0.2423
vn -0.7528 0.6439 -0.1370
vn -0.9926 0.1171 -0.0310
vn -0.9944 -0.1057 0.0073
vn -0.9113 -0.0889 0.4021
vn 0.7729 -0.6293 0.0816
vn 0.8591 -0.4303 0.2772
vn 0.3081 -0.9423 0.1305
vn 0.1862 -0.9544 0.2333
vn 0.8591 -0.4302 0.2772
vn 0.1011 -0.6562 0.7478
vn 0.9943 -0.1062 0.0049
vn 0.8960 -0.0934 0.4342
vn 0.1084 0.9672 0.2298
vn 0.0283 0.9778 -0.2077
vn 0.1150 -0.1353 0.9841
vn 0.1194 0.2439 0.9624
vn 0.9925 0.1178 -0.0335
vn 0.7195 0.6792 -0.1451
vn 0.7428 0.6639 0.0868
vn 0.8816 0.1414 0.4502
vn 0.9913 0.1075 -0.0765
vn 0.7340 0.6570 -0.1721
vn 0.9906 -0.1325 -0.0339
vn 0.5045 -0.2076 -0.8381
vn 0.7433 -0.6657 0.0663
vn 0.2671 -0.9593 0.0914
vn 0.4045 -0.7183 -0.5660
vn 0.4045 -0.7183 -0.5661
vn 0.8960 -0.0934 0.4341
vn -0.0514 0.9984 -0.0228
vn -0.0390 0.9868 0.1571
vn -0.0000 0.9846 0.1750
vn -0.0000 1.0000 -0.0012
vn -0.1241 0.9879 -0.0930
vn -0.0848 0.9916 0.0980
vn -0.1420 0.9763 -0.1631
vn -0.0798 0.9965 0.0252
vn -0.0734 0.9701 -0.2315
vn 0.0727 0.9973 -0.0060
vn 0.0397 0.9873 -0.1541
vn 0.0092 0.9927 -0.1204
vn 0.1916 0.9812 0.0225
vn -0.0664 0.9961 -0.0576
vn 0.3305 0.9437 -0.0154
vn 0.2073 0.9783 -0.0025
vn -0.0402 0.9926 -0.1148
vn 0.0218 0.2845 0.9584
vn -0.0000 0.2767 0.9610
vn 0.1085 0.3216 0.9406
vn 0.2679 0.3438 0.9000
vn -0.0000 0.0058 1.0000
vn 0.0332 0.0063 0.9994
vn 0.1414 0.0083 0.9899
vn 0.3070 0.0112 0.9516
vn 0.5772 0.3571 0.7344
vn 0.7709 0.3262 0.5472
vn 0.5944 0.0146 0.8041
vn 0.7897 0.0142 0.6133
vn 0.9180 0.2653 0.2947
vn 0.9431 0.0147 0.3322
vn 0.4912 0.3203 -0.8101
vn 0.4989 0.2380 -0.8333
vn 0.2000 0.2259 -0.9534
vn 0.1905 0.3398 -0.9210
vn 0.3417 0.3260 -0.8815
vn 0.3229 0.2088 -0.9231
vn 0.3361 0.5283 -0.7797
vn 0.1667 0.5536 -0.8159
vn 0.6461 0.3131 -0.6960
vn 0.6796 0.2436 -0.6920
vn 0.4385 0.4878 -0.7548
vn 0.3217 -0.1148 -0.9398
vn 0.2953 0.1378 -0.9454
vn 0.9656 0.0529 -0.2547
vn 0.9726 -0.0242 -0.2313
vn 0.2631 0.6542 -0.7091
vn 0.9982 0.0426 -0.0419
vn 1.0000 0.0026 -0.0021
vn 0.1267 0.2631 -0.9564
vn 0.1076 0.2772 -0.9548
vn -0.0000 0.2623 -0.9650
vn -0.0000 0.2561 -0.9667
vn 0.1509 0.6573 -0.7383
vn 0.4592 0.4926 -0.7392
vn 0.0756 0.2848 -0.9556
vn 0.1204 0.1166 -0.9859
vn 0.0124 -0.0576 -0.9983
vn 0.0948 -0.1209 -0.9881
vn 0.0114 -0.1142 -0.9934
vn -0.0000 -0.0545 -0.9985
vn -0.0000 -0.1128 -0.9936
vn -0.0000 0.2467 -0.9691
vn 0.4788 0.8769 -0.0411
vn -0.0440 0.9975 -0.0546
vn 0.4592 0.8868 -0.0513
vn -0.0352 0.9976 -0.0598
vn 0.9995 0.0217 -0.0232
vn 0.9990 0.0197 -0.0405
vn 0.9795 0.0423 -0.1972
vn 1.0000 0.0028 0.0042
vn 1.0000 0.0015 0.0049
vn 1.0000 0.0014 0.0051
vn 1.0000 0.0030 0.0081
vn 1.0000 0.0018 0.0037
vn 1.0000 0.0017 0.0037
vn 0.0514 0.9984 -0.0228
vn 0.0390 0.9868 0.1571
vn 0.1241 0.9879 -0.0930
vn 0.0848 0.9916 0.0980
vn 0.1420 0.9763 -0.1631
vn 0.0798 0.9965 0.0252
vn -0.0727 0.9973 -0.0060
vn 0.0734 0.9701 -0.2315
vn -0.0397 0.9873 -0.1541
vn -0.1916 0.9812 0.0225
vn -0.0092 0.9927 -0.1204
vn 0.0664 0.9961 -0.0576
vn 0.0402 0.9926 -0.1148
vn -0.2073 0.9783 -0.0025
vn -0.3305 0.9437 -0.0154
vn -0.0218 0.2845 0.9584
vn -0.1085 0.3216 0.9406
vn -0.2679 0.3438 0.9000
vn -0.0332 0.0063 0.9994
vn -0.1414 0.0083 0.9899
vn -0.3070 0.0114 0.9516
vn -0.5772 0.3571 0.7344
vn -0.7709 0.3262 0.5472
vn -0.5944 0.0146 0.8041
vn -0.7897 0.0142 0.6133
vn -0.9180 0.2653 0.2947
vn -0.9901 0.1220 0.0698
vn -0.9431 0.0147 0.3322
vn -0.9984 0.0064 0.0559
vn -0.4912 0.3203 -0.8101
vn -0.1905 0.3398 -0.9210
vn -0.2000 0.2259 -0.9534
vn -0.4989 0.2380 -0.8334
vn -0.3417 0.3259 -0.8815
vn -0.3229 0.2088 -0.9231
vn -0.3361 0.5283 -0.7797
vn -0.1667 0.5536 -0.8159
vn -0.6796 0.2436 -0.6920
vn -0.6461 0.3131 -0.6960
vn -0.4385 0.4878 -0.7548
vn -0.3217 -0.1148 -0.9398
vn -0.9726 -0.0242 -0.2313
vn -0.9656 0.0529 -0.2547
vn -0.2953 0.1378 -0.9454
vn -0.2631 0.6542 -0.7091
vn -0.9982 0.0426 -0.0419
vn -1.0000 0.0026 -0.0021
vn -0.1267 0.2632 -0.9564
vn -0.1077 0.2772 -0.9548
vn -0.1509 0.6573 -0.7383
vn -0.4592 0.4926 -0.7392
vn -0.0756 0.2848 -0.9556
vn -0.1204 0.1166 -0.9859
vn -0.0124 -0.0576 -0.9983
vn -0.0948 -0.1209 -0.9881
vn -0.0114 -0.1142 -0.9934
vn -0.4788 0.8769 -0.0411
vn 0.0440 0.9975 -0.0546
vn 0.0663 0.9961 -0.0575
vn -0.4592 0.8868 -0.0513
vn 0.0352 0.9976 -0.0598
vn -0.9995 0.0218 -0.0231
vn -0.9990 0.0197 -0.0405
vn -0.9795 0.0423 -0.1972
vn -1.0000 0.0028 0.0042
vn -1.0000 0.0014 0.0051
vn -1.0000 0.0015 0.0048
vn -1.0000 0.0030 0.0081
vn -1.0000 0.0017 0.0037
vn -1.0000 0.0018 0.0037
vn 0.0426 0.9986 -0.0316
vn -0.4965 0.8677 -0.0230
vn -0.4250 0.9050 -0.0169
vn 0.0056 0.9997 -0.0232
vn 0.0711 0.9965 -0.0446
vn -0.4798 0.8767 -0.0350
vn -0.4983 0.8656 -0.0499
vn 0.0771 0.9952 -0.0599
vn -0.9994 0.0357 0.0042
vn -0.9982 0.0602 0.0058
vn -1.0000 0.0017 0.0040
vn -1.0000 0.0003 0.0052
vn 0.9983 0.0590 0.0021
vn 1.0000 -0.0009 0.0054
vn 0.9901 0.1220 0.0698
vn 0.9984 0.0064 0.0559
vn 0.9986 0.0507 0.0130
vn 0.9999 0.0013 0.0140
vn 0.9992 0.0392 0.0105
vn 1.0000 -0.0011 0.0044
vn 0.9999 -0.0050 0.0144
vn 1.0000 -0.0004 0.0041
vn 1.0000 -0.0004 0.0040
vn 1.0000 -0.0004 0.0042
vn 0.9999 0.0010 0.0132
vn -0.9901 0.1220 0.0697
vn -0.9986 0.0507 0.0131
vn -0.9999 0.0013 0.0140
vn -0.9992 0.0392 0.0105
vn -1.0000 -0.0011 0.0044
vn -0.9999 -0.0050 0.0144
vn -1.0000 -0.0004 0.0040
vn -1.0000 -0.0004 0.0041
vn -1.0000 -0.0004 0.0042
vn -0.9990 0.0452 0.0046
vn -0.9983 0.0590 0.0021
vn -1.0000 -0.0011 0.0068
vn -1.0000 -0.0009 0.0054
vn -0.9999 0.0010 0.0132
vt 0.470990 0.793987
vt 0.457328 0.787965
vt 0.457333 0.792599
vt 0.469732 0.797839
vt 0.526956 0.801257
vt 0.512918 0.801624
vt 0.512918 0.804960
vt 0.526946 0.804997
vt 0.498894 0.801168
vt 0.498881 0.804911
vt 0.484743 0.799090
vt 0.484620 0.803592
vt 0.512888 0.813317
vt 0.499346 0.814240
vt 0.499810 0.818849
vt 0.512875 0.816169
vt 0.526427 0.814322
vt 0.525936 0.818921
vt 0.481061 0.841243
vt 0.484391 0.829008
vt 0.480207 0.829787
vt 0.476662 0.840155
vt 0.499990 0.845831
vt 0.512790 0.850883
vt 0.512804 0.845602
vt 0.503606 0.841942
vt 0.531230 0.832259
vt 0.522265 0.823449
vt 0.525906 0.832557
vt 0.512875 0.820726
vt 0.503461 0.823397
vt 0.494453 0.832164
vt 0.499775 0.832486
vt 0.496823 0.839825
vt 0.501549 0.837771
vt 0.442250 0.835684
vt 0.445149 0.827183
vt 0.439258 0.824585
vt 0.436298 0.835396
vt 0.436454 0.838611
vt 0.441785 0.840158
vt 0.512811 0.843067
vt 0.505472 0.840096
vt 0.522020 0.841989
vt 0.520167 0.840133
vt 0.524142 0.837734
vt 0.521860 0.836772
vt 0.520319 0.825481
vt 0.523259 0.832732
vt 0.512865 0.822934
vt 0.505398 0.825439
vt 0.502421 0.832677
vt 0.503829 0.836798
vt 0.507321 0.838240
vt 0.512818 0.840548
vt 0.512839 0.832839
vt 0.518327 0.838270
vt 0.519343 0.835720
vt 0.520607 0.832833
vt 0.518420 0.827377
vt 0.512859 0.825268
vt 0.507288 0.827346
vt 0.505071 0.832791
vt 0.506345 0.835746
vt 0.475183 0.781748
vt 0.462708 0.774784
vt 0.554906 0.794254
vt 0.568607 0.788323
vt 0.563312 0.775106
vt 0.550792 0.781990
vt 0.541120 0.799268
vt 0.538282 0.786397
vt 0.525673 0.788567
vt 0.512963 0.789143
vt 0.500258 0.788485
vt 0.487664 0.786235
vt 0.485035 0.763640
vt 0.477465 0.759419
vt 0.548652 0.759647
vt 0.541056 0.763818
vt 0.532192 0.766745
vt 0.522741 0.768385
vt 0.513030 0.768874
vt 0.503322 0.768322
vt 0.493880 0.766622
vt 0.488873 0.754974
vt 0.481667 0.751309
vt 0.544503 0.751510
vt 0.537273 0.755128
vt 0.529680 0.757709
vt 0.521533 0.759129
vt 0.513059 0.759559
vt 0.504589 0.759074
vt 0.496449 0.757603
vt 0.568571 0.792958
vt 0.556138 0.798115
vt 0.541215 0.803770
vt 0.539313 0.818169
vt 0.539598 0.812399
vt 0.543871 0.857677
vt 0.548966 0.858385
vt 0.548975 0.852264
vt 0.544887 0.852403
vt 0.571926 0.801408
vt 0.559402 0.804897
vt 0.561607 0.809998
vt 0.573459 0.804932
vt 0.544939 0.828342
vt 0.548483 0.838710
vt 0.582895 0.834239
vt 0.579996 0.825738
vt 0.552371 0.844855
vt 0.583361 0.838713
vt 0.583888 0.848440
vt 0.584169 0.843976
vt 0.552368 0.856747
vt 0.551781 0.863906
vt 0.584916 0.852449
vt 0.525616 0.845895
vt 0.528872 0.839778
vt 0.588693 0.837166
vt 0.588847 0.833951
vt 0.585886 0.823140
vt 0.591255 0.851643
vt 0.590236 0.848136
vt 0.590430 0.842758
vt 0.543361 0.846063
vt 0.548470 0.845143
vt 0.547892 0.865464
vt 0.540754 0.827563
vt 0.544084 0.839798
vt 0.464182 0.809686
vt 0.466422 0.804600
vt 0.453922 0.801025
vt 0.452364 0.804541
vt 0.481785 0.847508
vt 0.476675 0.846588
vt 0.476171 0.853708
vt 0.480258 0.853848
vt 0.486186 0.812234
vt 0.486433 0.818007
vt 0.473364 0.865350
vt 0.477253 0.866910
vt 0.476179 0.859830
vt 0.472778 0.858192
vt 0.472775 0.846299
vt 0.440977 0.845420
vt 0.434715 0.844202
vt 0.434909 0.849581
vt 0.433890 0.853088
vt 0.440229 0.853893
vt 0.441258 0.849886
vt 0.481274 0.859122
vt 0.111351 0.800952
vt 0.130085 0.800989
vt 0.129773 0.797378
vt 0.110832 0.797315
vt 0.092929 0.801070
vt 0.092092 0.797462
vt 0.075078 0.802129
vt 0.073846 0.799230
vt 0.357869 0.801070
vt 0.375719 0.802129
vt 0.376952 0.799230
vt 0.358706 0.797462
vt 0.339447 0.800952
vt 0.339966 0.797315
vt 0.320713 0.800989
vt 0.321024 0.797378
vt 0.301792 0.801029
vt 0.301978 0.797439
vt 0.282761 0.801053
vt 0.282872 0.797474
vt 0.263668 0.801069
vt 0.263731 0.797500
vt 0.244541 0.801076
vt 0.244569 0.797509
vt 0.225399 0.801080
vt 0.225399 0.797516
vt 0.206257 0.801076
vt 0.206229 0.797509
vt 0.187130 0.801069
vt 0.187068 0.797500
vt 0.168037 0.801053
vt 0.167927 0.797474
vt 0.149007 0.801029
vt 0.148820 0.797439
vt 0.129352 0.793850
vt 0.110120 0.793771
vt 0.090852 0.793922
vt 0.071670 0.796149
vt 0.379128 0.796150
vt 0.359946 0.793922
vt 0.340678 0.793771
vt 0.321446 0.793850
vt 0.302233 0.793920
vt 0.283025 0.793960
vt 0.263817 0.793992
vt 0.244609 0.794001
vt 0.225399 0.794012
vt 0.206190 0.794001
vt 0.186981 0.793993
vt 0.167774 0.793960
vt 0.148566 0.793921
vt 0.128931 0.790370
vt 0.109429 0.790300
vt 0.089660 0.790462
vt 0.069494 0.792591
vt 0.381303 0.792591
vt 0.361138 0.790462
vt 0.341369 0.790300
vt 0.321867 0.790370
vt 0.302495 0.790434
vt 0.283187 0.790469
vt 0.263911 0.790503
vt 0.244652 0.790508
vt 0.225399 0.790523
vt 0.206147 0.790508
vt 0.186887 0.790504
vt 0.167611 0.790469
vt 0.148303 0.790435
vt 0.128608 0.786880
vt 0.108956 0.786841
vt 0.088951 0.787042
vt 0.068314 0.788530
vt 0.382482 0.788531
vt 0.361846 0.787042
vt 0.341841 0.786841
vt 0.322189 0.786880
vt 0.302713 0.786926
vt 0.283329 0.786952
vt 0.263996 0.786981
vt 0.244691 0.786984
vt 0.225399 0.786998
vt 0.206106 0.786983
vt 0.186802 0.786982
vt 0.167470 0.786952
vt 0.148086 0.786927
vt 0.128426 0.783411
vt 0.108775 0.783407
vt 0.088882 0.783628
vt 0.068562 0.784311
vt 0.382234 0.784312
vt 0.361913 0.783628
vt 0.342022 0.783407
vt 0.322371 0.783411
vt 0.302859 0.783435
vt 0.283432 0.783451
vt 0.264061 0.783472
vt 0.244722 0.783474
vt 0.225399 0.783485
vt 0.206075 0.783473
vt 0.186736 0.783473
vt 0.167365 0.783451
vt 0.147939 0.783436
vt 0.128357 0.779990
vt 0.108791 0.780004
vt 0.089220 0.780181
vt 0.069772 0.780335
vt 0.381024 0.780335
vt 0.361575 0.780180
vt 0.342006 0.780004
vt 0.322439 0.779990
vt 0.302934 0.779999
vt 0.283491 0.780008
vt 0.264100 0.780019
vt 0.244741 0.780021
vt 0.225399 0.780027
vt 0.206055 0.780020
vt 0.186696 0.780020
vt 0.167305 0.780008
vt 0.147863 0.780000
vt 0.128343 0.776587
vt 0.108823 0.776587
vt 0.089435 0.776587
vt 0.070769 0.776587
vt 0.380026 0.776587
vt 0.361360 0.776587
vt 0.341973 0.776587
vt 0.322452 0.776587
vt 0.302955 0.776587
vt 0.283510 0.776587
vt 0.264112 0.776587
vt 0.244746 0.776587
vt 0.225399 0.776587
vt 0.206049 0.776587
vt 0.186683 0.776587
vt 0.167286 0.776587
vt 0.147841 0.776587
vt 0.111551 0.804681
vt 0.130207 0.804681
vt 0.093231 0.804681
vt 0.075133 0.804681
vt 0.357566 0.804681
vt 0.375664 0.804681
vt 0.339246 0.804681
vt 0.320590 0.804681
vt 0.301716 0.804681
vt 0.282714 0.804681
vt 0.263641 0.804681
vt 0.244528 0.804681
vt 0.225399 0.804681
vt 0.206269 0.804681
vt 0.187156 0.804681
vt 0.168083 0.804681
vt 0.149082 0.804681
vt 0.420978 0.547109
vt 0.423244 0.473222
vt 0.419465 0.480056
vt 0.417124 0.547326
vt 0.414068 0.648788
vt 0.418134 0.649007
vt 0.411404 0.696434
vt 0.415393 0.696520
vt 0.413588 0.481874
vt 0.411380 0.546579
vt 0.408417 0.648555
vt 0.279778 0.479259
vt 0.279124 0.680445
vt 0.287715 0.691253
vt 0.106406 0.214583
vt 0.174754 0.214571
vt 0.174750 0.254902
vt 0.106431 0.254913
vt 0.339273 0.254924
vt 0.270933 0.254976
vt 0.270919 0.214644
vt 0.339243 0.214593
vt 0.186844 0.214576
vt 0.258857 0.214642
vt 0.258837 0.254973
vt 0.186819 0.254908
vt 0.022284 0.214744
vt 0.094308 0.214596
vt 0.094372 0.254928
vt 0.022369 0.255075
vt 0.010292 0.255102
vt 0.010204 0.214770
vt 0.900524 0.677954
vt 0.949676 0.944284
vt 0.949664 0.684843
vt 0.632131 0.944275
vt 0.681296 0.677949
vt 0.632155 0.684835
vt 0.878506 0.649857
vt 0.703315 0.649854
vt 0.233691 0.442303
vt 0.211549 0.442302
vt 0.213586 0.447495
vt 0.231654 0.447496
vt 0.209909 0.451140
vt 0.235330 0.451141
vt 0.231666 0.472752
vt 0.213570 0.472752
vt 0.211551 0.477974
vt 0.233684 0.477976
vt 0.204783 0.448842
vt 0.240456 0.448843
vt 0.240406 0.471596
vt 0.235318 0.469269
vt 0.209918 0.469266
vt 0.204830 0.471594
vt 0.231448 0.395967
vt 0.219602 0.395968
vt 0.221575 0.401264
vt 0.229475 0.401263
vt 0.218066 0.404306
vt 0.232984 0.404305
vt 0.229394 0.426581
vt 0.221659 0.426582
vt 0.219575 0.431703
vt 0.231479 0.431701
vt 0.213071 0.401913
vt 0.237980 0.401912
vt 0.238262 0.424823
vt 0.233049 0.422604
vt 0.218003 0.422605
vt 0.212790 0.424825
vt 0.227663 0.486957
vt 0.217898 0.486959
vt 0.219548 0.491051
vt 0.226014 0.491051
vt 0.216107 0.494671
vt 0.229456 0.494670
vt 0.226040 0.511135
vt 0.219526 0.511136
vt 0.217912 0.515283
vt 0.227654 0.515282
vt 0.211978 0.492873
vt 0.233585 0.492872
vt 0.233504 0.509682
vt 0.229440 0.507828
vt 0.216126 0.507830
vt 0.212062 0.509684
vt 0.523244 0.314427
vt 0.522994 0.322278
vt 0.531008 0.322341
vt 0.531004 0.314330
vt 0.522796 0.331028
vt 0.524532 0.334542
vt 0.531003 0.335448
vt 0.531007 0.330553
vt 0.523665 0.307009
vt 0.531006 0.306702
vt 0.545523 0.314328
vt 0.545032 0.306849
vt 0.538771 0.307009
vt 0.539191 0.314427
vt 0.545042 0.322387
vt 0.539446 0.322275
vt 0.544398 0.329967
vt 0.539645 0.331022
vt 0.543947 0.333361
vt 0.537905 0.334525
vt 0.524504 0.340329
vt 0.531011 0.340658
vt 0.518041 0.329973
vt 0.518491 0.333368
vt 0.517396 0.322391
vt 0.516912 0.314332
vt 0.517402 0.306852
vt 0.537942 0.340295
vt 0.544606 0.300704
vt 0.539982 0.300323
vt 0.522446 0.300323
vt 0.522107 0.292671
vt 0.518165 0.294446
vt 0.517822 0.300707
vt 0.531000 0.299720
vt 0.544259 0.294446
vt 0.540316 0.292672
vt 0.520816 0.280462
vt 0.520785 0.290540
vt 0.541638 0.290541
vt 0.541607 0.280463
vt 0.524746 0.274974
vt 0.537677 0.274974
vt 0.537470 0.270250
vt 0.524953 0.270249
vt 0.516538 0.280391
vt 0.519834 0.273534
vt 0.545885 0.280391
vt 0.542590 0.273533
vt 0.516607 0.291875
vt 0.545817 0.291876
vt 0.484050 0.205892
vt 0.494820 0.210074
vt 0.499305 0.187414
vt 0.487549 0.183473
vt 0.469246 0.202291
vt 0.471082 0.179769
vt 0.451319 0.200883
vt 0.451290 0.178355
vt 0.433683 0.202371
vt 0.431895 0.179841
vt 0.419594 0.205859
vt 0.416148 0.183442
vt 0.408823 0.210048
vt 0.404505 0.187339
vt 0.467039 0.207337
vt 0.480174 0.210551
vt 0.451326 0.206200
vt 0.405771 0.212714
vt 0.400835 0.188812
vt 0.497824 0.212730
vt 0.503134 0.188939
vt 0.414368 0.214694
vt 0.412696 0.218705
vt 0.489258 0.214665
vt 0.490952 0.218677
vt 0.482427 0.247334
vt 0.485237 0.236741
vt 0.453430 0.237994
vt 0.478045 0.252493
vt 0.415464 0.218697
vt 0.418392 0.236206
vt 0.419464 0.233493
vt 0.488192 0.218661
vt 0.484223 0.233773
vt 0.478877 0.212589
vt 0.487185 0.216430
vt 0.435966 0.207403
vt 0.423440 0.210534
vt 0.436557 0.209700
vt 0.451347 0.208717
vt 0.466439 0.209651
vt 0.416470 0.216477
vt 0.424730 0.212563
vt 0.453437 0.235797
vt 0.308535 0.187339
vt 0.319998 0.190003
vt 0.323511 0.174757
vt 0.312065 0.172097
vt 0.584085 0.193183
vt 0.595923 0.191077
vt 0.593191 0.175673
vt 0.581358 0.177776
vt 0.366621 0.207838
vt 0.368095 0.185570
vt 0.417621 0.252194
vt 0.421223 0.246886
vt 0.360834 0.199183
vt 0.360174 0.206703
vt 0.425736 0.252449
vt 0.423342 0.257712
vt 0.331670 0.192707
vt 0.335100 0.177442
vt 0.569622 0.179862
vt 0.572315 0.195274
vt 0.451850 0.289982
vt 0.432363 0.293987
vt 0.440385 0.302668
vt 0.451871 0.305043
vt 0.463587 0.302622
vt 0.471566 0.293921
vt 0.363964 0.183839
vt 0.537303 0.208791
vt 0.536481 0.186478
vt 0.486039 0.252563
vt 0.480465 0.257720
vt 0.542966 0.200377
vt 0.540415 0.184933
vt 0.424736 0.265391
vt 0.479103 0.265341
vt 0.543425 0.207891
vt 0.625544 0.236990
vt 0.644045 0.255915
vt 0.664227 0.243484
vt 0.647639 0.229860
vt 0.672817 0.269520
vt 0.686153 0.252358
vt 0.742342 0.280385
vt 0.746851 0.259887
vt 0.618495 0.163555
vt 0.775070 0.162168
vt 0.775070 0.156614
vt 0.618842 0.157327
vt 0.775065 0.280841
vt 0.775066 0.260270
vt 0.646717 0.173847
vt 0.617919 0.168176
vt 0.638180 0.181293
vt 0.775068 0.172498
vt 0.696106 0.239320
vt 0.676221 0.232535
vt 0.750182 0.244902
vt 0.775066 0.245147
vt 0.617187 0.193035
vt 0.637046 0.198591
vt 0.617019 0.212177
vt 0.638411 0.211898
vt 0.653934 0.203776
vt 0.655354 0.212167
vt 0.661083 0.186673
vt 0.654047 0.192633
vt 0.661469 0.222437
vt 0.775068 0.187166
vt 0.672671 0.212735
vt 0.775075 0.032408
vt 0.618641 0.032793
vt 0.924587 0.236999
vt 0.902492 0.229869
vt 0.885904 0.243491
vt 0.906085 0.255922
vt 0.863977 0.252365
vt 0.877313 0.269525
vt 0.803279 0.259889
vt 0.807787 0.280387
vt 0.931644 0.163566
vt 0.931296 0.157339
vt 0.903421 0.173855
vt 0.911957 0.181302
vt 0.932220 0.168188
vt 0.854025 0.239326
vt 0.873911 0.232542
vt 0.799950 0.244904
vt 0.913088 0.198600
vt 0.932947 0.193046
vt 0.933113 0.212188
vt 0.911722 0.211907
vt 0.896200 0.203784
vt 0.894780 0.212175
vt 0.889054 0.186680
vt 0.896088 0.192641
vt 0.888664 0.222445
vt 0.877463 0.212742
vt 0.931507 0.032803
vt 0.318932 0.952534
vt 0.283025 0.955255
vt 0.284565 0.966641
vt 0.319709 0.963660
vt 0.383456 0.947651
vt 0.359313 0.949583
vt 0.360103 0.961370
vt 0.384102 0.960195
vt 0.318444 0.947249
vt 0.282239 0.949644
vt 0.383128 0.943147
vt 0.358900 0.944704
vt 0.357537 0.922609
vt 0.381755 0.921248
vt 0.251674 0.977896
vt 0.251603 0.966076
vt 0.225398 0.966248
vt 0.225394 0.978151
vt 0.251366 0.961474
vt 0.225399 0.961612
vt 0.280934 0.927025
vt 0.317050 0.924938
vt 0.279681 0.898717
vt 0.315662 0.900155
vt 0.315629 0.897151
vt 0.279615 0.895470
vt 0.315533 0.882141
vt 0.279292 0.878910
vt 0.245211 0.950446
vt 0.225401 0.950574
vt 0.262713 0.972346
vt 0.258224 0.961838
vt 0.253036 0.964832
vt 0.257766 0.975185
vt 0.262103 0.958789
vt 0.264880 0.970729
vt 0.256036 0.958670
vt 0.261353 0.951304
vt 0.380875 0.906096
vt 0.356792 0.903550
vt 0.225416 0.895456
vt 0.230815 0.895759
vt 0.230681 0.893190
vt 0.225417 0.892881
vt 0.225408 0.928324
vt 0.380794 0.903872
vt 0.356732 0.900939
vt 0.357212 0.889361
vt 0.260615 0.927926
vt 0.259701 0.898404
vt 0.244523 0.928159
vt 0.240060 0.898140
vt 0.131868 0.952481
vt 0.131084 0.963607
vt 0.166226 0.966608
vt 0.167774 0.955223
vt 0.067347 0.947562
vt 0.066694 0.960106
vt 0.090693 0.961294
vt 0.091489 0.949507
vt 0.168562 0.949613
vt 0.132359 0.947197
vt 0.091904 0.944629
vt 0.067676 0.943059
vt 0.093278 0.922535
vt 0.069062 0.921160
vt 0.199115 0.977881
vt 0.199193 0.966062
vt 0.199432 0.961459
vt 0.169880 0.926995
vt 0.133765 0.924887
vt 0.171148 0.898687
vt 0.135166 0.900106
vt 0.205592 0.950434
vt 0.188076 0.972324
vt 0.193021 0.975166
vt 0.197759 0.964817
vt 0.192571 0.961819
vt 0.188694 0.958768
vt 0.185910 0.970707
vt 0.194761 0.958653
vt 0.189448 0.951283
vt 0.069950 0.906009
vt 0.094033 0.903476
vt 0.220017 0.895756
vt 0.070031 0.903784
vt 0.094094 0.900865
vt 0.093622 0.889286
vt 0.135201 0.897103
vt 0.135305 0.882092
vt 0.190199 0.927907
vt 0.191129 0.898384
vt 0.206292 0.928149
vt 0.210770 0.898132
vt 0.171216 0.895439
vt 0.171548 0.878880
vt 0.192695 0.877860
vt 0.191402 0.895029
vt 0.221431 0.882554
vt 0.222035 0.876560
vt 0.214333 0.888262
vt 0.225419 0.882133
vt 0.225421 0.876480
vt 0.220152 0.893187
vt 0.211297 0.894954
vt 0.258146 0.877878
vt 0.259428 0.895048
vt 0.229408 0.882556
vt 0.228807 0.876562
vt 0.236502 0.888268
vt 0.239534 0.894962
vt 0.225976 0.827596
vt 0.225332 0.847873
vt 0.268858 0.848430
vt 0.270907 0.831024
vt 0.306887 0.834508
vt 0.303872 0.849771
vt 0.330982 0.850431
vt 0.334572 0.836145
vt 0.358256 0.850359
vt 0.360027 0.837187
vt 0.375147 0.848963
vt 0.376472 0.839561
vt 0.373546 0.853775
vt 0.389658 0.849199
vt 0.384884 0.855782
vt 0.382051 0.858656
vt 0.358338 0.854920
vt 0.372627 0.858322
vt 0.379228 0.868799
vt 0.331439 0.854928
vt 0.225198 0.852410
vt 0.268975 0.853004
vt 0.304128 0.854317
vt 0.394288 0.859124
vt 0.394775 0.851294
vt 0.388312 0.860465
vt 0.390849 0.863738
vt 0.390230 0.865916
vt 0.386374 0.865833
vt 0.385098 0.875828
vt 0.389327 0.876110
vt 0.385126 0.861708
vt 0.382499 0.874908
vt 0.172608 0.828568
vt 0.181864 0.845762
vt 0.144772 0.829515
vt 0.116984 0.829676
vt 0.119746 0.844149
vt 0.146841 0.845113
vt 0.092533 0.842551
vt 0.091200 0.830190
vt 0.075803 0.840189
vt 0.074054 0.832694
vt 0.077079 0.845071
vt 0.061330 0.839397
vt 0.065623 0.846305
vt 0.068261 0.849364
vt 0.077706 0.849666
vt 0.092183 0.847100
vt 0.070397 0.859673
vt 0.119030 0.848613
vt 0.181476 0.850322
vt 0.146317 0.849634
vt 0.056021 0.848982
vt 0.056671 0.841346
vt 0.061891 0.850742
vt 0.059133 0.853831
vt 0.059608 0.856050
vt 0.063462 0.856230
vt 0.059828 0.866285
vt 0.064067 0.866287
vt 0.064986 0.852200
vt 0.066722 0.865546
vt 0.602872 0.383658
vt 0.599480 0.380617
vt 0.611931 0.379326
vt 0.611731 0.383977
vt 0.461615 0.382349
vt 0.452757 0.382461
vt 0.452899 0.377341
vt 0.465305 0.379186
vt 0.468323 0.385124
vt 0.463211 0.386176
vt 0.468923 0.412825
vt 0.463806 0.413125
vt 0.553090 0.527089
vt 0.552818 0.532600
vt 0.512937 0.532035
vt 0.513001 0.526557
vt 0.557314 0.381891
vt 0.557056 0.386457
vt 0.512425 0.386010
vt 0.512283 0.381468
vt 0.556359 0.412117
vt 0.512313 0.411671
vt 0.512571 0.514154
vt 0.554622 0.514704
vt 0.599898 0.414411
vt 0.595176 0.414013
vt 0.596307 0.386426
vt 0.601054 0.387435
vt 0.611481 0.388541
vt 0.611713 0.414587
vt 0.604694 0.512887
vt 0.595575 0.514513
vt 0.598877 0.486202
vt 0.607199 0.487067
vt 0.583489 0.554583
vt 0.587070 0.540859
vt 0.598105 0.541045
vt 0.598891 0.555416
vt 0.574331 0.550543
vt 0.576342 0.540909
vt 0.559109 0.547278
vt 0.552643 0.541221
vt 0.505105 0.546391
vt 0.512808 0.540607
vt 0.598886 0.526854
vt 0.587733 0.529249
vt 0.586363 0.521952
vt 0.576715 0.531263
vt 0.576865 0.525073
vt 0.581515 0.510903
vt 0.452785 0.387032
vt 0.452001 0.413043
vt 0.466794 0.513083
vt 0.476057 0.520723
vt 0.474413 0.527888
vt 0.463008 0.525021
vt 0.486313 0.524122
vt 0.486178 0.530299
vt 0.599648 0.436041
vt 0.611149 0.436873
vt 0.512313 0.434214
vt 0.468835 0.434388
vt 0.556359 0.434655
vt 0.618888 0.385922
vt 0.618002 0.379469
vt 0.630212 0.387684
vt 0.623657 0.389861
vt 0.445500 0.383983
vt 0.440552 0.387939
vt 0.434647 0.385889
vt 0.447173 0.378442
vt 0.486172 0.539917
vt 0.618270 0.487655
vt 0.615907 0.511917
vt 0.624345 0.437752
vt 0.625327 0.414677
vt 0.438414 0.412843
vt 0.452201 0.435334
vt 0.439007 0.435978
vt 0.455472 0.485543
vt 0.444381 0.485984
vt 0.446548 0.510311
vt 0.457706 0.511399
vt 0.474564 0.539444
vt 0.463153 0.539026
vt 0.591973 0.485413
vt 0.594997 0.435509
vt 0.556359 0.484328
vt 0.512313 0.483824
vt 0.482369 0.509826
vt 0.471340 0.484270
vt 0.463866 0.484845
vt 0.463731 0.434738
vt 0.626419 0.503724
vt 0.627021 0.488948
vt 0.586416 0.570849
vt 0.579127 0.559180
vt 0.589647 0.569512
vt 0.572329 0.553598
vt 0.461142 0.552663
vt 0.476619 0.552504
vt 0.486684 0.548990
vt 0.558538 0.549181
vt 0.505520 0.548272
vt 0.488359 0.552077
vt 0.480547 0.557280
vt 0.472559 0.568678
vt 0.469424 0.567180
vt 0.436889 0.501847
vt 0.436331 0.487065
vt 0.633085 0.414614
vt 0.631989 0.438310
vt 0.431382 0.412683
vt 0.432082 0.436370
vt 0.462521 0.681591
vt 0.467006 0.685026
vt 0.457660 0.695750
vt 0.476199 0.694058
vt 0.472630 0.703895
vt 0.589418 0.584923
vt 0.592786 0.584335
vt 0.527553 0.584660
vt 0.468856 0.582661
vt 0.465529 0.581952
vt 0.589318 0.634524
vt 0.592794 0.634364
vt 0.466838 0.632370
vt 0.463361 0.632103
vt 0.527553 0.633440
vt 0.466689 0.654991
vt 0.463135 0.654937
vt 0.596933 0.697610
vt 0.587737 0.686738
vt 0.592287 0.683460
vt 0.581862 0.705403
vt 0.578490 0.695464
vt 0.527553 0.698549
vt 0.527200 0.709512
vt 0.588678 0.656916
vt 0.592221 0.656976
vt 0.527553 0.655232
vt 0.765436 0.444592
vt 0.719973 0.443662
vt 0.719892 0.426426
vt 0.765436 0.426640
vt 0.719541 0.568207
vt 0.765579 0.571241
vt 0.765557 0.578146
vt 0.720947 0.575037
vt 0.765579 0.586880
vt 0.719346 0.583512
vt 0.718983 0.390890
vt 0.718700 0.383943
vt 0.765340 0.382787
vt 0.765360 0.389925
vt 0.765436 0.399274
vt 0.718718 0.400062
vt 0.765436 0.417403
vt 0.719148 0.417816
vt 0.719355 0.558892
vt 0.720517 0.552805
vt 0.765537 0.555381
vt 0.765575 0.561776
vt 0.696363 0.554962
vt 0.698352 0.547082
vt 0.696460 0.565593
vt 0.808451 0.552685
vt 0.809677 0.558717
vt 0.765436 0.546404
vt 0.808395 0.544145
vt 0.720552 0.544207
vt 0.700071 0.538366
vt 0.809484 0.567984
vt 0.824256 0.426652
vt 0.823675 0.442710
vt 0.808930 0.443590
vt 0.808990 0.426340
vt 0.856578 0.537241
vt 0.853728 0.545543
vt 0.852954 0.534405
vt 0.846060 0.546796
vt 0.845617 0.535453
vt 0.809791 0.390881
vt 0.810053 0.383934
vt 0.826182 0.385905
vt 0.825722 0.392410
vt 0.857487 0.444856
vt 0.857282 0.428094
vt 0.864206 0.443717
vt 0.865203 0.433237
vt 0.832986 0.393400
vt 0.833867 0.402456
vt 0.826517 0.401381
vt 0.834371 0.420676
vt 0.826132 0.418800
vt 0.830918 0.427743
vt 0.835742 0.547354
vt 0.827585 0.546948
vt 0.829515 0.535401
vt 0.836083 0.535906
vt 0.829693 0.554909
vt 0.808002 0.574762
vt 0.809722 0.583181
vt 0.827151 0.573496
vt 0.828954 0.582020
vt 0.829616 0.565614
vt 0.810147 0.400043
vt 0.809788 0.417762
vt 0.825925 0.538267
vt 0.830030 0.443655
vt 0.837166 0.442442
vt 0.850654 0.422905
vt 0.848952 0.443994
vt 0.667935 0.445326
vt 0.660418 0.444154
vt 0.668070 0.428594
vt 0.659411 0.433676
vt 0.692203 0.393792
vt 0.699807 0.386224
vt 0.700280 0.392722
vt 0.674684 0.423376
vt 0.676450 0.444621
vt 0.702474 0.442830
vt 0.701843 0.426809
vt 0.699552 0.401658
vt 0.700039 0.418996
vt 0.688204 0.442734
vt 0.690983 0.420930
vt 0.694426 0.427839
vt 0.695331 0.443676
vt 0.689462 0.536037
vt 0.695928 0.535462
vt 0.690062 0.547653
vt 0.679580 0.547206
vt 0.680018 0.535689
vt 0.672746 0.534694
vt 0.671780 0.545993
vt 0.668562 0.537687
vt 0.697273 0.581924
vt 0.698876 0.573404
vt 0.691367 0.402795
vt 0.736092 0.341959
vt 0.737230 0.323698
vt 0.775894 0.322971
vt 0.776047 0.342216
vt 0.702292 0.342169
vt 0.703985 0.323907
vt 0.665711 0.340837
vt 0.667575 0.321861
vt 0.644454 0.337124
vt 0.645053 0.317613
vt 0.630466 0.330758
vt 0.617863 0.320561
vt 0.624685 0.310053
vt 0.573962 0.283274
vt 0.580501 0.283708
vt 0.605463 0.302083
vt 0.603905 0.311794
vt 0.735779 0.315386
vt 0.775822 0.314636
vt 0.703377 0.315548
vt 0.667774 0.313086
vt 0.775674 0.296804
vt 0.735449 0.297458
vt 0.703324 0.299373
vt 0.669311 0.299652
vt 0.645233 0.308639
vt 0.625779 0.302107
vt 0.649327 0.295707
vt 0.632614 0.288509
vt 0.607911 0.294277
vt 0.617665 0.278855
vt 0.280796 0.405137
vt 0.254623 0.411098
vt 0.258709 0.427886
vt 0.283644 0.420398
vt 0.291847 0.443544
vt 0.266502 0.451934
vt 0.319027 0.429678
vt 0.310307 0.407270
vt 0.284129 0.389396
vt 0.254611 0.394763
vt 0.306432 0.397228
vt 0.380904 0.405282
vt 0.348738 0.409202
vt 0.347566 0.415914
vt 0.381042 0.416207
vt 0.332411 0.419672
vt 0.335345 0.424848
vt 0.380257 0.429436
vt 0.254550 0.377904
vt 0.286987 0.372044
vt 0.262022 0.284093
vt 0.230140 0.294128
vt 0.323821 0.397059
vt 0.314762 0.386177
vt 0.325674 0.369913
vt 0.341592 0.386168
vt 0.334801 0.366672
vt 0.374057 0.376670
vt 0.366747 0.355230
vt 0.304140 0.270249
vt 0.334764 0.260478
vt 0.295817 0.273089
vt 0.409496 0.730573
vt 0.407630 0.770060
vt 0.412154 0.765577
vt 0.413430 0.730547
vt 0.322061 0.439325
vt 0.293984 0.452699
vt 0.267458 0.459282
vt 0.267108 0.479011
vt 0.267108 0.692777
vt 0.582021 0.277898
vt 0.592790 0.260429
vt 0.160164 0.405137
vt 0.157316 0.420398
vt 0.182251 0.427886
vt 0.186337 0.411098
vt 0.149113 0.443544
vt 0.174458 0.451934
vt 0.121933 0.429678
vt 0.130653 0.407270
vt 0.186349 0.394763
vt 0.156831 0.389396
vt 0.134528 0.397228
vt 0.060056 0.405282
vt 0.059918 0.416207
vt 0.093394 0.415914
vt 0.092222 0.409202
vt 0.108549 0.419672
vt 0.105615 0.424848
vt 0.060703 0.429436
vt 0.186410 0.377904
vt 0.210820 0.294128
vt 0.178938 0.284093
vt 0.153973 0.372044
vt 0.117139 0.397059
vt 0.126198 0.386177
vt 0.115286 0.369913
vt 0.099368 0.386168
vt 0.106159 0.366672
vt 0.066903 0.376670
vt 0.074213 0.355230
vt 0.136820 0.270249
vt 0.106196 0.260478
vt 0.145143 0.273089
vt 0.031464 0.730573
vt 0.027530 0.730547
vt 0.028806 0.765577
vt 0.033330 0.770060
vt 0.029555 0.696434
vt 0.025566 0.696520
vt 0.118899 0.439325
vt 0.146976 0.452699
vt 0.173502 0.459282
vt 0.027371 0.481874
vt 0.161181 0.479259
vt 0.173852 0.479011
vt 0.161835 0.680445
vt 0.173852 0.692777
vt 0.019980 0.547109
vt 0.023834 0.547326
vt 0.021493 0.480056
vt 0.017714 0.473222
vt 0.022824 0.649007
vt 0.026890 0.648788
vt 0.029578 0.546579
vt 0.405763 0.696128
vt 0.303120 0.695118
vt 0.403848 0.730455
vt 0.402141 0.766699
vt 0.381465 0.765423
vt 0.331094 0.733148
vt 0.267108 0.712253
vt 0.038819 0.766699
vt 0.037112 0.730455
vt 0.059495 0.765423
vt 0.109866 0.733148
vt 0.035196 0.696128
vt 0.153244 0.691253
vt 0.137839 0.695118
vt 0.173852 0.712253
vt 0.032541 0.648555
s 1
usemtl Interior_SG
f 3745/2976/3520 3746/2977/3521 3747/2978/3522
f 3745/2976/3520 3747/2978/3522 3748/2979/3523
f 3749/2980/3524 3750/2981/3525 3751/2982/3526
f 3749/2980/3524 3751/2982/3526 3752/2983/3527
f 3750/2981/3525 3753/2984/3528 3754/2985/3529
f 3750/2981/3525 3754/2985/3529 3751/2982/3526
f 3753/2984/3528 3755/2986/3530 3756/2987/3531
f 3753/2984/3528 3756/2987/3531 3754/2985/3529
f 3755/2986/3530 3745/2976/3520 3748/2979/3523
f 3755/2986/3530 3748/2979/3523 3756/2987/3531
f 3757/2988/3532 3758/2989/3533 3759/2990/3534
f 3757/2988/3532 3759/2990/3534 3760/2991/3535
f 3761/2992/3536 3757/2988/3532 3760/2991/3535
f 3761/2992/3536 3760/2991/3535 3762/2993/3537
f 3758/2989/3533 3757/2988/3532 3751/2982/3526
f 3758/2989/3533 3751/2982/3526 3754/2985/3529
f 3757/2988/3532 3761/2992/3536 3752/2983/3527
f 3757/2988/3532 3752/2983/3527 3751/2982/3526
f 3763/2994/3538 3764/2995/3539 3765/2996/3540
f 3763/2994/3538 3765/2996/3540 3766/2997/3541
f 3767/2998/3542 3768/2999/3543 3769/3000/3544
f 3767/2998/3542 3769/3000/3544 3770/3001/3545
f 3771/3002/3546 3762/2993/3537 3772/3003/3547
f 3771/3002/3546 3772/3003/3547 3773/3004/3548
f 3762/2993/3537 3760/2991/3535 3774/3005/3549
f 3762/2993/3537 3774/3005/3549 3772/3003/3547
f 3760/2991/3535 3759/2990/3534 3775/3006/3550
f 3760/2991/3535 3775/3006/3550 3774/3005/3549
f 3759/2990/3534 3776/3007/3551 3777/3008/3552
f 3759/2990/3534 3777/3008/3552 3775/3006/3550
f 3776/3007/3551 3778/3009/3553 3779/3010/3554
f 3776/3007/3551 3779/3010/3554 3777/3008/3552
f 3780/3011/3555 3781/3012/3556 3782/3013/3557
f 3780/3011/3555 3782/3013/3557 3783/3014/3558
f 3783/3014/3558 3784/3015/3559 3785/3016/3560
f 3783/3014/3558 3785/3016/3560 3780/3011/3555
f 3770/3001/3545 3769/3000/3544 3786/3017/3561
f 3770/3001/3545 3786/3017/3561 3787/3018/3562
f 3769/3000/3544 3788/3019/3563 3789/3020/3564
f 3769/3000/3544 3789/3020/3564 3786/3017/3561
f 3788/3019/3563 3790/3021/3565 3791/3022/3566
f 3788/3019/3563 3791/3022/3566 3789/3020/3564
f 3773/3004/3548 3772/3003/3547 3792/3023/3567
f 3773/3004/3548 3792/3023/3567 3793/3024/3568
f 3772/3003/3547 3774/3005/3549 3794/3025/3569
f 3772/3003/3547 3794/3025/3569 3792/3023/3567
f 3774/3005/3549 3775/3006/3550 3795/3026/3570
f 3774/3005/3549 3795/3026/3570 3794/3025/3569
f 3775/3006/3550 3777/3008/3552 3796/3027/3571
f 3775/3006/3550 3796/3027/3571 3795/3026/3570
f 3777/3008/3552 3779/3010/3554 3797/3028/3572
f 3777/3008/3552 3797/3028/3572 3796/3027/3571
f 3798/3029/3573 3799/3030/3574 3800/3031/3575
f 3799/3030/3574 3801/3032/3576 3800/3031/3575
f 3801/3032/3576 3802/3033/3577 3803/3034/3578
f 3801/3032/3576 3803/3034/3578 3800/3031/3575
f 3803/3034/3578 3804/3035/3579 3800/3031/3575
f 3804/3035/3579 3805/3036/3580 3800/3031/3575
f 3805/3036/3580 3806/3037/3581 3800/3031/3575
f 3806/3037/3581 3807/3038/3582 3800/3031/3575
f 3807/3038/3582 3808/3039/3583 3798/3029/3573
f 3807/3038/3582 3798/3029/3573 3800/3031/3575
f 3792/3023/3567 3794/3025/3569 3805/3036/3580
f 3792/3023/3567 3805/3036/3580 3804/3035/3579
f 3793/3024/3568 3792/3023/3567 3804/3035/3579
f 3793/3024/3568 3804/3035/3579 3803/3034/3578
f 3789/3020/3564 3791/3022/3566 3802/3033/3577
f 3789/3020/3564 3802/3033/3577 3801/3032/3576
f 3786/3017/3561 3789/3020/3564 3801/3032/3576
f 3786/3017/3561 3801/3032/3576 3799/3030/3574
f 3787/3018/3562 3786/3017/3561 3799/3030/3574
f 3787/3018/3562 3799/3030/3574 3798/3029/3573
f 3796/3027/3571 3797/3028/3572 3808/3039/3583
f 3796/3027/3571 3808/3039/3583 3807/3038/3582
f 3795/3026/3570 3796/3027/3571 3807/3038/3582
f 3795/3026/3570 3807/3038/3582 3806/3037/3581
f 3794/3025/3569 3795/3026/3570 3806/3037/3581
f 3794/3025/3569 3806/3037/3581 3805/3036/3580
f 3746/2977/3521 3745/2976/3520 3809/3040/3584
f 3746/2977/3521 3809/3040/3584 3810/3041/3585
f 3811/3042/3586 3812/3043/3587 3813/3044/3588
f 3811/3042/3586 3813/3044/3588 3814/3045/3589
f 3815/3046/3590 3811/3042/3586 3814/3045/3589
f 3815/3046/3590 3814/3045/3589 3816/3047/3591
f 3749/2980/3524 3815/3046/3590 3816/3047/3591
f 3749/2980/3524 3816/3047/3591 3817/3048/3592
f 3750/2981/3525 3749/2980/3524 3817/3048/3592
f 3750/2981/3525 3817/3048/3592 3818/3049/3593
f 3753/2984/3528 3750/2981/3525 3818/3049/3593
f 3753/2984/3528 3818/3049/3593 3819/3050/3594
f 3755/2986/3530 3753/2984/3528 3819/3050/3594
f 3755/2986/3530 3819/3050/3594 3820/3051/3595
f 3745/2976/3520 3755/2986/3530 3820/3051/3595
f 3745/2976/3520 3820/3051/3595 3809/3040/3584
f 3810/3041/3585 3809/3040/3584 3821/3052/3596
f 3810/3041/3585 3821/3052/3596 3822/3053/3597
f 3814/3045/3589 3813/3044/3588 3823/3054/3597
f 3814/3045/3589 3823/3054/3597 3824/3055/3598
f 3816/3047/3591 3814/3045/3589 3824/3055/3598
f 3816/3047/3591 3824/3055/3598 3825/3056/3599
f 3817/3048/3592 3816/3047/3591 3825/3056/3599
f 3817/3048/3592 3825/3056/3599 3826/3057/3600
f 3818/3049/3593 3817/3048/3592 3826/3057/3600
f 3818/3049/3593 3826/3057/3600 3827/3058/3601
f 3819/3050/3594 3818/3049/3593 3827/3058/3601
f 3819/3050/3594 3827/3058/3601 3828/3059/3602
f 3820/3051/3595 3819/3050/3594 3828/3059/3602
f 3820/3051/3595 3828/3059/3602 3829/3060/3603
f 3809/3040/3584 3820/3051/3595 3829/3060/3603
f 3809/3040/3584 3829/3060/3603 3821/3052/3596
f 3822/3053/3597 3821/3052/3596 3830/3061/3604
f 3822/3053/3597 3830/3061/3604 3831/3062/3605
f 3824/3055/3598 3823/3054/3597 3832/3063/3605
f 3824/3055/3598 3832/3063/3605 3833/3064/3606
f 3825/3056/3599 3824/3055/3598 3833/3064/3606
f 3825/3056/3599 3833/3064/3606 3834/3065/3607
f 3826/3057/3600 3825/3056/3599 3834/3065/3607
f 3826/3057/3600 3834/3065/3607 3835/3066/3608
f 3827/3058/3601 3826/3057/3600 3835/3066/3608
f 3827/3058/3601 3835/3066/3608 3836/3067/3532
f 3828/3059/3602 3827/3058/3601 3836/3067/3532
f 3828/3059/3602 3836/3067/3532 3837/3068/3609
f 3829/3060/3603 3828/3059/3602 3837/3068/3609
f 3829/3060/3603 3837/3068/3609 3838/3069/3610
f 3821/3052/3596 3829/3060/3603 3838/3069/3610
f 3821/3052/3596 3838/3069/3610 3830/3061/3604
f 3791/3022/3566 3790/3021/3565 3773/3004/3548
f 3791/3022/3566 3773/3004/3548 3793/3024/3568
f 3802/3033/3577 3791/3022/3566 3793/3024/3568
f 3802/3033/3577 3793/3024/3568 3803/3034/3578
f 3779/3010/3554 3778/3009/3553 3767/2998/3542
f 3779/3010/3554 3767/2998/3542 3770/3001/3545
f 3797/3028/3572 3779/3010/3554 3770/3001/3545
f 3797/3028/3572 3770/3001/3545 3787/3018/3562
f 3808/3039/3583 3797/3028/3572 3787/3018/3562
f 3808/3039/3583 3787/3018/3562 3798/3029/3573
f 3839/3070/3522 3812/3043/3587 3811/3042/3586
f 3839/3070/3522 3811/3042/3586 3840/3071/3611
f 3840/3071/3611 3811/3042/3586 3815/3046/3590
f 3840/3071/3611 3815/3046/3590 3841/3072/3612
f 3841/3072/3612 3815/3046/3590 3749/2980/3524
f 3841/3072/3612 3749/2980/3524 3752/2983/3527
f 3842/3073/3546 3843/3074/3613 3761/2992/3536
f 3842/3073/3546 3761/2992/3536 3762/2993/3537
f 3844/3075/3614 3845/3076/3615 3846/3077/3616
f 3844/3075/3614 3846/3077/3616 3847/3078/3617
f 3848/3079/3618 3849/3080/3619 3850/3081/3620
f 3848/3079/3618 3850/3081/3620 3851/3082/3543
f 3752/2983/3527 3761/2992/3536 3843/3074/3613
f 3752/2983/3527 3843/3074/3613 3841/3072/3612
f 3839/3070/3522 3840/3071/3611 3849/3080/3619
f 3839/3070/3522 3849/3080/3619 3848/3079/3618
f 3852/3083/3621 3853/3084/3622 3854/3085/3623
f 3852/3083/3621 3854/3085/3623 3855/3086/3624
f 3853/3084/3622 3856/3087/3625 3857/3088/3626
f 3853/3084/3622 3857/3088/3626 3854/3085/3623
f 3858/3089/3627 3859/3090/3628 3846/3077/3616
f 3858/3089/3627 3846/3077/3616 3860/3091/3629
f 3860/3091/3629 3861/3092/3630 3862/3093/3624
f 3860/3091/3629 3862/3093/3624 3858/3089/3627
f 3769/3000/3544 3768/2999/3543 3863/3094/3620
f 3769/3000/3544 3863/3094/3620 3788/3019/3563
f 3788/3019/3563 3863/3094/3620 3864/3095/3631
f 3788/3019/3563 3864/3095/3631 3790/3021/3565
f 3854/3085/3623 3857/3088/3626 3865/3096/3632
f 3854/3085/3623 3865/3096/3632 3866/3097/3633
f 3867/3098/3634 3855/3086/3624 3854/3085/3623
f 3867/3098/3634 3854/3085/3623 3866/3097/3633
f 3862/3093/3624 3868/3099/3635 3869/3100/3636
f 3862/3093/3624 3869/3100/3636 3858/3089/3627
f 3859/3090/3628 3858/3089/3627 3869/3100/3636
f 3859/3090/3628 3869/3100/3636 3870/3101/3637
f 3857/3088/3626 3859/3090/3628 3870/3101/3637
f 3857/3088/3626 3870/3101/3637 3865/3096/3632
f 3856/3087/3625 3846/3077/3616 3859/3090/3628
f 3856/3087/3625 3859/3090/3628 3857/3088/3626
f 3871/3102/3546 3847/3078/3617 3846/3077/3616
f 3871/3102/3546 3846/3077/3616 3872/3103/3638
f 3773/3004/3548 3790/3021/3565 3864/3095/3631
f 3773/3004/3548 3864/3095/3631 3771/3002/3546
f 3860/3091/3629 3846/3077/3616 3845/3076/3615
f 3861/3092/3630 3860/3091/3629 3845/3076/3615
f 3861/3092/3630 3845/3076/3615 3873/3104/3611
f 3853/3084/3622 3852/3083/3621 3874/3105/3639
f 3853/3084/3622 3874/3105/3639 3875/3106/3640
f 3856/3087/3625 3853/3084/3622 3875/3106/3640
f 3856/3087/3625 3875/3106/3640 3872/3103/3638
f 3846/3077/3616 3856/3087/3625 3872/3103/3638
f 3766/2997/3541 3765/2996/3540 3781/3012/3556
f 3766/2997/3541 3781/3012/3556 3780/3011/3555
f 3876/3107/3542 3877/3108/3641 3878/3109/3618
f 3876/3107/3542 3878/3109/3618 3879/3110/3543
f 3880/3111/3551 3881/3112/3642 3882/3113/3643
f 3880/3111/3551 3882/3113/3643 3883/3114/3644
f 3758/2989/3533 3884/3115/3645 3885/3116/3551
f 3758/2989/3533 3885/3116/3551 3759/2990/3534
f 3877/3108/3641 3748/2979/3523 3747/2978/3522
f 3877/3108/3641 3747/2978/3522 3878/3109/3618
f 3884/3115/3645 3758/2989/3533 3754/2985/3529
f 3884/3115/3645 3754/2985/3529 3756/2987/3531
f 3886/3117/3646 3887/3118/3647 3888/3119/3641
f 3886/3117/3646 3888/3119/3641 3889/3120/3648
f 3882/3113/3643 3890/3121/3649 3785/3016/3560
f 3882/3113/3643 3785/3016/3560 3891/3122/3650
f 3766/2997/3541 3890/3121/3649 3881/3112/3642
f 3766/2997/3541 3881/3112/3642 3763/2994/3538
f 3892/3123/3651 3891/3122/3650 3785/3016/3560
f 3892/3123/3651 3785/3016/3560 3784/3015/3559
f 3893/3124/3652 3894/3125/3557 3895/3126/3556
f 3893/3124/3652 3895/3126/3556 3896/3127/3653
f 3893/3124/3652 3896/3127/3653 3891/3122/3650
f 3893/3124/3652 3891/3122/3650 3892/3123/3651
f 3882/3113/3643 3889/3120/3648 3888/3119/3641
f 3897/3128/3654 3883/3114/3644 3882/3113/3643
f 3897/3128/3654 3882/3113/3643 3888/3119/3641
f 3895/3126/3556 3886/3117/3646 3889/3120/3648
f 3895/3126/3556 3889/3120/3648 3896/3127/3653
f 3780/3011/3555 3785/3016/3560 3890/3121/3649
f 3780/3011/3555 3890/3121/3649 3766/2997/3541
f 3882/3113/3643 3891/3122/3650 3896/3127/3653
f 3882/3113/3643 3896/3127/3653 3889/3120/3648
f 3890/3121/3649 3882/3113/3643 3881/3112/3642
f 3898/3129/3608 3899/3130/3655 3900/3131/3656
f 3898/3129/3608 3900/3131/3656 3901/3132/3657
f 3902/3133/3658 3898/3129/3608 3901/3132/3657
f 3902/3133/3658 3901/3132/3657 3903/3134/3659
f 3904/3135/3532 3902/3133/3658 3903/3134/3659
f 3904/3135/3532 3903/3134/3659 3905/3136/3660
f 3906/3137/3661 3907/3138/3662 3908/3139/3660
f 3906/3137/3661 3908/3139/3660 3909/3140/3663
f 3910/3141/3609 3906/3137/3661 3909/3140/3663
f 3910/3141/3609 3909/3140/3663 3911/3142/3664
f 3912/3143/3665 3910/3141/3609 3911/3142/3664
f 3912/3143/3665 3911/3142/3664 3913/3144/3666
f 3914/3145/3610 3912/3143/3665 3913/3144/3666
f 3914/3145/3610 3913/3144/3666 3915/3146/3667
f 3916/3147/3668 3914/3145/3610 3915/3146/3667
f 3916/3147/3668 3915/3146/3667 3917/3148/3669
f 3918/3149/3604 3916/3147/3668 3917/3148/3669
f 3918/3149/3604 3917/3148/3669 3919/3150/3670
f 3920/3151/3671 3918/3149/3604 3919/3150/3670
f 3920/3151/3671 3919/3150/3670 3921/3152/3672
f 3922/3153/3605 3920/3151/3671 3921/3152/3672
f 3922/3153/3605 3921/3152/3672 3923/3154/3673
f 3924/3155/3674 3922/3153/3605 3923/3154/3673
f 3924/3155/3674 3923/3154/3673 3925/3156/3675
f 3926/3157/3606 3924/3155/3674 3925/3156/3675
f 3926/3157/3606 3925/3156/3675 3927/3158/3676
f 3928/3159/3677 3926/3157/3606 3927/3158/3676
f 3928/3159/3677 3927/3158/3676 3929/3160/3678
f 3930/3161/3607 3928/3159/3677 3929/3160/3678
f 3930/3161/3607 3929/3160/3678 3931/3162/3679
f 3899/3130/3655 3930/3161/3607 3931/3162/3679
f 3899/3130/3655 3931/3162/3679 3900/3131/3656
f 3901/3132/3657 3900/3131/3656 3932/3163/3680
f 3901/3132/3657 3932/3163/3680 3933/3164/3681
f 3903/3134/3659 3901/3132/3657 3933/3164/3681
f 3903/3134/3659 3933/3164/3681 3934/3165/3682
f 3905/3136/3660 3903/3134/3659 3934/3165/3682
f 3905/3136/3660 3934/3165/3682 3935/3166/3683
f 3909/3140/3663 3908/3139/3660 3936/3167/3683
f 3909/3140/3663 3936/3167/3683 3937/3168/3684
f 3911/3142/3664 3909/3140/3663 3937/3168/3684
f 3911/3142/3664 3937/3168/3684 3938/3169/3685
f 3913/3144/3666 3911/3142/3664 3938/3169/3685
f 3913/3144/3666 3938/3169/3685 3939/3170/3686
f 3915/3146/3667 3913/3144/3666 3939/3170/3686
f 3915/3146/3667 3939/3170/3686 3940/3171/3687
f 3917/3148/3669 3915/3146/3667 3940/3171/3687
f 3917/3148/3669 3940/3171/3687 3941/3172/3688
f 3919/3150/3670 3917/3148/3669 3941/3172/3688
f 3919/3150/3670 3941/3172/3688 3942/3173/3689
f 3921/3152/3672 3919/3150/3670 3942/3173/3689
f 3921/3152/3672 3942/3173/3689 3943/3174/3690
f 3923/3154/3673 3921/3152/3672 3943/3174/3690
f 3923/3154/3673 3943/3174/3690 3944/3175/3691
f 3925/3156/3675 3923/3154/3673 3944/3175/3691
f 3925/3156/3675 3944/3175/3691 3945/3176/3692
f 3927/3158/3676 3925/3156/3675 3945/3176/3692
f 3927/3158/3676 3945/3176/3692 3946/3177/3693
f 3929/3160/3678 3927/3158/3676 3946/3177/3693
f 3929/3160/3678 3946/3177/3693 3947/3178/3694
f 3931/3162/3679 3929/3160/3678 3947/3178/3694
f 3931/3162/3679 3947/3178/3694 3948/3179/3695
f 3900/3131/3656 3931/3162/3679 3948/3179/3695
f 3900/3131/3656 3948/3179/3695 3932/3163/3680
f 3933/3164/3681 3932/3163/3680 3949/3180/3696
f 3933/3164/3681 3949/3180/3696 3950/3181/3697
f 3934/3165/3682 3933/3164/3681 3950/3181/3697
f 3934/3165/3682 3950/3181/3697 3951/3182/3698
f 3935/3166/3683 3934/3165/3682 3951/3182/3698
f 3935/3166/3683 3951/3182/3698 3952/3183/3699
f 3937/3168/3684 3936/3167/3683 3953/3184/3700
f 3937/3168/3684 3953/3184/3700 3954/3185/3701
f 3938/3169/3685 3937/3168/3684 3954/3185/3701
f 3938/3169/3685 3954/3185/3701 3955/3186/3702
f 3939/3170/3686 3938/3169/3685 3955/3186/3702
f 3939/3170/3686 3955/3186/3702 3956/3187/3703
f 3940/3171/3687 3939/3170/3686 3956/3187/3703
f 3940/3171/3687 3956/3187/3703 3957/3188/3704
f 3941/3172/3688 3940/3171/3687 3957/3188/3704
f 3941/3172/3688 3957/3188/3704 3958/3189/3705
f 3942/3173/3689 3941/3172/3688 3958/3189/3705
f 3942/3173/3689 3958/3189/3705 3959/3190/3706
f 3943/3174/3690 3942/3173/3689 3959/3190/3706
f 3943/3174/3690 3959/3190/3706 3960/3191/3707
f 3944/3175/3691 3943/3174/3690 3960/3191/3707
f 3944/3175/3691 3960/3191/3707 3961/3192/3708
f 3945/3176/3692 3944/3175/3691 3961/3192/3708
f 3945/3176/3692 3961/3192/3708 3962/3193/3709
f 3946/3177/3693 3945/3176/3692 3962/3193/3709
f 3946/3177/3693 3962/3193/3709 3963/3194/3710
f 3947/3178/3694 3946/3177/3693 3963/3194/3710
f 3947/3178/3694 3963/3194/3710 3964/3195/3711
f 3948/3179/3695 3947/3178/3694 3964/3195/3711
f 3948/3179/3695 3964/3195/3711 3965/3196/3712
f 3932/3163/3680 3948/3179/3695 3965/3196/3712
f 3932/3163/3680 3965/3196/3712 3949/3180/3696
f 3950/3181/3697 3949/3180/3696 3966/3197/3668
f 3950/3181/3697 3966/3197/3668 3967/3198/3604
f 3951/3182/3698 3950/3181/3697 3967/3198/3604
f 3951/3182/3698 3967/3198/3604 3968/3199/3671
f 3952/3183/3699 3951/3182/3698 3968/3199/3671
f 3952/3183/3699 3968/3199/3671 3969/3200/3605
f 3954/3185/3701 3953/3184/3700 3970/3201/3605
f 3954/3185/3701 3970/3201/3605 3971/3202/3674
f 3955/3186/3702 3954/3185/3701 3971/3202/3674
f 3955/3186/3702 3971/3202/3674 3972/3203/3606
f 3956/3187/3703 3955/3186/3702 3972/3203/3606
f 3956/3187/3703 3972/3203/3606 3973/3204/3677
f 3957/3188/3704 3956/3187/3703 3973/3204/3677
f 3957/3188/3704 3973/3204/3677 3974/3205/3607
f 3958/3189/3705 3957/3188/3704 3974/3205/3607
f 3958/3189/3705 3974/3205/3607 3975/3206/3655
f 3959/3190/3706 3958/3189/3705 3975/3206/3655
f 3959/3190/3706 3975/3206/3655 3976/3207/3608
f 3960/3191/3707 3959/3190/3706 3976/3207/3608
f 3960/3191/3707 3976/3207/3608 3977/3208/3658
f 3961/3192/3708 3960/3191/3707 3977/3208/3658
f 3961/3192/3708 3977/3208/3658 3978/3209/3662
f 3962/3193/3709 3961/3192/3708 3978/3209/3662
f 3962/3193/3709 3978/3209/3662 3979/3210/3713
f 3963/3194/3710 3962/3193/3709 3979/3210/3713
f 3963/3194/3710 3979/3210/3713 3980/3211/3609
f 3964/3195/3711 3963/3194/3710 3980/3211/3609
f 3964/3195/3711 3980/3211/3609 3981/3212/3665
f 3965/3196/3712 3964/3195/3711 3981/3212/3665
f 3965/3196/3712 3981/3212/3665 3982/3213/3610
f 3949/3180/3696 3965/3196/3712 3982/3213/3610
f 3949/3180/3696 3982/3213/3610 3966/3197/3668
f 3967/3198/3604 3966/3197/3668 3983/3214/3714
f 3967/3198/3604 3983/3214/3714 3984/3215/3715
f 3968/3199/3671 3967/3198/3604 3984/3215/3715
f 3968/3199/3671 3984/3215/3715 3985/3216/3716
f 3969/3200/3605 3968/3199/3671 3985/3216/3716
f 3969/3200/3605 3985/3216/3716 3986/3217/3717
f 3971/3202/3674 3970/3201/3605 3987/3218/3718
f 3971/3202/3674 3987/3218/3718 3988/3219/3719
f 3972/3203/3606 3971/3202/3674 3988/3219/3719
f 3972/3203/3606 3988/3219/3719 3989/3220/3720
f 3973/3204/3677 3972/3203/3606 3989/3220/3720
f 3973/3204/3677 3989/3220/3720 3990/3221/3721
f 3974/3205/3607 3973/3204/3677 3990/3221/3721
f 3974/3205/3607 3990/3221/3721 3991/3222/3722
f 3975/3206/3655 3974/3205/3607 3991/3222/3722
f 3975/3206/3655 3991/3222/3722 3992/3223/3723
f 3976/3207/3608 3975/3206/3655 3992/3223/3723
f 3976/3207/3608 3992/3223/3723 3993/3224/3724
f 3977/3208/3658 3976/3207/3608 3993/3224/3724
f 3977/3208/3658 3993/3224/3724 3994/3225/3725
f 3978/3209/3662 3977/3208/3658 3994/3225/3725
f 3978/3209/3662 3994/3225/3725 3995/3226/3726
f 3979/3210/3713 3978/3209/3662 3995/3226/3726
f 3979/3210/3713 3995/3226/3726 3996/3227/3727
f 3980/3211/3609 3979/3210/3713 3996/3227/3727
f 3980/3211/3609 3996/3227/3727 3997/3228/3728
f 3981/3212/3665 3980/3211/3609 3997/3228/3728
f 3981/3212/3665 3997/3228/3728 3998/3229/3729
f 3982/3213/3610 3981/3212/3665 3998/3229/3729
f 3982/3213/3610 3998/3229/3729 3999/3230/3730
f 3966/3197/3668 3982/3213/3610 3999/3230/3730
f 3966/3197/3668 3999/3230/3730 3983/3214/3714
f 3984/3215/3715 3983/3214/3714 4000/3231/3731
f 3984/3215/3715 4000/3231/3731 4001/3232/3732
f 3985/3216/3716 3984/3215/3715 4001/3232/3732
f 3985/3216/3716 4001/3232/3732 4002/3233/3733
f 3986/3217/3717 3985/3216/3716 4002/3233/3733
f 3986/3217/3717 4002/3233/3733 4003/3234/3734
f 3988/3219/3719 3987/3218/3718 4004/3235/3734
f 3988/3219/3719 4004/3235/3734 4005/3236/3735
f 3989/3220/3720 3988/3219/3719 4005/3236/3735
f 3989/3220/3720 4005/3236/3735 4006/3237/3736
f 3990/3221/3721 3989/3220/3720 4006/3237/3736
f 3990/3221/3721 4006/3237/3736 4007/3238/3737
f 3991/3222/3722 3990/3221/3721 4007/3238/3737
f 3991/3222/3722 4007/3238/3737 4008/3239/3738
f 3992/3223/3723 3991/3222/3722 4008/3239/3738
f 3992/3223/3723 4008/3239/3738 4009/3240/3739
f 3993/3224/3724 3992/3223/3723 4009/3240/3739
f 3993/3224/3724 4009/3240/3739 4010/3241/3740
f 3994/3225/3725 3993/3224/3724 4010/3241/3740
f 3994/3225/3725 4010/3241/3740 4011/3242/3741
f 3995/3226/3726 3994/3225/3725 4011/3242/3741
f 3995/3226/3726 4011/3242/3741 4012/3243/3742
f 3996/3227/3727 3995/3226/3726 4012/3243/3742
f 3996/3227/3727 4012/3243/3742 4013/3244/3743
f 3997/3228/3728 3996/3227/3727 4013/3244/3743
f 3997/3228/3728 4013/3244/3743 4014/3245/3744
f 3998/3229/3729 3997/3228/3728 4014/3245/3744
f 3998/3229/3729 4014/3245/3744 4015/3246/3745
f 3999/3230/3730 3998/3229/3729 4015/3246/3745
f 3999/3230/3730 4015/3246/3745 4016/3247/3746
f 3983/3214/3714 3999/3230/3730 4016/3247/3746
f 3983/3214/3714 4016/3247/3746 4000/3231/3731
f 4001/3232/3732 4000/3231/3731 4017/3248/3747
f 4001/3232/3732 4017/3248/3747 4018/3249/3748
f 4002/3233/3733 4001/3232/3732 4018/3249/3748
f 4002/3233/3733 4018/3249/3748 4019/3250/3749
f 4003/3234/3734 4002/3233/3733 4019/3250/3749
f 4003/3234/3734 4019/3250/3749 4020/3251/3750
f 4005/3236/3735 4004/3235/3734 4021/3252/3750
f 4005/3236/3735 4021/3252/3750 4022/3253/3751
f 4006/3237/3736 4005/3236/3735 4022/3253/3751
f 4006/3237/3736 4022/3253/3751 4023/3254/3752
f 4007/3238/3737 4006/3237/3736 4023/3254/3752
f 4007/3238/3737 4023/3254/3752 4024/3255/3753
f 4008/3239/3738 4007/3238/3737 4024/3255/3753
f 4008/3239/3738 4024/3255/3753 4025/3256/3754
f 4009/3240/3739 4008/3239/3738 4025/3256/3754
f 4009/3240/3739 4025/3256/3754 4026/3257/3755
f 4010/3241/3740 4009/3240/3739 4026/3257/3755
f 4010/3241/3740 4026/3257/3755 4027/3258/3756
f 4011/3242/3741 4010/3241/3740 4027/3258/3756
f 4011/3242/3741 4027/3258/3756 4028/3259/3757
f 4012/3243/3742 4011/3242/3741 4028/3259/3757
f 4012/3243/3742 4028/3259/3757 4029/3260/3758
f 4013/3244/3743 4012/3243/3742 4029/3260/3758
f 4013/3244/3743 4029/3260/3758 4030/3261/3759
f 4014/3245/3744 4013/3244/3743 4030/3261/3759
f 4014/3245/3744 4030/3261/3759 4031/3262/3760
f 4015/3246/3745 4014/3245/3744 4031/3262/3760
f 4015/3246/3745 4031/3262/3760 4032/3263/3761
f 4016/3247/3746 4015/3246/3745 4032/3263/3761
f 4016/3247/3746 4032/3263/3761 4033/3264/3762
f 4000/3231/3731 4016/3247/3746 4033/3264/3762
f 4000/3231/3731 4033/3264/3762 4017/3248/3747
f 4034/3265/3763 4035/3266/3764 3899/3130/3655
f 4034/3265/3763 3899/3130/3655 3898/3129/3608
f 4036/3267/3765 4034/3265/3763 3898/3129/3608
f 4036/3267/3765 3898/3129/3608 3902/3133/3658
f 4037/3268/3750 4036/3267/3765 3902/3133/3658
f 4037/3268/3750 3902/3133/3658 3904/3135/3532
f 4038/3269/3766 4039/3270/3750 3907/3138/3662
f 4038/3269/3766 3907/3138/3662 3906/3137/3661
f 4040/3271/3752 4038/3269/3766 3906/3137/3661
f 4040/3271/3752 3906/3137/3661 3910/3141/3609
f 4041/3272/3767 4040/3271/3752 3910/3141/3609
f 4041/3272/3767 3910/3141/3609 3912/3143/3665
f 4042/3273/3768 4041/3272/3767 3912/3143/3665
f 4042/3273/3768 3912/3143/3665 3914/3145/3610
f 4043/3274/3769 4042/3273/3768 3914/3145/3610
f 4043/3274/3769 3914/3145/3610 3916/3147/3668
f 4044/3275/3770 4043/3274/3769 3916/3147/3668
f 4044/3275/3770 3916/3147/3668 3918/3149/3604
f 4045/3276/3771 4044/3275/3770 3918/3149/3604
f 4045/3276/3771 3918/3149/3604 3920/3151/3671
f 4046/3277/3758 4045/3276/3771 3920/3151/3671
f 4046/3277/3758 3920/3151/3671 3922/3153/3605
f 4047/3278/3759 4046/3277/3758 3922/3153/3605
f 4047/3278/3759 3922/3153/3605 3924/3155/3674
f 4048/3279/3760 4047/3278/3759 3924/3155/3674
f 4048/3279/3760 3924/3155/3674 3926/3157/3606
f 4049/3280/3772 4048/3279/3760 3926/3157/3606
f 4049/3280/3772 3926/3157/3606 3928/3159/3677
f 4050/3281/3773 4049/3280/3772 3928/3159/3677
f 4050/3281/3773 3928/3159/3677 3930/3161/3607
f 4035/3266/3764 4050/3281/3773 3930/3161/3607
f 4035/3266/3764 3930/3161/3607 3899/3130/3655
f 4051/3282/3774 4052/3283/3775 4053/3284/3776
f 4051/3282/3774 4053/3284/3776 4054/3285/3777
f 4054/3285/3777 4055/3286/3778 4056/3287/3779
f 4054/3285/3777 4056/3287/3779 4051/3282/3774
f 4057/3288/3780 4058/3289/3781 4056/3287/3779
f 4057/3288/3780 4056/3287/3779 4055/3286/3778
f 4054/3285/3777 4053/3284/3776 4059/3290/3782
f 4054/3285/3777 4059/3290/3782 4060/3291/3783
f 4061/3292/3784 4055/3286/3778 4054/3285/3777
f 4061/3292/3784 4054/3285/3777 4060/3291/3783
f 4062/3293/3785 4063/3294/3786 4060/3291/3783
f 4060/3291/3783 4059/3290/3782 4062/3293/3785
f 4064/3295/3787 4061/3292/3784 4060/3291/3783
f 4064/3295/3787 4060/3291/3783 4063/3294/3786
f 4065/3296/3788 4066/3297/3789 4067/3298/3789
f 4065/3296/3788 4067/3298/3789 4068/3299/3788
f 4069/3300/3790 4070/3301/3791 4071/3302/3791
f 4069/3300/3790 4071/3302/3791 4072/3303/3790
f 4073/3304/3792 4074/3305/3793 4075/3306/3794
f 4073/3304/3792 4075/3306/3794 4076/3307/3792
f 4077/3308/3795 4078/3309/3796 4079/3310/3796
f 4077/3308/3795 4079/3310/3796 4080/3311/3795
f 4079/3310/3796 4078/3309/3796 4065/3296/3788
f 4079/3310/3796 4065/3296/3788 4068/3299/3788
f 4067/3298/3789 4066/3297/3789 4073/3304/3792
f 4067/3298/3789 4073/3304/3792 4076/3307/3792
f 4077/3308/3795 4080/3311/3795 4081/3312/3790
f 4077/3308/3795 4081/3312/3790 4082/3313/3790
f 4071/3302/3791 4070/3301/3791 4075/3306/3794
f 4071/3302/3791 4075/3306/3794 4074/3305/3793
f 4083/3296/3789 4084/3299/3789 4085/3298/3788
f 4083/3296/3789 4085/3298/3788 4086/3297/3788
f 4087/3300/3791 4088/3303/3791 4089/3302/3790
f 4087/3300/3791 4089/3302/3790 4090/3301/3790
f 4091/3304/3796 4092/3307/3796 4093/3306/3797
f 4091/3304/3796 4093/3306/3797 4094/3305/3798
f 4095/3308/3794 4096/3311/3794 4097/3310/3792
f 4095/3308/3794 4097/3310/3792 4098/3309/3792
f 4097/3310/3792 4084/3299/3789 4083/3296/3789
f 4097/3310/3792 4083/3296/3789 4098/3309/3792
f 4085/3298/3788 4092/3307/3796 4091/3304/3796
f 4085/3298/3788 4091/3304/3796 4086/3297/3788
f 4095/3308/3794 4099/3313/3791 4100/3312/3791
f 4095/3308/3794 4100/3312/3791 4096/3311/3794
f 4089/3302/3790 4094/3305/3798 4093/3306/3797
f 4089/3302/3790 4093/3306/3797 4090/3301/3790
s 0
f 4101/3314/3799 4102/3315/3799 4103/3316/3799
f 4104/3317/3799 4105/3318/3799 4106/3319/3799
f 4104/3317/3799 4102/3315/3799 4101/3314/3799
f 4104/3317/3799 4101/3314/3799 4105/3318/3799
f 4105/3318/3799 4101/3314/3799 4107/3320/3799
f 4105/3318/3799 4107/3320/3799 4108/3321/3799
s 1
f 4109/3322/3800 4110/3323/3801 4111/3324/3802
f 4109/3322/3800 4111/3324/3802 4112/3325/3803
f 4112/3325/3803 4111/3324/3802 4113/3326/3804
f 4112/3325/3803 4113/3326/3804 4114/3327/3805
f 4115/3328/3806 4116/3329/3807 4117/3330/3808
f 4115/3328/3806 4117/3330/3808 4118/3331/3809
f 4110/3323/3801 4119/3332/3810 4113/3326/3804
f 4110/3323/3801 4113/3326/3804 4111/3324/3802
f 4120/3333/3811 4109/3322/3800 4112/3325/3803
f 4120/3333/3811 4112/3325/3803 4114/3327/3805
f 4118/3331/3809 4121/3334/3812 4122/3335/3813
f 4118/3331/3809 4122/3335/3813 4115/3328/3806
f 4123/3336/3814 4124/3337/3815 4117/3330/3808
f 4123/3336/3814 4117/3330/3808 4116/3329/3807
f 4122/3335/3813 4123/3336/3814 4116/3329/3807
f 4122/3335/3813 4116/3329/3807 4115/3328/3806
f 4121/3334/3812 4120/3333/3811 4114/3327/3805
f 4121/3334/3812 4114/3327/3805 4122/3335/3813
f 4113/3326/3804 4119/3332/3810 4124/3337/3815
f 4113/3326/3804 4124/3337/3815 4123/3336/3814
f 4114/3327/3805 4113/3326/3804 4123/3336/3814
f 4114/3327/3805 4123/3336/3814 4122/3335/3813
f 4125/3338/3816 4126/3339/3817 4127/3340/3818
f 4125/3338/3816 4127/3340/3818 4128/3341/3819
f 4128/3341/3819 4127/3340/3818 4129/3342/3820
f 4128/3341/3819 4129/3342/3820 4130/3343/3821
f 4131/3344/3822 4132/3345/3823 4133/3346/3824
f 4131/3344/3822 4133/3346/3824 4134/3347/3825
f 4126/3339/3817 4135/3348/3826 4129/3342/3820
f 4126/3339/3817 4129/3342/3820 4127/3340/3818
f 4136/3349/3811 4125/3338/3816 4128/3341/3819
f 4136/3349/3811 4128/3341/3819 4130/3343/3821
f 4134/3347/3825 4137/3350/3827 4138/3351/3828
f 4134/3347/3825 4138/3351/3828 4131/3344/3822
f 4139/3352/3829 4140/3353/3830 4133/3346/3824
f 4139/3352/3829 4133/3346/3824 4132/3345/3823
f 4138/3351/3828 4139/3352/3829 4132/3345/3823
f 4138/3351/3828 4132/3345/3823 4131/3344/3822
f 4137/3350/3827 4136/3349/3811 4130/3343/3821
f 4137/3350/3827 4130/3343/3821 4138/3351/3828
f 4129/3342/3820 4135/3348/3826 4140/3353/3830
f 4129/3342/3820 4140/3353/3830 4139/3352/3829
f 4130/3343/3821 4129/3342/3820 4139/3352/3829
f 4130/3343/3821 4139/3352/3829 4138/3351/3828
f 4141/3354/3831 4142/3355/3832 4143/3356/3833
f 4141/3354/3831 4143/3356/3833 4144/3357/3834
f 4144/3357/3834 4143/3356/3833 4145/3358/3835
f 4144/3357/3834 4145/3358/3835 4146/3359/3836
f 4147/3360/3837 4148/3361/3838 4149/3362/3839
f 4147/3360/3837 4149/3362/3839 4150/3363/3840
f 4142/3355/3832 4151/3364/3841 4145/3358/3835
f 4142/3355/3832 4145/3358/3835 4143/3356/3833
f 4152/3365/3842 4141/3354/3831 4144/3357/3834
f 4152/3365/3842 4144/3357/3834 4146/3359/3836
f 4150/3363/3840 4153/3366/3843 4154/3367/3844
f 4150/3363/3840 4154/3367/3844 4147/3360/3837
f 4155/3368/3845 4156/3369/3846 4149/3362/3839
f 4155/3368/3845 4149/3362/3839 4148/3361/3838
f 4154/3367/3844 4155/3368/3845 4148/3361/3838
f 4154/3367/3844 4148/3361/3838 4147/3360/3837
f 4153/3366/3843 4152/3365/3842 4146/3359/3836
f 4153/3366/3843 4146/3359/3836 4154/3367/3844
f 4145/3358/3835 4151/3364/3841 4156/3369/3846
f 4145/3358/3835 4156/3369/3846 4155/3368/3845
f 4146/3359/3836 4145/3358/3835 4155/3368/3845
f 4146/3359/3836 4155/3368/3845 4154/3367/3844
f 4157/3370/3847 4158/3371/3848 4159/3372/3849
f 4157/3370/3847 4159/3372/3849 4160/3373/3850
f 4161/3374/3851 4162/3375/3852 4163/3376/3853
f 4161/3374/3851 4163/3376/3853 4164/3377/3854
f 4164/3377/3854 4159/3372/3849 4158/3371/3848
f 4164/3377/3854 4158/3371/3848 4161/3374/3851
f 4165/3378/3855 4157/3370/3847 4160/3373/3850
f 4165/3378/3855 4160/3373/3850 4166/3379/3856
f 4167/3380/3607 4168/3381/3607 4169/3382/3857
f 4167/3380/3607 4169/3382/3857 4170/3383/3858
f 4171/3384/3607 4167/3380/3607 4170/3383/3858
f 4171/3384/3607 4170/3383/3858 4172/3385/3859
f 4173/3386/3860 4171/3384/3607 4172/3385/3859
f 4173/3386/3860 4172/3385/3859 4174/3387/3861
f 4175/3388/3862 4173/3386/3860 4174/3387/3861
f 4175/3388/3862 4174/3387/3861 4176/3389/3863
f 4162/3375/3852 4177/3390/3864 4178/3391/3865
f 4162/3375/3852 4178/3391/3865 4163/3376/3853
f 4179/3392/3866 4180/3393/3864 4162/3375/3852
f 4179/3392/3866 4162/3375/3852 4161/3374/3851
f 4181/3394/3610 4179/3392/3866 4161/3374/3851
f 4181/3394/3610 4161/3374/3851 4158/3371/3848
f 4182/3395/3610 4181/3394/3610 4158/3371/3848
f 4182/3395/3610 4158/3371/3848 4157/3370/3847
f 4183/3396/3610 4182/3395/3610 4157/3370/3847
f 4183/3396/3610 4157/3370/3847 4165/3378/3855
f 4160/3373/3850 4170/3383/3858 4169/3382/3857
f 4160/3373/3850 4169/3382/3857 4166/3379/3856
f 4159/3372/3849 4172/3385/3859 4170/3383/3858
f 4159/3372/3849 4170/3383/3858 4160/3373/3850
f 4174/3387/3861 4172/3385/3859 4159/3372/3849
f 4174/3387/3861 4159/3372/3849 4164/3377/3854
f 4163/3376/3853 4176/3389/3863 4174/3387/3861
f 4163/3376/3853 4174/3387/3861 4164/3377/3854
f 4163/3376/3853 4178/3391/3865 4184/3397/3867
f 4163/3376/3853 4184/3397/3867 4176/3389/3863
f 4169/3382/3857 4168/3381/3607 4185/3398/3868
f 4169/3382/3857 4185/3398/3868 4186/3399/3869
f 4187/3400/3870 4188/3401/3871 4189/3402/3872
f 4187/3400/3870 4189/3402/3872 4190/3403/3873
f 4165/3378/3855 4187/3400/3870 4190/3403/3873
f 4165/3378/3855 4190/3403/3873 4183/3396/3610
f 4191/3404/3874 4188/3401/3871 4187/3400/3870
f 4186/3399/3869 4185/3398/3868 4192/3405/3875
f 4186/3399/3869 4192/3405/3875 4193/3406/3876
f 4191/3404/3874 4193/3406/3876 4188/3401/3871
f 4165/3378/3855 4166/3379/3856 4191/3404/3874
f 4165/3378/3855 4191/3404/3874 4187/3400/3870
f 4169/3382/3857 4186/3399/3869 4191/3404/3874
f 4169/3382/3857 4191/3404/3874 4166/3379/3856
f 4193/3406/3876 4191/3404/3874 4186/3399/3869
f 4194/3407/3877 4195/3408/3878 4196/3409/3879
f 4194/3407/3877 4196/3409/3879 4197/3410/3880
f 4198/3411/3881 4194/3407/3877 4197/3410/3880
f 4198/3411/3881 4197/3410/3880 4199/3412/3882
f 4199/3412/3882 4200/3413/3883 4201/3414/3884
f 4199/3412/3882 4201/3414/3884 4198/3411/3881
f 4202/3415/3885 4194/3407/3877 4198/3411/3881
f 4202/3415/3885 4198/3411/3881 4203/3416/3884
f 4199/3412/3882 4197/3410/3880 4204/3417/3886
f 4199/3412/3882 4204/3417/3886 4205/3418/3883
f 4206/3419/3887 4195/3408/3878 4194/3407/3877
f 4206/3419/3887 4194/3407/3877 4202/3415/3885
f 4197/3410/3880 4196/3409/3879 4207/3420/3888
f 4197/3410/3880 4207/3420/3888 4204/3417/3886
f 4192/3405/3875 4207/3420/3888 4196/3409/3879
f 4192/3405/3875 4196/3409/3879 4193/3406/3876
f 4195/3408/3878 4188/3401/3871 4193/3406/3876
f 4195/3408/3878 4193/3406/3876 4196/3409/3879
f 4195/3408/3878 4206/3419/3887 4189/3402/3872
f 4195/3408/3878 4189/3402/3872 4188/3401/3871
f 4208/3421/3889 4209/3422/3890 4210/3423/3891
f 4208/3421/3889 4210/3423/3891 4211/3424/3892
f 4212/3425/3893 4208/3421/3889 4211/3424/3892
f 4212/3425/3893 4211/3424/3892 4213/3426/3894
f 4214/3427/3895 4212/3425/3893 4213/3426/3894
f 4214/3427/3895 4213/3426/3894 4215/3428/3896
f 4216/3429/3897 4214/3427/3895 4215/3428/3896
f 4216/3429/3897 4215/3428/3896 4217/3430/3898
f 4218/3431/3899 4216/3429/3897 4217/3430/3898
f 4218/3431/3899 4217/3430/3898 4219/3432/3900
f 4220/3433/3901 4218/3431/3899 4219/3432/3900
f 4220/3433/3901 4219/3432/3900 4221/3434/3902
f 4222/3435/3903 4223/3436/3904 4208/3421/3889
f 4222/3435/3903 4208/3421/3889 4212/3425/3893
f 4224/3437/3905 4222/3435/3903 4212/3425/3893
f 4224/3437/3905 4212/3425/3893 4214/3427/3895
f 4225/3438/3906 4220/3433/3901 4221/3434/3902
f 4225/3438/3906 4221/3434/3902 4226/3439/3907
f 4209/3422/3890 4227/3440/3908 4228/3441/3909
f 4209/3422/3890 4228/3441/3909 4210/3423/3891
f 4229/3442/3910 4220/3433/3901 4225/3438/3906
f 4229/3442/3910 4225/3438/3906 4230/3443/3911
f 4227/3440/3908 4209/3422/3890 4231/3444/3912
f 4227/3440/3908 4231/3444/3912 4232/3445/3913
f 4233/3446/3914 4234/3447/3915 4235/3448/3916
f 4233/3446/3914 4235/3448/3916 4236/3449/3917
f 4208/3421/3889 4223/3436/3904 4231/3444/3912
f 4208/3421/3889 4231/3444/3912 4209/3422/3890
f 4237/3450/3918 4230/3443/3911 4238/3451/3919
f 4237/3450/3918 4238/3451/3919 4239/3452/3920
f 4240/3453/3921 4241/3454/3922 4234/3447/3915
f 4240/3453/3921 4234/3447/3915 4232/3445/3913
f 4223/3436/3904 4242/3455/3923 4243/3456/3924
f 4223/3436/3904 4243/3456/3924 4231/3444/3912
f 4231/3444/3912 4243/3456/3924 4240/3453/3921
f 4231/3444/3912 4240/3453/3921 4232/3445/3913
f 4216/3429/3897 4244/3457/3925 4224/3437/3905
f 4216/3429/3897 4224/3437/3905 4214/3427/3895
f 4229/3442/3910 4245/3458/3926 4218/3431/3899
f 4229/3442/3910 4218/3431/3899 4220/3433/3901
f 4218/3431/3899 4245/3458/3926 4244/3457/3925
f 4218/3431/3899 4244/3457/3925 4216/3429/3897
f 4246/3459/3927 4247/3460/3928 4224/3437/3905
f 4246/3459/3927 4224/3437/3905 4244/3457/3925
f 4242/3455/3923 4223/3436/3904 4222/3435/3903
f 4242/3455/3923 4222/3435/3903 4248/3461/3929
f 4248/3461/3929 4222/3435/3903 4224/3437/3905
f 4248/3461/3929 4224/3437/3905 4247/3460/3928
f 4245/3458/3926 4229/3442/3910 4249/3462/3930
f 4245/3458/3926 4249/3462/3930 4250/3463/3931
f 4250/3463/3931 4246/3459/3927 4244/3457/3925
f 4250/3463/3931 4244/3457/3925 4245/3458/3926
f 4229/3442/3910 4230/3443/3911 4237/3450/3918
f 4229/3442/3910 4237/3450/3918 4249/3462/3930
f 4235/3448/3916 4234/3447/3915 4241/3454/3922
f 4235/3448/3916 4241/3454/3922 4251/3464/3932
f 4235/3448/3916 4251/3464/3932 4239/3452/3920
f 4235/3448/3916 4239/3452/3920 4238/3451/3919
f 4249/3462/3930 4237/3450/3918 4239/3452/3920
f 4249/3462/3930 4239/3452/3920 4251/3464/3932
f 4241/3454/3922 4240/3453/3921 4243/3456/3924
f 4241/3454/3922 4243/3456/3924 4251/3464/3932
f 4251/3464/3932 4243/3456/3924 4242/3455/3923
f 4251/3464/3932 4242/3455/3923 4248/3461/3929
f 4250/3463/3931 4249/3462/3930 4251/3464/3932
f 4250/3463/3931 4251/3464/3932 4246/3459/3927
f 4247/3460/3928 4246/3459/3927 4251/3464/3932
f 4247/3460/3928 4251/3464/3932 4248/3461/3929
f 4252/3465/3933 4253/3466/3934 4254/3467/3935
f 4252/3465/3933 4254/3467/3935 4255/3468/3936
f 4256/3469/3937 4257/3470/3938 4258/3471/3939
f 4256/3469/3937 4258/3471/3939 4259/3472/3940
f 4260/3473/3941 4225/3438/3906 4226/3439/3907
f 4260/3473/3941 4226/3439/3907 4261/3474/3942
f 4225/3438/3906 4262/3475/3943 4230/3443/3911
f 4230/3443/3911 4262/3475/3943 4238/3451/3919
f 4263/3476/3944 4238/3451/3919 4262/3475/3943
f 4260/3473/3941 4264/3477/3945 4265/3478/3946
f 4266/3479/3947 4263/3476/3944 4262/3475/3943
f 4266/3479/3947 4262/3475/3943 4267/3480/3948
f 4236/3449/3917 4235/3448/3916 4266/3479/3947
f 4235/3448/3916 4238/3451/3919 4263/3476/3944
f 4235/3448/3916 4263/3476/3944 4266/3479/3947
f 4254/3467/3935 4253/3466/3934 4268/3481/3949
f 4254/3467/3935 4268/3481/3949 4269/3482/3950
f 4270/3483/3951 4271/3484/3952 4256/3469/3937
f 4270/3483/3951 4256/3469/3937 4259/3472/3940
f 4272/3485/3953 4273/3486/3954 4274/3487/3934
f 4272/3485/3953 4274/3487/3934 4275/3488/3955
f 4272/3485/3953 4275/3488/3955 4276/3489/3956
f 4272/3485/3953 4276/3489/3956 4277/3490/3952
f 4278/3491/3957 4269/3482/3950 4268/3481/3949
f 4278/3491/3957 4268/3481/3949 4264/3477/3945
f 4260/3473/3941 4261/3474/3942 4278/3491/3957
f 4260/3473/3941 4278/3491/3957 4264/3477/3945
f 4228/3441/3909 4227/3440/3908 4279/3492/3958
f 4228/3441/3909 4279/3492/3958 4280/3493/3959
f 4227/3440/3908 4232/3445/3913 4281/3494/3960
f 4232/3445/3913 4234/3447/3915 4281/3494/3960
f 4233/3446/3914 4281/3494/3960 4234/3447/3915
f 4281/3494/3960 4233/3446/3914 4236/3449/3917
f 4281/3494/3960 4236/3449/3917 4282/3495/3961
f 4280/3493/3959 4279/3492/3958 4283/3496/3962
f 4280/3493/3959 4283/3496/3962 4284/3497/3963
f 4285/3498/3964 4286/3499/3962 4282/3495/3961
f 4285/3498/3964 4282/3495/3961 4267/3480/3948
f 4236/3449/3917 4266/3479/3947 4267/3480/3948
f 4236/3449/3917 4267/3480/3948 4282/3495/3961
f 4271/3484/3952 4270/3483/3951 4284/3497/3963
f 4271/3484/3952 4284/3497/3963 4283/3496/3962
f 4277/3490/3952 4286/3499/3962 4272/3485/3953
f 4286/3499/3962 4285/3498/3964 4272/3485/3953
f 4285/3498/3964 4273/3486/3954 4272/3485/3953
f 4283/3496/3962 4279/3492/3958 4287/3500/3965
f 4288/3501/3799 4289/3502/3799 4290/3503/3966
f 4288/3501/3799 4290/3503/3966 4291/3504/3967
f 4289/3502/3799 4292/3505/3799 4293/3506/3968
f 4289/3502/3799 4293/3506/3968 4290/3503/3966
f 4292/3505/3799 4294/3507/3799 4295/3508/3969
f 4292/3505/3799 4295/3508/3969 4293/3506/3968
f 4296/3509/3970 4297/3510/3971 4298/3511/3972
f 4296/3509/3970 4298/3511/3972 4299/3512/3972
f 4294/3507/3799 4300/3513/3799 4301/3514/3973
f 4294/3507/3799 4301/3514/3973 4295/3508/3969
f 4302/3515/3974 4296/3509/3970 4303/3516/3799
f 4302/3515/3974 4303/3516/3799 4304/3517/3975
f 4302/3515/3974 4305/3518/3976 4297/3510/3971
f 4302/3515/3974 4297/3510/3971 4296/3509/3970
f 4306/3519/3977 4307/3520/3978 4290/3503/3966
f 4306/3519/3977 4290/3503/3966 4293/3506/3968
f 4306/3519/3977 4293/3506/3968 4295/3508/3969
f 4306/3519/3977 4295/3508/3969 4308/3521/3979
f 4308/3521/3979 4295/3508/3969 4301/3514/3973
f 4308/3521/3979 4301/3514/3973 4309/3522/3980
f 4304/3517/3975 4303/3516/3799 4310/3523/3799
f 4304/3517/3975 4310/3523/3799 4311/3524/3981
f 4312/3525/3799 4288/3501/3799 4291/3504/3967
f 4312/3525/3799 4291/3504/3967 4313/3526/3982
f 4311/3524/3981 4310/3523/3799 4312/3525/3799
f 4311/3524/3981 4312/3525/3799 4313/3526/3982
f 4314/3527/3983 4311/3524/3981 4313/3526/3982
f 4314/3527/3983 4313/3526/3982 4315/3528/3984
f 4316/3529/3985 4302/3515/3974 4304/3517/3975
f 4316/3529/3985 4304/3517/3975 4317/3530/3986
f 4291/3504/3967 4290/3503/3966 4307/3520/3978
f 4291/3504/3967 4307/3520/3978 4318/3531/3987
f 4317/3530/3986 4304/3517/3975 4311/3524/3981
f 4317/3530/3986 4311/3524/3981 4314/3527/3983
f 4318/3531/3987 4315/3528/3984 4313/3526/3982
f 4318/3531/3987 4313/3526/3982 4291/3504/3967
f 4316/3529/3985 4319/3532/3988 4305/3518/3976
f 4316/3529/3985 4305/3518/3976 4302/3515/3974
f 4316/3529/3985 4308/3521/3979 4309/3522/3980
f 4316/3529/3985 4309/3522/3980 4319/3532/3988
f 4320/3533/3799 4316/3529/3985 4317/3530/3986
f 4314/3527/3983 4315/3528/3984 4320/3533/3799
f 4314/3527/3983 4320/3533/3799 4317/3530/3986
f 4306/3519/3977 4308/3521/3979 4316/3529/3985
f 4306/3519/3977 4316/3529/3985 4320/3533/3799
f 4306/3519/3977 4320/3533/3799 4318/3531/3987
f 4306/3519/3977 4318/3531/3987 4307/3520/3978
f 4318/3531/3987 4320/3533/3799 4315/3528/3984
f 4299/3512/3972 4298/3511/3972 4321/3534/3989
f 4299/3512/3972 4321/3534/3989 4322/3535/3989
f 4323/3536/3799 4324/3537/3990 4325/3538/3991
f 4323/3536/3799 4325/3538/3991 4326/3539/3799
f 4326/3539/3799 4325/3538/3991 4327/3540/3992
f 4326/3539/3799 4327/3540/3992 4328/3541/3799
f 4328/3541/3799 4327/3540/3992 4329/3542/3993
f 4328/3541/3799 4329/3542/3993 4330/3543/3799
f 4331/3544/3970 4332/3545/3972 4298/3511/3972
f 4331/3544/3970 4298/3511/3972 4297/3510/3971
f 4330/3543/3799 4329/3542/3993 4301/3514/3973
f 4330/3543/3799 4301/3514/3973 4300/3513/3799
f 4333/3546/3994 4334/3547/3995 4335/3548/3799
f 4333/3546/3994 4335/3548/3799 4331/3544/3970
f 4333/3546/3994 4331/3544/3970 4297/3510/3971
f 4333/3546/3994 4297/3510/3971 4305/3518/3976
f 4336/3549/3996 4327/3540/3992 4325/3538/3991
f 4336/3549/3996 4325/3538/3991 4337/3550/3997
f 4336/3549/3996 4338/3551/3998 4329/3542/3993
f 4336/3549/3996 4329/3542/3993 4327/3540/3992
f 4338/3551/3998 4309/3522/3980 4301/3514/3973
f 4338/3551/3998 4301/3514/3973 4329/3542/3993
f 4334/3547/3995 4339/3552/3999 4340/3553/3799
f 4334/3547/3995 4340/3553/3799 4335/3548/3799
f 4341/3554/3799 4342/3555/4000 4324/3537/3990
f 4341/3554/3799 4324/3537/3990 4323/3536/3799
f 4339/3552/3999 4342/3555/4000 4341/3554/3799
f 4339/3552/3999 4341/3554/3799 4340/3553/3799
f 4343/3556/4001 4344/3557/4002 4342/3555/4000
f 4343/3556/4001 4342/3555/4000 4339/3552/3999
f 4345/3558/4003 4346/3559/4004 4334/3547/3995
f 4345/3558/4003 4334/3547/3995 4333/3546/3994
f 4324/3537/3990 4347/3560/4005 4337/3550/3997
f 4324/3537/3990 4337/3550/3997 4325/3538/3991
f 4346/3559/4004 4343/3556/4001 4339/3552/3999
f 4346/3559/4004 4339/3552/3999 4334/3547/3995
f 4347/3560/4005 4324/3537/3990 4342/3555/4000
f 4347/3560/4005 4342/3555/4000 4344/3557/4002
f 4345/3558/4003 4333/3546/3994 4305/3518/3976
f 4345/3558/4003 4305/3518/3976 4319/3532/3988
f 4345/3558/4003 4319/3532/3988 4309/3522/3980
f 4345/3558/4003 4309/3522/3980 4338/3551/3998
f 4348/3561/3799 4346/3559/4004 4345/3558/4003
f 4343/3556/4001 4346/3559/4004 4348/3561/3799
f 4343/3556/4001 4348/3561/3799 4344/3557/4002
f 4336/3549/3996 4348/3561/3799 4345/3558/4003
f 4336/3549/3996 4345/3558/4003 4338/3551/3998
f 4336/3549/3996 4337/3550/3997 4347/3560/4005
f 4336/3549/3996 4347/3560/4005 4348/3561/3799
f 4347/3560/4005 4344/3557/4002 4348/3561/3799
f 4332/3545/3972 4349/3562/3989 4321/3534/3989
f 4332/3545/3972 4321/3534/3989 4298/3511/3972
f 4350/3563/4006 4351/3564/4007 4352/3565/4008
f 4350/3563/4006 4352/3565/4008 4353/3566/4009
f 4354/3567/4010 4355/3568/4011 4356/3569/4012
f 4354/3567/4010 4356/3569/4012 4357/3570/4013
f 4350/3563/4006 4358/3571/4014 4359/3572/4015
f 4350/3563/4006 4359/3572/4015 4351/3564/4007
f 4354/3567/4010 4360/3573/4016 4361/3574/4017
f 4354/3567/4010 4361/3574/4017 4355/3568/4011
f 4362/3575/4018 4361/3574/4017 4360/3573/4016
f 4362/3575/4018 4360/3573/4016 4363/3576/4019
f 4364/3577/4020 4365/3578/4021 4366/3579/4022
f 4364/3577/4020 4366/3579/4022 4367/3580/4023
f 4366/3579/4022 4365/3578/4021 4368/3581/4024
f 4366/3579/4022 4368/3581/4024 4369/3582/4025
f 4370/3583/4026 4359/3572/4015 4358/3571/4014
f 4370/3583/4026 4358/3571/4014 4371/3584/4027
f 4372/3585/4028 4370/3583/4026 4371/3584/4027
f 4372/3585/4028 4371/3584/4027 4373/3586/4029
f 4374/3587/4030 4375/3588/4031 4372/3585/4028
f 4374/3587/4030 4372/3585/4028 4373/3586/4029
f 4376/3589/4032 4377/3590/4033 4375/3588/4031
f 4376/3589/4032 4375/3588/4031 4374/3587/4030
f 4369/3582/4025 4368/3581/4024 4378/3591/4034
f 4369/3582/4025 4378/3591/4034 4379/3592/4035
f 4380/3593/4036 4381/3594/4037 4382/3595/4021
f 4380/3593/4036 4382/3595/4021 4383/3596/4038
f 4384/3597/4039 4385/3598/4040 4352/3565/4008
f 4384/3597/4039 4352/3565/4008 4351/3564/4007
f 4381/3594/4037 4386/3599/4041 4368/3581/4024
f 4381/3594/4037 4368/3581/4024 4382/3595/4021
f 4387/3600/4042 4384/3597/4039 4351/3564/4007
f 4387/3600/4042 4351/3564/4007 4359/3572/4015
f 4381/3594/4037 4380/3593/4036 4385/3598/4040
f 4381/3594/4037 4385/3598/4040 4384/3597/4039
f 4368/3581/4024 4386/3599/4041 4387/3600/4042
f 4368/3581/4024 4387/3600/4042 4378/3591/4034
f 4384/3597/4039 4387/3600/4042 4386/3599/4041
f 4386/3599/4041 4381/3594/4037 4384/3597/4039
f 4388/3601/4043 4389/3602/4044 4362/3575/4018
f 4388/3601/4043 4362/3575/4018 4363/3576/4019
f 4390/3603/4045 4391/3604/4046 4392/3605/4047
f 4390/3603/4045 4392/3605/4047 4393/3606/4048
f 4391/3604/4046 4390/3603/4045 4394/3607/4049
f 4395/3608/4050 4396/3609/4051 4389/3602/4044
f 4395/3608/4050 4389/3602/4044 4388/3601/4043
f 4395/3608/4050 4397/3610/4052 4396/3609/4051
f 4396/3609/4051 4397/3610/4052 4376/3589/4032
f 4396/3609/4051 4376/3589/4032 4374/3587/4030
f 4389/3602/4044 4396/3609/4051 4374/3587/4030
f 4389/3602/4044 4374/3587/4030 4373/3586/4029
f 4362/3575/4018 4389/3602/4044 4373/3586/4029
f 4362/3575/4018 4373/3586/4029 4371/3584/4027
f 4371/3584/4027 4358/3571/4014 4361/3574/4017
f 4371/3584/4027 4361/3574/4017 4362/3575/4018
f 4355/3568/4011 4361/3574/4017 4358/3571/4014
f 4355/3568/4011 4358/3571/4014 4350/3563/4006
f 4356/3569/4012 4355/3568/4011 4350/3563/4006
f 4356/3569/4012 4350/3563/4006 4353/3566/4009
f 4398/3611/4053 4370/3583/4026 4372/3585/4028
f 4398/3611/4053 4372/3585/4028 4399/3612/4054
f 4398/3611/4053 4387/3600/4042 4359/3572/4015
f 4398/3611/4053 4359/3572/4015 4370/3583/4026
f 4379/3592/4035 4378/3591/4034 4400/3613/4055
f 4379/3592/4035 4400/3613/4055 4394/3607/4049
f 4401/3614/4056 4391/3604/4046 4394/3607/4049
f 4401/3614/4056 4394/3607/4049 4400/3613/4055
f 4400/3613/4055 4398/3611/4053 4399/3612/4054
f 4400/3613/4055 4399/3612/4054 4401/3614/4056
f 4398/3611/4053 4400/3613/4055 4378/3591/4034
f 4398/3611/4053 4378/3591/4034 4387/3600/4042
f 4402/3615/4057 4403/3616/4058 4404/3617/4059
f 4402/3615/4057 4404/3617/4059 4405/3618/4060
f 4406/3619/4061 4407/3620/4062 4408/3621/4063
f 4406/3619/4061 4408/3621/4063 4409/3622/4064
f 4402/3615/4057 4405/3618/4060 4410/3623/4065
f 4402/3615/4057 4410/3623/4065 4411/3624/4066
f 4406/3619/4061 4409/3622/4064 4412/3625/4067
f 4406/3619/4061 4412/3625/4067 4413/3626/4068
f 4414/3627/4069 4415/3628/4070 4413/3626/4068
f 4414/3627/4069 4413/3626/4068 4412/3625/4067
f 4416/3629/4071 4367/3580/4023 4366/3579/4022
f 4416/3629/4071 4366/3579/4022 4417/3630/4072
f 4366/3579/4022 4369/3582/4025 4418/3631/4073
f 4366/3579/4022 4418/3631/4073 4417/3630/4072
f 4419/3632/4074 4420/3633/4075 4411/3624/4066
f 4419/3632/4074 4411/3624/4066 4410/3623/4065
f 4421/3634/4076 4422/3635/4077 4420/3633/4075
f 4421/3634/4076 4420/3633/4075 4419/3632/4074
f 4369/3582/4025 4379/3592/4035 4423/3636/4078
f 4369/3582/4025 4423/3636/4078 4418/3631/4073
f 4424/3637/4079 4425/3638/4080 4426/3639/4072
f 4424/3637/4079 4426/3639/4072 4427/3640/4081
f 4428/3641/4082 4405/3618/4060 4404/3617/4059
f 4428/3641/4082 4404/3617/4059 4429/3642/4083
f 4427/3640/4081 4426/3639/4072 4418/3631/4073
f 4427/3640/4081 4418/3631/4073 4430/3643/4084
f 4431/3644/4085 4410/3623/4065 4405/3618/4060
f 4431/3644/4085 4405/3618/4060 4428/3641/4082
f 4427/3640/4081 4428/3641/4082 4429/3642/4083
f 4427/3640/4081 4429/3642/4083 4424/3637/4079
f 4418/3631/4073 4423/3636/4078 4431/3644/4085
f 4418/3631/4073 4431/3644/4085 4430/3643/4084
f 4428/3641/4082 4430/3643/4084 4431/3644/4085
f 4430/3643/4084 4428/3641/4082 4427/3640/4081
f 4432/3645/4086 4415/3628/4070 4414/3627/4069
f 4432/3645/4086 4414/3627/4069 4433/3646/4087
f 4434/3647/4088 4394/3607/4049 4390/3603/4045
f 4435/3648/4089 4432/3645/4086 4433/3646/4087
f 4435/3648/4089 4433/3646/4087 4436/3649/4090
f 4437/3650/4091 4435/3648/4089 4436/3649/4090
f 4437/3650/4091 4436/3649/4090 4438/3651/4092
f 4437/3650/4091 4438/3651/4092 4439/3652/4093
f 4433/3646/4087 4422/3635/4077 4438/3651/4092
f 4433/3646/4087 4438/3651/4092 4436/3649/4090
f 4414/3627/4069 4420/3633/4075 4422/3635/4077
f 4414/3627/4069 4422/3635/4077 4433/3646/4087
f 4420/3633/4075 4414/3627/4069 4412/3625/4067
f 4420/3633/4075 4412/3625/4067 4411/3624/4066
f 4409/3622/4064 4402/3615/4057 4411/3624/4066
f 4409/3622/4064 4411/3624/4066 4412/3625/4067
f 4408/3621/4063 4403/3616/4058 4402/3615/4057
f 4408/3621/4063 4402/3615/4057 4409/3622/4064
f 4440/3653/4094 4441/3654/4095 4421/3634/4076
f 4440/3653/4094 4421/3634/4076 4419/3632/4074
f 4440/3653/4094 4419/3632/4074 4410/3623/4065
f 4440/3653/4094 4410/3623/4065 4431/3644/4085
f 4379/3592/4035 4394/3607/4049 4442/3655/4096
f 4379/3592/4035 4442/3655/4096 4423/3636/4078
f 4443/3656/4097 4442/3655/4096 4394/3607/4049
f 4443/3656/4097 4394/3607/4049 4434/3647/4088
f 4442/3655/4096 4443/3656/4097 4441/3654/4095
f 4442/3655/4096 4441/3654/4095 4440/3653/4094
f 4440/3653/4094 4431/3644/4085 4423/3636/4078
f 4440/3653/4094 4423/3636/4078 4442/3655/4096
f 4438/3651/4092 4422/3635/4077 4421/3634/4076
f 4438/3651/4092 4421/3634/4076 4444/3657/4098
f 4439/3652/4093 4438/3651/4092 4444/3657/4098
f 4439/3652/4093 4444/3657/4098 4445/3658/4099
f 4446/3659/4100 4445/3658/4099 4444/3657/4098
f 4446/3659/4100 4444/3657/4098 4447/3660/4101
f 4448/3661/4102 4449/3662/4103 4446/3659/4100
f 4448/3661/4102 4446/3659/4100 4450/3663/4104
f 4451/3664/4105 4452/3665/4106 4449/3662/4103
f 4451/3664/4105 4449/3662/4103 4448/3661/4102
f 4390/3603/4045 4393/3606/4048 4453/3666/4107
f 4390/3603/4045 4453/3666/4107 4434/3647/4088
f 4453/3666/4107 4448/3661/4102 4450/3663/4104
f 4453/3666/4107 4450/3663/4104 4454/3667/4108
f 4393/3606/4048 4451/3664/4105 4448/3661/4102
f 4393/3606/4048 4448/3661/4102 4453/3666/4107
f 4441/3654/4095 4447/3660/4101 4444/3657/4098
f 4441/3654/4095 4444/3657/4098 4421/3634/4076
f 4434/3647/4088 4453/3666/4107 4454/3667/4108
f 4434/3647/4088 4454/3667/4108 4443/3656/4097
f 4447/3660/4101 4441/3654/4095 4443/3656/4097
f 4447/3660/4101 4443/3656/4097 4454/3667/4108
f 4450/3663/4104 4446/3659/4100 4447/3660/4101
f 4450/3663/4104 4447/3660/4101 4454/3667/4108
f 4377/3590/4033 4455/3668/4109 4456/3669/4110
f 4377/3590/4033 4456/3669/4110 4375/3588/4031
f 4451/3664/4105 4457/3670/4111 4458/3671/4112
f 4451/3664/4105 4458/3671/4112 4452/3665/4106
f 4455/3668/4109 4458/3671/4112 4457/3670/4111
f 4455/3668/4109 4457/3670/4111 4459/3672/4113
f 4392/3605/4047 4460/3673/4114 4459/3672/4113
f 4392/3605/4047 4459/3672/4113 4457/3670/4111
f 4393/3606/4048 4392/3605/4047 4457/3670/4111
f 4393/3606/4048 4457/3670/4111 4451/3664/4105
f 4459/3672/4113 4460/3673/4114 4456/3669/4110
f 4459/3672/4113 4456/3669/4110 4455/3668/4109
f 4399/3612/4054 4372/3585/4028 4375/3588/4031
f 4399/3612/4054 4375/3588/4031 4456/3669/4110
f 4391/3604/4046 4401/3614/4056 4460/3673/4114
f 4391/3604/4046 4460/3673/4114 4392/3605/4047
f 4456/3669/4110 4460/3673/4114 4401/3614/4056
f 4456/3669/4110 4401/3614/4056 4399/3612/4054
f 4461/3674/4115 4462/3675/4116 4463/3676/4117
f 4461/3674/4115 4463/3676/4117 4464/3677/4118
f 4465/3678/4119 4466/3679/4120 4467/3680/4121
f 4465/3678/4119 4467/3680/4121 4468/3681/4122
f 4466/3679/4120 4465/3678/4119 4464/3677/4118
f 4466/3679/4120 4464/3677/4118 4463/3676/4117
f 4469/3682/4123 4470/3683/4124 4468/3681/4122
f 4469/3682/4123 4468/3681/4122 4467/3680/4121
f 4471/3684/4125 4472/3685/4126 4470/3683/4124
f 4470/3683/4124 4469/3682/4123 4473/3686/4127
f 4470/3683/4124 4473/3686/4127 4471/3684/4125
f 4474/3687/4128 4472/3685/4126 4471/3684/4125
f 4474/3687/4128 4471/3684/4125 4475/3688/4129
f 4473/3686/4127 4476/3689/4130 4475/3688/4129
f 4473/3686/4127 4475/3688/4129 4471/3684/4125
f 4469/3682/4123 4477/3690/4131 4478/3691/4132
f 4469/3682/4123 4478/3691/4132 4473/3686/4127
f 4473/3686/4127 4478/3691/4132 4479/3692/4133
f 4473/3686/4127 4479/3692/4133 4476/3689/4130
f 4467/3680/4121 4480/3693/4134 4477/3690/4131
f 4467/3680/4121 4477/3690/4131 4469/3682/4123
f 4462/3675/4116 4481/3694/4135 4482/3695/4136
f 4462/3675/4116 4482/3695/4136 4463/3676/4117
f 4466/3679/4120 4483/3696/4137 4480/3693/4134
f 4466/3679/4120 4480/3693/4134 4467/3680/4121
f 4463/3676/4117 4482/3695/4136 4483/3696/4137
f 4463/3676/4117 4483/3696/4137 4466/3679/4120
f 4484/3697/4138 4485/3698/4139 4474/3687/4128
f 4486/3699/4140 4487/3700/4141 4484/3697/4138
f 4488/3701/4142 4487/3700/4141 4486/3699/4140
f 4489/3702/4143 4490/3703/4144 4491/3704/4145
f 4489/3702/4143 4491/3704/4145 4488/3701/4142
f 4486/3699/4140 4475/3688/4129 4476/3689/4130
f 4486/3699/4140 4476/3689/4130 4492/3705/4146
f 4484/3697/4138 4474/3687/4128 4475/3688/4129
f 4484/3697/4138 4475/3688/4129 4486/3699/4140
f 4479/3692/4133 4493/3706/4147 4492/3705/4146
f 4479/3692/4133 4492/3705/4146 4476/3689/4130
f 4493/3706/4147 4490/3703/4144 4489/3702/4143
f 4493/3706/4147 4489/3702/4143 4492/3705/4146
f 4488/3701/4142 4486/3699/4140 4492/3705/4146
f 4488/3701/4142 4492/3705/4146 4489/3702/4143
f 4461/3674/4115 4494/3707/4148 4495/3708/4149
f 4461/3674/4115 4495/3708/4149 4462/3675/4116
f 4496/3709/4150 4497/3710/4151 4498/3711/4152
f 4496/3709/4150 4498/3711/4152 4499/3712/4153
f 4499/3712/4153 4495/3708/4149 4494/3707/4148
f 4499/3712/4153 4494/3707/4148 4496/3709/4150
f 4500/3713/4154 4498/3711/4152 4497/3710/4151
f 4500/3713/4154 4497/3710/4151 4501/3714/4155
f 4502/3715/4156 4501/3714/4155 4503/3716/4157
f 4501/3714/4155 4502/3715/4156 4504/3717/4158
f 4501/3714/4155 4504/3717/4158 4500/3713/4154
f 4505/3718/4159 4506/3719/4160 4502/3715/4156
f 4505/3718/4159 4502/3715/4156 4503/3716/4157
f 4504/3717/4158 4502/3715/4156 4506/3719/4160
f 4504/3717/4158 4506/3719/4160 4507/3720/4161
f 4500/3713/4154 4504/3717/4158 4508/3721/4162
f 4500/3713/4154 4508/3721/4162 4509/3722/4163
f 4504/3717/4158 4507/3720/4161 4510/3723/4164
f 4504/3717/4158 4510/3723/4164 4508/3721/4162
f 4498/3711/4152 4500/3713/4154 4509/3722/4163
f 4498/3711/4152 4509/3722/4163 4511/3724/4165
f 4462/3675/4116 4495/3708/4149 4512/3725/4166
f 4462/3675/4116 4512/3725/4166 4481/3694/4135
f 4499/3712/4153 4498/3711/4152 4511/3724/4165
f 4499/3712/4153 4511/3724/4165 4513/3726/4167
f 4495/3708/4149 4499/3712/4153 4513/3726/4167
f 4495/3708/4149 4513/3726/4167 4512/3725/4166
f 4514/3727/4168 4505/3718/4159 4515/3728/4169
f 4516/3729/4170 4514/3727/4168 4517/3730/4171
f 4518/3731/4172 4516/3729/4170 4517/3730/4171
f 4519/3732/4173 4518/3731/4172 4520/3733/4174
f 4519/3732/4173 4520/3733/4174 4521/3734/4175
f 4516/3729/4170 4522/3735/4176 4507/3720/4161
f 4516/3729/4170 4507/3720/4161 4506/3719/4160
f 4514/3727/4168 4516/3729/4170 4506/3719/4160
f 4514/3727/4168 4506/3719/4160 4505/3718/4159
f 4510/3723/4164 4507/3720/4161 4522/3735/4176
f 4510/3723/4164 4522/3735/4176 4523/3736/4177
f 4523/3736/4177 4522/3735/4176 4519/3732/4173
f 4523/3736/4177 4519/3732/4173 4521/3734/4175
f 4518/3731/4172 4519/3732/4173 4522/3735/4176
f 4518/3731/4172 4522/3735/4176 4516/3729/4170
f 4524/3370/4178 4525/3373/4179 4526/3372/4180
f 4524/3370/4178 4526/3372/4180 4527/3371/4181
f 4528/3374/4182 4529/3377/3854 4530/3376/4183
f 4528/3374/4182 4530/3376/4183 4531/3375/4184
f 4529/3377/3854 4528/3374/4182 4527/3371/4181
f 4529/3377/3854 4527/3371/4181 4526/3372/4180
f 4532/3378/4185 4533/3379/4186 4525/3373/4179
f 4532/3378/4185 4525/3373/4179 4524/3370/4178
f 4534/3380/3610 4535/3383/4187 4536/3382/4188
f 4534/3380/3610 4536/3382/4188 4537/3381/3610
f 4538/3384/3610 4539/3385/4189 4535/3383/4187
f 4538/3384/3610 4535/3383/4187 4534/3380/3610
f 4540/3386/4190 4541/3387/4191 4539/3385/4189
f 4540/3386/4190 4539/3385/4189 4538/3384/3610
f 4542/3388/4192 4543/3389/4193 4541/3387/4191
f 4542/3388/4192 4541/3387/4191 4540/3386/4190
f 4531/3375/4184 4530/3376/4183 4544/3391/4194
f 4531/3375/4184 4544/3391/4194 4545/3390/4195
f 4546/3392/4196 4528/3374/4182 4531/3375/4184
f 4546/3392/4196 4531/3375/4184 4547/3393/4197
f 4548/3394/3607 4527/3371/4181 4528/3374/4182
f 4548/3394/3607 4528/3374/4182 4546/3392/4196
f 4549/3395/3607 4524/3370/4178 4527/3371/4181
f 4549/3395/3607 4527/3371/4181 4548/3394/3607
f 4550/3396/3607 4532/3378/4185 4524/3370/4178
f 4550/3396/3607 4524/3370/4178 4549/3395/3607
f 4525/3373/4179 4533/3379/4186 4536/3382/4188
f 4525/3373/4179 4536/3382/4188 4535/3383/4187
f 4526/3372/4180 4525/3373/4179 4535/3383/4187
f 4526/3372/4180 4535/3383/4187 4539/3385/4189
f 4541/3387/4191 4529/3377/3854 4526/3372/4180
f 4541/3387/4191 4526/3372/4180 4539/3385/4189
f 4530/3376/4183 4529/3377/3854 4541/3387/4191
f 4530/3376/4183 4541/3387/4191 4543/3389/4193
f 4530/3376/4183 4543/3389/4193 4551/3397/4198
f 4530/3376/4183 4551/3397/4198 4544/3391/4194
f 4536/3382/4188 4552/3399/4199 4553/3398/4200
f 4536/3382/4188 4553/3398/4200 4537/3381/3610
f 4554/3400/4201 4555/3403/4202 4556/3402/4203
f 4554/3400/4201 4556/3402/4203 4557/3401/4204
f 4532/3378/4185 4550/3396/3607 4555/3403/4202
f 4532/3378/4185 4555/3403/4202 4554/3400/4201
f 4558/3404/4205 4554/3400/4201 4557/3401/4204
f 4552/3399/4199 4559/3406/4206 4560/3405/4207
f 4552/3399/4199 4560/3405/4207 4553/3398/4200
f 4558/3404/4205 4557/3401/4204 4559/3406/4206
f 4532/3378/4185 4554/3400/4201 4558/3404/4205
f 4532/3378/4185 4558/3404/4205 4533/3379/4186
f 4536/3382/4188 4533/3379/4186 4558/3404/4205
f 4536/3382/4188 4558/3404/4205 4552/3399/4199
f 4559/3406/4206 4552/3399/4199 4558/3404/4205
f 4561/3407/4208 4562/3410/4209 4563/3409/4210
f 4561/3407/4208 4563/3409/4210 4564/3408/4211
f 4565/3411/4212 4566/3412/4213 4562/3410/4209
f 4565/3411/4212 4562/3410/4209 4561/3407/4208
f 4566/3412/4213 4565/3411/4212 4567/3414/4214
f 4566/3412/4213 4567/3414/4214 4568/3413/4215
f 4569/3415/4216 4570/3416/4214 4565/3411/4212
f 4569/3415/4216 4565/3411/4212 4561/3407/4208
f 4566/3412/4213 4571/3418/4215 4572/3417/4217
f 4566/3412/4213 4572/3417/4217 4562/3410/4209
f 4573/3419/4218 4569/3415/4216 4561/3407/4208
f 4573/3419/4218 4561/3407/4208 4564/3408/4211
f 4562/3410/4209 4572/3417/4217 4574/3420/4219
f 4562/3410/4209 4574/3420/4219 4563/3409/4210
f 4560/3405/4207 4559/3406/4206 4563/3409/4210
f 4560/3405/4207 4563/3409/4210 4574/3420/4219
f 4564/3408/4211 4563/3409/4210 4559/3406/4206
f 4564/3408/4211 4559/3406/4206 4557/3401/4204
f 4564/3408/4211 4557/3401/4204 4556/3402/4203
f 4564/3408/4211 4556/3402/4203 4573/3419/4218
f 4575/3737/4220 4576/3738/4221 4577/3739/4222
f 4575/3737/4220 4577/3739/4222 4578/3740/4223
f 4579/3741/4224 4580/3742/4225 4581/3743/4226
f 4579/3741/4224 4581/3743/4226 4582/3744/4227
f 4582/3744/4227 4583/3745/4228 4584/3746/4229
f 4582/3744/4227 4584/3746/4229 4579/3741/4224
f 4583/3745/4228 4585/3747/4230 4586/3748/4231
f 4583/3745/4228 4586/3748/4231 4584/3746/4229
f 4587/3749/4232 4588/3750/4233 4589/3751/4234
f 4587/3749/4232 4589/3751/4234 4590/3752/4235
f 4591/3753/4236 4592/3754/4237 4593/3755/4238
f 4591/3753/4236 4593/3755/4238 4594/3756/4239
f 4592/3754/4237 4595/3757/4240 4596/3758/4241
f 4592/3754/4237 4596/3758/4241 4593/3755/4238
f 4583/3745/4228 4582/3744/4227 4594/3756/4239
f 4583/3745/4228 4594/3756/4239 4593/3755/4238
f 4585/3747/4230 4583/3745/4228 4593/3755/4238
f 4585/3747/4230 4593/3755/4238 4596/3758/4241
f 4590/3752/4235 4597/3759/4242 4598/3760/4243
f 4590/3752/4235 4598/3760/4243 4587/3749/4232
f 4599/3761/4244 4600/3762/4245 4601/3763/4246
f 4599/3761/4244 4601/3763/4246 4602/3764/4247
f 4602/3764/4247 4601/3763/4246 4576/3738/4221
f 4602/3764/4247 4576/3738/4221 4575/3737/4220
f 4591/3753/4236 4576/3738/4221 4601/3763/4246
f 4591/3753/4236 4601/3763/4246 4592/3754/4237
f 4600/3762/4245 4595/3757/4240 4592/3754/4237
f 4600/3762/4245 4592/3754/4237 4601/3763/4246
f 4575/3737/4220 4578/3740/4223 4603/3765/4248
f 4575/3737/4220 4603/3765/4248 4602/3764/4247
f 4603/3765/4248 4604/3766/4249 4599/3761/4244
f 4603/3765/4248 4599/3761/4244 4602/3764/4247
f 4605/3767/4250 4606/3768/4251 4607/3769/4252
f 4605/3767/4250 4607/3769/4252 4608/3770/4253
f 4609/3771/4254 4610/3772/4255 4611/3773/4256
f 4609/3771/4254 4611/3773/4256 4612/3774/4257
f 4613/3775/4258 4614/3776/4259 4610/3772/4255
f 4613/3775/4258 4610/3772/4255 4609/3771/4254
f 4615/3777/4260 4616/3778/4261 4614/3776/4259
f 4615/3777/4260 4614/3776/4259 4613/3775/4258
f 4617/3779/4262 4618/3780/4263 4616/3778/4261
f 4617/3779/4262 4616/3778/4261 4615/3777/4260
f 4619/3781/4264 4620/3782/4265 4621/3783/4266
f 4619/3781/4264 4621/3783/4266 4606/3768/4251
f 4622/3784/4267 4623/3785/4268 4621/3783/4266
f 4622/3784/4267 4621/3783/4266 4620/3782/4265
f 4587/3749/4232 4623/3785/4268 4622/3784/4267
f 4587/3749/4232 4622/3784/4267 4588/3750/4233
f 4598/3760/4243 4624/3786/4269 4623/3785/4268
f 4598/3760/4243 4623/3785/4268 4587/3749/4232
f 4579/3741/4224 4584/3746/4229 4625/3787/4270
f 4579/3741/4224 4625/3787/4270 4580/3742/4225
f 4584/3746/4229 4586/3748/4231 4626/3788/4271
f 4584/3746/4229 4626/3788/4271 4625/3787/4270
f 4627/3789/4272 4628/3790/4273 4629/3791/4274
f 4627/3789/4272 4629/3791/4274 4630/3792/4275
f 4631/3793/4276 4632/3794/4277 4629/3791/4274
f 4631/3793/4276 4629/3791/4274 4628/3790/4273
f 4631/3793/4276 4590/3752/4235 4589/3751/4234
f 4631/3793/4276 4589/3751/4234 4632/3794/4277
f 4633/3795/4278 4634/3796/4279 4608/3770/4253
f 4633/3795/4278 4608/3770/4253 4607/3769/4252
f 4633/3795/4278 4599/3761/4244 4604/3766/4249
f 4633/3795/4278 4604/3766/4249 4634/3796/4279
f 4635/3797/4280 4636/3798/4281 4585/3747/4230
f 4635/3797/4280 4585/3747/4230 4596/3758/4241
f 4635/3797/4280 4596/3758/4241 4595/3757/4240
f 4635/3797/4280 4595/3757/4240 4637/3799/4282
f 4638/3800/4283 4639/3801/4284 4640/3802/4285
f 4638/3800/4283 4640/3802/4285 4641/3803/4286
f 4642/3804/4287 4643/3805/4288 4644/3806/4289
f 4642/3804/4287 4644/3806/4289 4645/3807/4290
f 4618/3780/4263 4646/3808/4291 4632/3794/4277
f 4618/3780/4263 4632/3794/4277 4589/3751/4234
f 4616/3778/4261 4618/3780/4263 4589/3751/4234
f 4616/3778/4261 4589/3751/4234 4588/3750/4233
f 4614/3776/4259 4616/3778/4261 4588/3750/4233
f 4614/3776/4259 4588/3750/4233 4622/3784/4267
f 4610/3772/4255 4614/3776/4259 4622/3784/4267
f 4610/3772/4255 4622/3784/4267 4620/3782/4265
f 4611/3773/4256 4610/3772/4255 4620/3782/4265
f 4611/3773/4256 4620/3782/4265 4619/3781/4264
f 4647/3809/4292 4648/3810/4293 4605/3767/4250
f 4647/3809/4292 4605/3767/4250 4608/3770/4253
f 4649/3811/4294 4647/3809/4292 4608/3770/4253
f 4649/3811/4294 4608/3770/4253 4634/3796/4279
f 4650/3812/4295 4649/3811/4294 4634/3796/4279
f 4650/3812/4295 4634/3796/4279 4604/3766/4249
f 4641/3803/4286 4650/3812/4295 4604/3766/4249
f 4641/3803/4286 4604/3766/4249 4603/3765/4248
f 4578/3740/4223 4638/3800/4283 4641/3803/4286
f 4578/3740/4223 4641/3803/4286 4603/3765/4248
f 4639/3801/4284 4638/3800/4283 4578/3740/4223
f 4639/3801/4284 4578/3740/4223 4577/3739/4222
f 4580/3742/4225 4642/3804/4287 4645/3807/4290
f 4580/3742/4225 4645/3807/4290 4581/3743/4226
f 4643/3805/4288 4642/3804/4287 4580/3742/4225
f 4643/3805/4288 4580/3742/4225 4625/3787/4270
f 4651/3813/4296 4643/3805/4288 4625/3787/4270
f 4651/3813/4296 4625/3787/4270 4626/3788/4271
f 4652/3814/4297 4653/3815/4298 4651/3813/4296
f 4652/3814/4297 4651/3813/4296 4626/3788/4271
f 4654/3816/4299 4655/3817/4300 4653/3815/4298
f 4654/3816/4299 4653/3815/4298 4652/3814/4297
f 4656/3818/4301 4655/3817/4300 4654/3816/4299
f 4656/3818/4301 4654/3816/4299 4657/3819/4302
f 4658/3820/4303 4659/3821/4304 4630/3792/4275
f 4658/3820/4303 4630/3792/4275 4629/3791/4274
f 4646/3808/4291 4658/3820/4303 4629/3791/4274
f 4646/3808/4291 4629/3791/4274 4632/3794/4277
f 4606/3768/4251 4624/3786/4269 4660/3822/4305
f 4606/3768/4251 4660/3822/4305 4607/3769/4252
f 4621/3783/4266 4623/3785/4268 4624/3786/4269
f 4621/3783/4266 4624/3786/4269 4606/3768/4251
f 4637/3799/4282 4661/3823/4306 4660/3822/4305
f 4637/3799/4282 4660/3822/4305 4662/3824/4307
f 4660/3822/4305 4661/3823/4306 4633/3795/4278
f 4660/3822/4305 4633/3795/4278 4607/3769/4252
f 4600/3762/4245 4661/3823/4306 4637/3799/4282
f 4600/3762/4245 4637/3799/4282 4595/3757/4240
f 4661/3823/4306 4600/3762/4245 4599/3761/4244
f 4661/3823/4306 4599/3761/4244 4633/3795/4278
f 4624/3786/4269 4598/3760/4243 4662/3824/4307
f 4624/3786/4269 4662/3824/4307 4660/3822/4305
f 4598/3760/4243 4597/3759/4242 4663/3825/4308
f 4598/3760/4243 4663/3825/4308 4662/3824/4307
f 4664/3826/4309 4665/3827/4310 4663/3825/4308
f 4664/3826/4309 4663/3825/4308 4597/3759/4242
f 4631/3793/4276 4664/3826/4309 4597/3759/4242
f 4631/3793/4276 4597/3759/4242 4590/3752/4235
f 4631/3793/4276 4628/3790/4273 4627/3789/4272
f 4631/3793/4276 4627/3789/4272 4664/3826/4309
f 4664/3826/4309 4627/3789/4272 4666/3828/4311
f 4664/3826/4309 4666/3828/4311 4665/3827/4310
f 4627/3789/4272 4657/3819/4302 4654/3816/4299
f 4627/3789/4272 4654/3816/4299 4666/3828/4311
f 4666/3828/4311 4654/3816/4299 4652/3814/4297
f 4666/3828/4311 4652/3814/4297 4667/3829/4312
f 4635/3797/4280 4663/3825/4308 4665/3827/4310
f 4635/3797/4280 4665/3827/4310 4636/3798/4281
f 4667/3829/4312 4636/3798/4281 4665/3827/4310
f 4667/3829/4312 4665/3827/4310 4666/3828/4311
f 4635/3797/4280 4637/3799/4282 4662/3824/4307
f 4635/3797/4280 4662/3824/4307 4663/3825/4308
f 4652/3814/4297 4626/3788/4271 4586/3748/4231
f 4652/3814/4297 4586/3748/4231 4667/3829/4312
f 4586/3748/4231 4585/3747/4230 4636/3798/4281
f 4586/3748/4231 4636/3798/4281 4667/3829/4312
f 4668/3830/4257 4648/3810/4293 4647/3809/4292
f 4668/3830/4257 4647/3809/4292 4669/3831/4313
f 4670/3832/4314 4671/3833/4315 4609/3771/4254
f 4670/3832/4314 4609/3771/4254 4672/3834/4316
f 4671/3833/4315 4673/3835/4317 4613/3775/4258
f 4671/3833/4315 4613/3775/4258 4609/3771/4254
f 4674/3836/4318 4659/3821/4304 4658/3820/4303
f 4674/3836/4318 4658/3820/4303 4675/3837/4319
f 4675/3837/4319 4658/3820/4303 4646/3808/4291
f 4675/3837/4319 4646/3808/4291 4676/3838/4320
f 4617/3779/4262 4676/3838/4320 4646/3808/4291
f 4617/3779/4262 4646/3808/4291 4618/3780/4263
f 4673/3835/4317 4677/3839/4321 4615/3777/4260
f 4673/3835/4317 4615/3777/4260 4613/3775/4258
f 4615/3777/4260 4677/3839/4321 4678/3840/4322
f 4615/3777/4260 4678/3840/4322 4617/3779/4262
f 4617/3779/4262 4678/3840/4322 4679/3841/4323
f 4617/3779/4262 4679/3841/4323 4676/3838/4320
f 4675/3837/4319 4680/3842/4324 4681/3843/4325
f 4675/3837/4319 4681/3843/4325 4682/3844/4318
f 4676/3838/4320 4679/3841/4323 4680/3842/4324
f 4676/3838/4320 4680/3842/4324 4675/3837/4319
f 4655/3817/4300 4656/3818/4301 4683/3845/4318
f 4655/3817/4300 4683/3845/4318 4684/3846/4326
f 4685/3847/4327 4650/3812/4295 4641/3803/4286
f 4685/3847/4327 4641/3803/4286 4640/3802/4285
f 4686/3848/4328 4669/3831/4313 4647/3809/4292
f 4686/3848/4328 4647/3809/4292 4649/3811/4294
f 4686/3848/4328 4649/3811/4294 4650/3812/4295
f 4686/3848/4328 4650/3812/4295 4685/3847/4327
f 4687/3849/4329 4644/3806/4289 4643/3805/4288
f 4687/3849/4329 4643/3805/4288 4651/3813/4296
f 4688/3850/4330 4687/3849/4329 4651/3813/4296
f 4688/3850/4330 4651/3813/4296 4653/3815/4298
f 4688/3850/4330 4653/3815/4298 4655/3817/4300
f 4688/3850/4330 4655/3817/4300 4684/3846/4326
f 4689/3851/4331 4690/3852/4332 4691/3853/4333
f 4690/3852/4332 4692/3854/4334 4693/3855/4335
f 4690/3852/4332 4693/3855/4335 4691/3853/4333
f 4694/3856/4336 4670/3832/4314 4672/3834/4316
f 4694/3856/4336 4672/3834/4316 4695/3857/4313
f 4696/3858/4337 4671/3833/4315 4670/3832/4314
f 4696/3858/4337 4670/3832/4314 4694/3856/4336
f 4679/3841/4323 4678/3840/4322 4696/3858/4337
f 4679/3841/4323 4696/3858/4337 4680/3842/4324
f 4696/3858/4337 4678/3840/4322 4677/3839/4321
f 4696/3858/4337 4677/3839/4321 4673/3835/4317
f 4696/3858/4337 4673/3835/4317 4671/3833/4315
f 4682/3844/4318 4681/3843/4325 4697/3859/4338
f 4682/3844/4318 4697/3859/4338 4698/3860/4326
f 4681/3843/4325 4680/3842/4324 4696/3858/4337
f 4681/3843/4325 4696/3858/4337 4697/3859/4338
f 4699/3861/4339 4694/3856/4336 4695/3857/4313
f 4699/3861/4339 4695/3857/4313 4700/3862/4340
f 4698/3860/4326 4697/3859/4338 4701/3863/4341
f 4698/3860/4326 4701/3863/4341 4702/3864/4342
f 4696/3858/4337 4694/3856/4336 4699/3861/4339
f 4696/3858/4337 4699/3861/4339 4703/3865/4343
f 4704/3866/4344 4690/3852/4332 4689/3851/4331
f 4704/3866/4344 4689/3851/4331 4705/3867/4329
f 4701/3863/4341 4704/3866/4344 4705/3867/4329
f 4701/3863/4341 4705/3867/4329 4702/3864/4342
f 4706/3868/4345 4707/3869/4346 4708/3870/4347
f 4709/3871/4348 4710/3872/4349 4707/3869/4346
f 4709/3871/4348 4707/3869/4346 4706/3868/4345
f 4692/3854/4334 4711/3873/4350 4712/3874/4351
f 4692/3854/4334 4712/3874/4351 4693/3855/4335
f 4712/3874/4351 4711/3873/4350 4710/3872/4349
f 4712/3874/4351 4710/3872/4349 4709/3871/4348
f 4708/3870/4347 4707/3869/4346 4713/3875/4352
f 4708/3870/4347 4713/3875/4352 4714/3876/4327
f 4714/3876/4327 4713/3875/4352 4699/3861/4339
f 4714/3876/4327 4699/3861/4339 4700/3862/4340
f 4703/3865/4343 4699/3861/4339 4713/3875/4352
f 4703/3865/4343 4713/3875/4352 4715/3877/4353
f 4690/3852/4332 4704/3866/4344 4715/3877/4353
f 4715/3877/4353 4713/3875/4352 4707/3869/4346
f 4711/3873/4350 4715/3877/4353 4707/3869/4346
f 4711/3873/4350 4707/3869/4346 4710/3872/4349
f 4711/3873/4350 4692/3854/4334 4690/3852/4332
f 4711/3873/4350 4690/3852/4332 4715/3877/4353
f 4703/3865/4343 4701/3863/4341 4697/3859/4338
f 4703/3865/4343 4697/3859/4338 4696/3858/4337
f 4715/3877/4353 4704/3866/4344 4701/3863/4341
f 4715/3877/4353 4701/3863/4341 4703/3865/4343
f 4716/3878/4354 4717/3879/4355 4718/3880/4356
f 4716/3878/4354 4718/3880/4356 4719/3881/4357
f 4720/3882/4358 4721/3883/4359 4722/3884/4360
f 4720/3882/4358 4722/3884/4360 4723/3885/4361
f 4724/3886/4362 4725/3887/4363 4723/3885/4361
f 4724/3886/4362 4723/3885/4361 4722/3884/4360
f 4726/3888/4364 4727/3889/4365 4728/3890/4366
f 4726/3888/4364 4728/3890/4366 4729/3891/4367
f 4730/3892/4368 4731/3893/4369 4726/3888/4364
f 4730/3892/4368 4726/3888/4364 4729/3891/4367
f 4730/3892/4368 4732/3894/4370 4733/3895/4371
f 4730/3892/4368 4733/3895/4371 4731/3893/4369
f 4734/3896/4372 4735/3897/4373 4736/3898/4374
f 4734/3896/4372 4736/3898/4374 4737/3899/4375
f 4738/3900/4376 4739/3901/4377 4735/3897/4373
f 4738/3900/4376 4735/3897/4373 4734/3896/4372
f 4734/3896/4372 4720/3882/4358 4740/3902/4378
f 4734/3896/4372 4740/3902/4378 4738/3900/4376
f 4719/3881/4357 4718/3880/4356 4733/3895/4371
f 4719/3881/4357 4733/3895/4371 4732/3894/4370
f 4737/3899/4375 4736/3898/4374 4741/3903/4379
f 4737/3899/4375 4741/3903/4379 4742/3904/4380
f 4741/3903/4379 4736/3898/4374 4743/3905/4381
f 4741/3903/4379 4743/3905/4381 4744/3906/4382
f 4736/3898/4374 4735/3897/4373 4745/3907/4383
f 4736/3898/4374 4745/3907/4383 4743/3905/4381
f 4735/3897/4373 4739/3901/4377 4746/3908/4384
f 4735/3897/4373 4746/3908/4384 4745/3907/4383
f 4737/3899/4375 4742/3904/4380 4747/3909/4385
f 4737/3899/4375 4747/3909/4385 4721/3883/4359
f 4734/3896/4372 4737/3899/4375 4721/3883/4359
f 4734/3896/4372 4721/3883/4359 4720/3882/4358
f 4748/3910/4386 4749/3911/4387 4750/3912/4388
f 4748/3910/4386 4750/3912/4388 4751/3913/4389
f 4752/3914/4390 4753/3915/4391 4754/3916/4392
f 4753/3915/4391 4755/3917/4393 4756/3918/4394
f 4753/3915/4391 4756/3918/4394 4754/3916/4392
f 4757/3919/4395 4758/3920/4396 4759/3921/4397
f 4757/3919/4395 4759/3921/4397 4760/3922/4398
f 4761/3923/4399 4762/3924/4400 4763/3925/4401
f 4763/3925/4401 4762/3924/4400 4764/3926/4397
f 4759/3921/4397 4765/3927/4402 4760/3922/4398
f 4766/3928/4403 4767/3929/4404 4760/3922/4398
f 4766/3928/4403 4760/3922/4398 4765/3927/4402
f 4766/3928/4403 4768/3930/4405 4769/3931/4406
f 4766/3928/4403 4769/3931/4406 4767/3929/4404
f 4748/3910/4386 4769/3931/4406 4768/3930/4405
f 4748/3910/4386 4768/3930/4405 4770/3932/4407
f 4771/3933/4408 4772/3934/4409 4773/3935/4410
f 4771/3933/4408 4773/3935/4410 4774/3936/4411
f 4742/3904/4380 4741/3903/4379 4772/3934/4409
f 4742/3904/4380 4772/3934/4409 4775/3937/4408
f 4716/3878/4354 4719/3881/4357 4751/3913/4389
f 4716/3878/4354 4751/3913/4389 4750/3912/4388
f 4724/3886/4362 4722/3884/4360 4776/3938/4412
f 4724/3886/4362 4776/3938/4412 4777/3939/4413
f 4778/3940/4391 4779/3941/4414 4777/3939/4413
f 4778/3940/4391 4777/3939/4413 4776/3938/4412
f 4747/3909/4385 4780/3942/4393 4778/3940/4391
f 4747/3909/4385 4778/3940/4391 4776/3938/4412
f 4722/3884/4360 4721/3883/4359 4747/3909/4385
f 4722/3884/4360 4747/3909/4385 4776/3938/4412
f 4729/3891/4367 4728/3890/4366 4758/3920/4396
f 4729/3891/4367 4758/3920/4396 4757/3919/4395
f 4730/3892/4368 4729/3891/4367 4757/3919/4395
f 4730/3892/4368 4757/3919/4395 4781/3943/4415
f 4781/3943/4415 4782/3944/4416 4732/3894/4370
f 4781/3943/4415 4732/3894/4370 4730/3892/4368
f 4719/3881/4357 4732/3894/4370 4782/3944/4416
f 4719/3881/4357 4782/3944/4416 4751/3913/4389
f 4782/3944/4416 4769/3931/4406 4748/3910/4386
f 4782/3944/4416 4748/3910/4386 4751/3913/4389
f 4773/3935/4410 4772/3934/4409 4783/3945/4417
f 4741/3903/4379 4744/3906/4382 4783/3945/4417
f 4741/3903/4379 4783/3945/4417 4772/3934/4409
f 4771/3933/4408 4774/3936/4411 4756/3918/4394
f 4771/3933/4408 4756/3918/4394 4755/3917/4393
f 4742/3904/4380 4775/3937/4408 4780/3942/4393
f 4742/3904/4380 4780/3942/4393 4747/3909/4385
f 4769/3931/4406 4782/3944/4416 4781/3943/4415
f 4769/3931/4406 4781/3943/4415 4767/3929/4404
f 4781/3943/4415 4757/3919/4395 4760/3922/4398
f 4781/3943/4415 4760/3922/4398 4767/3929/4404
f 4748/3910/4386 4770/3932/4407 4784/3946/4418
f 4748/3910/4386 4784/3946/4418 4749/3911/4387
f 4770/3932/4407 4768/3930/4405 4785/3947/4419
f 4770/3932/4407 4785/3947/4419 4784/3946/4418
f 4768/3930/4405 4786/3948/4420 4787/3949/4421
f 4768/3930/4405 4787/3949/4421 4785/3947/4419
f 4786/3948/4420 4762/3924/4400 4761/3923/4399
f 4786/3948/4420 4761/3923/4399 4787/3949/4421
f 4788/3950/4422 4789/3951/4423 4790/3952/4424
f 4789/3951/4423 4791/3953/4425 4790/3952/4424
f 4792/3954/4424 4793/3955/4425 4794/3956/4426
f 4790/3952/4424 4795/3957/4427 4796/3958/4428
f 4790/3952/4424 4796/3958/4428 4788/3950/4422
f 4717/3879/4355 4797/3959/4429 4798/3960/4430
f 4717/3879/4355 4798/3960/4430 4718/3880/4356
f 4794/3956/4426 4793/3955/4425 4727/3889/4365
f 4794/3956/4426 4727/3889/4365 4726/3888/4364
f 4731/3893/4369 4799/3961/4431 4794/3956/4426
f 4731/3893/4369 4794/3956/4426 4726/3888/4364
f 4731/3893/4369 4733/3895/4371 4800/3962/4432
f 4731/3893/4369 4800/3962/4432 4799/3961/4431
f 4801/3963/4433 4802/3964/4434 4803/3965/4435
f 4801/3963/4433 4803/3965/4435 4804/3966/4436
f 4797/3959/4429 4804/3966/4436 4803/3965/4435
f 4797/3959/4429 4803/3965/4435 4798/3960/4430
f 4805/3967/4437 4806/3968/4438 4739/3901/4377
f 4805/3967/4437 4739/3901/4377 4807/3969/4376
f 4807/3969/4376 4808/3970/4439 4809/3971/4440
f 4807/3969/4376 4809/3971/4440 4805/3967/4437
f 4810/3972/4441 4811/3973/4442 4812/3974/4443
f 4723/3885/4361 4725/3887/4363 4813/3975/4443
f 4723/3885/4361 4813/3975/4443 4814/3976/4444
f 4814/3976/4444 4740/3902/4378 4720/3882/4358
f 4814/3976/4444 4720/3882/4358 4723/3885/4361
f 4810/3972/4441 4809/3971/4440 4808/3970/4439
f 4810/3972/4441 4808/3970/4439 4811/3973/4442
f 4799/3961/4431 4815/3977/4445 4792/3954/4424
f 4799/3961/4431 4792/3954/4424 4794/3956/4426
f 4799/3961/4431 4800/3962/4432 4802/3964/4434
f 4799/3961/4431 4802/3964/4434 4815/3977/4445
f 4798/3960/4430 4803/3965/4435 4802/3964/4434
f 4798/3960/4430 4802/3964/4434 4800/3962/4432
f 4733/3895/4371 4718/3880/4356 4798/3960/4430
f 4733/3895/4371 4798/3960/4430 4800/3962/4432
f 4746/3908/4384 4739/3901/4377 4806/3968/4438
f 4801/3963/4433 4796/3958/4428 4795/3957/4427
f 4801/3963/4433 4795/3957/4427 4802/3964/4434
f 4784/3946/4418 4785/3947/4419 4774/3936/4411
f 4784/3946/4418 4774/3936/4411 4773/3935/4410
f 4785/3947/4419 4787/3949/4421 4756/3918/4394
f 4785/3947/4419 4756/3918/4394 4774/3936/4411
f 4787/3949/4421 4761/3923/4399 4754/3916/4392
f 4787/3949/4421 4754/3916/4392 4756/3918/4394
f 4788/3950/4422 4796/3958/4428 4809/3971/4440
f 4788/3950/4422 4809/3971/4440 4810/3972/4441
f 4796/3958/4428 4801/3963/4433 4805/3967/4437
f 4796/3958/4428 4805/3967/4437 4809/3971/4440
f 4801/3963/4433 4804/3966/4436 4806/3968/4438
f 4801/3963/4433 4806/3968/4438 4805/3967/4437
f 4743/3905/4381 4716/3878/4354 4750/3912/4388
f 4743/3905/4381 4750/3912/4388 4744/3906/4382
f 4744/3906/4382 4750/3912/4388 4749/3911/4387
f 4744/3906/4382 4749/3911/4387 4783/3945/4417
f 4783/3945/4417 4749/3911/4387 4784/3946/4418
f 4783/3945/4417 4784/3946/4418 4773/3935/4410
f 4754/3916/4392 4761/3923/4399 4763/3925/4401
f 4754/3916/4392 4763/3925/4401 4752/3914/4390
f 4812/3974/4443 4789/3951/4423 4788/3950/4422
f 4812/3974/4443 4788/3950/4422 4810/3972/4441
f 4806/3968/4438 4804/3966/4436 4797/3959/4429
f 4806/3968/4438 4797/3959/4429 4746/3908/4384
f 4746/3908/4384 4797/3959/4429 4717/3879/4355
f 4746/3908/4384 4717/3879/4355 4745/3907/4383
f 4745/3907/4383 4717/3879/4355 4716/3878/4354
f 4745/3907/4383 4716/3878/4354 4743/3905/4381
f 4816/3737/4446 4817/3740/4447 4818/3739/4448
f 4816/3737/4446 4818/3739/4448 4819/3738/4449
f 4820/3741/4450 4821/3744/4451 4822/3743/4452
f 4820/3741/4450 4822/3743/4452 4823/3742/4453
f 4821/3744/4451 4820/3741/4450 4824/3746/4454
f 4821/3744/4451 4824/3746/4454 4825/3745/4455
f 4825/3745/4455 4824/3746/4454 4826/3748/4456
f 4825/3745/4455 4826/3748/4456 4827/3747/4457
f 4828/3749/4458 4829/3752/4459 4830/3751/4460
f 4828/3749/4458 4830/3751/4460 4831/3750/4461
f 4832/3753/4462 4833/3756/4463 4834/3755/4464
f 4832/3753/4462 4834/3755/4464 4835/3754/4465
f 4835/3754/4465 4834/3755/4464 4836/3758/4466
f 4835/3754/4465 4836/3758/4466 4837/3757/4467
f 4825/3745/4455 4834/3755/4464 4833/3756/4463
f 4825/3745/4455 4833/3756/4463 4821/3744/4451
f 4827/3747/4457 4836/3758/4466 4834/3755/4464
f 4827/3747/4457 4834/3755/4464 4825/3745/4455
f 4829/3752/4459 4828/3749/4458 4838/3760/4468
f 4829/3752/4459 4838/3760/4468 4839/3759/4469
f 4840/3761/4470 4841/3764/4471 4842/3763/4472
f 4840/3761/4470 4842/3763/4472 4843/3762/4473
f 4841/3764/4471 4816/3737/4446 4819/3738/4449
f 4841/3764/4471 4819/3738/4449 4842/3763/4472
f 4832/3753/4462 4835/3754/4465 4842/3763/4472
f 4832/3753/4462 4842/3763/4472 4819/3738/4449
f 4843/3762/4473 4842/3763/4472 4835/3754/4465
f 4843/3762/4473 4835/3754/4465 4837/3757/4467
f 4816/3737/4446 4841/3764/4471 4844/3765/4474
f 4816/3737/4446 4844/3765/4474 4817/3740/4447
f 4844/3765/4474 4841/3764/4471 4840/3761/4470
f 4844/3765/4474 4840/3761/4470 4845/3766/4475
f 4846/3767/4476 4847/3770/4477 4848/3769/4478
f 4846/3767/4476 4848/3769/4478 4849/3768/4479
f 4850/3771/4480 4851/3774/4481 4852/3773/4482
f 4850/3771/4480 4852/3773/4482 4853/3772/4483
f 4854/3775/4484 4850/3771/4480 4853/3772/4483
f 4854/3775/4484 4853/3772/4483 4855/3776/4485
f 4856/3777/4486 4854/3775/4484 4855/3776/4485
f 4856/3777/4486 4855/3776/4485 4857/3778/4487
f 4858/3779/4488 4856/3777/4486 4857/3778/4487
f 4858/3779/4488 4857/3778/4487 4859/3780/4489
f 4860/3781/4490 4849/3768/4479 4861/3783/4491
f 4860/3781/4490 4861/3783/4491 4862/3782/4492
f 4863/3784/4493 4862/3782/4492 4861/3783/4491
f 4863/3784/4493 4861/3783/4491 4864/3785/4494
f 4828/3749/4458 4831/3750/4461 4863/3784/4493
f 4828/3749/4458 4863/3784/4493 4864/3785/4494
f 4838/3760/4468 4828/3749/4458 4864/3785/4494
f 4838/3760/4468 4864/3785/4494 4865/3786/4495
f 4820/3741/4450 4823/3742/4453 4866/3787/4496
f 4820/3741/4450 4866/3787/4496 4824/3746/4454
f 4824/3746/4454 4866/3787/4496 4867/3788/4497
f 4824/3746/4454 4867/3788/4497 4826/3748/4456
f 4868/3789/4498 4869/3792/4499 4870/3791/4500
f 4868/3789/4498 4870/3791/4500 4871/3790/4501
f 4872/3793/4502 4871/3790/4501 4870/3791/4500
f 4872/3793/4502 4870/3791/4500 4873/3794/4503
f 4872/3793/4502 4873/3794/4503 4830/3751/4460
f 4872/3793/4502 4830/3751/4460 4829/3752/4459
f 4874/3795/4504 4848/3769/4478 4847/3770/4477
f 4874/3795/4504 4847/3770/4477 4875/3796/4505
f 4874/3795/4504 4875/3796/4505 4845/3766/4475
f 4874/3795/4504 4845/3766/4475 4840/3761/4470
f 4876/3797/4506 4836/3758/4466 4827/3747/4457
f 4876/3797/4506 4827/3747/4457 4877/3798/4507
f 4876/3797/4506 4878/3799/4508 4837/3757/4467
f 4876/3797/4506 4837/3757/4467 4836/3758/4466
f 4879/3800/4509 4880/3803/4510 4881/3802/4511
f 4879/3800/4509 4881/3802/4511 4882/3801/4512
f 4883/3804/4513 4884/3807/4514 4885/3806/4515
f 4883/3804/4513 4885/3806/4515 4886/3805/4516
f 4859/3780/4489 4830/3751/4460 4873/3794/4503
f 4859/3780/4489 4873/3794/4503 4887/3808/4517
f 4857/3778/4487 4831/3750/4461 4830/3751/4460
f 4857/3778/4487 4830/3751/4460 4859/3780/4489
f 4855/3776/4485 4863/3784/4493 4831/3750/4461
f 4855/3776/4485 4831/3750/4461 4857/3778/4487
f 4853/3772/4483 4862/3782/4492 4863/3784/4493
f 4853/3772/4483 4863/3784/4493 4855/3776/4485
f 4852/3773/4482 4860/3781/4490 4862/3782/4492
f 4852/3773/4482 4862/3782/4492 4853/3772/4483
f 4888/3809/4518 4847/3770/4477 4846/3767/4476
f 4888/3809/4518 4846/3767/4476 4889/3810/4519
f 4890/3811/4520 4875/3796/4505 4847/3770/4477
f 4890/3811/4520 4847/3770/4477 4888/3809/4518
f 4891/3812/4521 4845/3766/4475 4875/3796/4505
f 4891/3812/4521 4875/3796/4505 4890/3811/4520
f 4880/3803/4510 4844/3765/4474 4845/3766/4475
f 4880/3803/4510 4845/3766/4475 4891/3812/4521
f 4817/3740/4447 4844/3765/4474 4880/3803/4510
f 4817/3740/4447 4880/3803/4510 4879/3800/4509
f 4882/3801/4512 4818/3739/4448 4817/3740/4447
f 4882/3801/4512 4817/3740/4447 4879/3800/4509
f 4823/3742/4453 4822/3743/4452 4884/3807/4514
f 4823/3742/4453 4884/3807/4514 4883/3804/4513
f 4886/3805/4516 4866/3787/4496 4823/3742/4453
f 4886/3805/4516 4823/3742/4453 4883/3804/4513
f 4892/3813/4522 4867/3788/4497 4866/3787/4496
f 4892/3813/4522 4866/3787/4496 4886/3805/4516
f 4893/3814/4523 4867/3788/4497 4892/3813/4522
f 4893/3814/4523 4892/3813/4522 4894/3815/4524
f 4895/3816/4525 4893/3814/4523 4894/3815/4524
f 4895/3816/4525 4894/3815/4524 4896/3817/4526
f 4897/3818/4527 4898/3819/4528 4895/3816/4525
f 4897/3818/4527 4895/3816/4525 4896/3817/4526
f 4899/3820/4529 4870/3791/4500 4869/3792/4499
f 4899/3820/4529 4869/3792/4499 4900/3821/4530
f 4887/3808/4517 4873/3794/4503 4870/3791/4500
f 4887/3808/4517 4870/3791/4500 4899/3820/4529
f 4849/3768/4479 4848/3769/4478 4901/3822/4531
f 4849/3768/4479 4901/3822/4531 4865/3786/4495
f 4861/3783/4491 4849/3768/4479 4865/3786/4495
f 4861/3783/4491 4865/3786/4495 4864/3785/4494
f 4878/3799/4508 4902/3824/4532 4901/3822/4531
f 4878/3799/4508 4901/3822/4531 4903/3823/4533
f 4901/3822/4531 4848/3769/4478 4874/3795/4504
f 4901/3822/4531 4874/3795/4504 4903/3823/4533
f 4843/3762/4473 4837/3757/4467 4878/3799/4508
f 4843/3762/4473 4878/3799/4508 4903/3823/4533
f 4903/3823/4533 4874/3795/4504 4840/3761/4470
f 4903/3823/4533 4840/3761/4470 4843/3762/4473
f 4865/3786/4495 4901/3822/4531 4902/3824/4532
f 4865/3786/4495 4902/3824/4532 4838/3760/4468
f 4838/3760/4468 4902/3824/4532 4904/3825/4534
f 4838/3760/4468 4904/3825/4534 4839/3759/4469
f 4905/3826/4535 4839/3759/4469 4904/3825/4534
f 4905/3826/4535 4904/3825/4534 4906/3827/4536
f 4872/3793/4502 4829/3752/4459 4839/3759/4469
f 4872/3793/4502 4839/3759/4469 4905/3826/4535
f 4872/3793/4502 4905/3826/4535 4868/3789/4498
f 4872/3793/4502 4868/3789/4498 4871/3790/4501
f 4905/3826/4535 4906/3827/4536 4907/3828/4537
f 4905/3826/4535 4907/3828/4537 4868/3789/4498
f 4868/3789/4498 4907/3828/4537 4895/3816/4525
f 4868/3789/4498 4895/3816/4525 4898/3819/4528
f 4907/3828/4537 4908/3829/4538 4893/3814/4523
f 4907/3828/4537 4893/3814/4523 4895/3816/4525
f 4876/3797/4506 4877/3798/4507 4906/3827/4536
f 4876/3797/4506 4906/3827/4536 4904/3825/4534
f 4908/3829/4538 4907/3828/4537 4906/3827/4536
f 4908/3829/4538 4906/3827/4536 4877/3798/4507
f 4876/3797/4506 4904/3825/4534 4902/3824/4532
f 4876/3797/4506 4902/3824/4532 4878/3799/4508
f 4893/3814/4523 4908/3829/4538 4826/3748/4456
f 4893/3814/4523 4826/3748/4456 4867/3788/4497
f 4826/3748/4456 4908/3829/4538 4877/3798/4507
f 4826/3748/4456 4877/3798/4507 4827/3747/4457
f 4909/3830/4481 4910/3831/4539 4888/3809/4518
f 4909/3830/4481 4888/3809/4518 4889/3810/4519
f 4911/3832/4540 4912/3834/4481 4850/3771/4480
f 4911/3832/4540 4850/3771/4480 4913/3833/4541
f 4913/3833/4541 4850/3771/4480 4854/3775/4484
f 4913/3833/4541 4854/3775/4484 4914/3835/4542
f 4915/3836/4543 4916/3837/4544 4899/3820/4529
f 4915/3836/4543 4899/3820/4529 4900/3821/4530
f 4916/3837/4544 4917/3838/4545 4887/3808/4517
f 4916/3837/4544 4887/3808/4517 4899/3820/4529
f 4858/3779/4488 4859/3780/4489 4887/3808/4517
f 4858/3779/4488 4887/3808/4517 4917/3838/4545
f 4914/3835/4542 4854/3775/4484 4856/3777/4486
f 4914/3835/4542 4856/3777/4486 4918/3839/4546
f 4856/3777/4486 4858/3779/4488 4919/3840/4547
f 4856/3777/4486 4919/3840/4547 4918/3839/4546
f 4858/3779/4488 4917/3838/4545 4920/3841/4548
f 4858/3779/4488 4920/3841/4548 4919/3840/4547
f 4916/3837/4544 4921/3844/4543 4922/3843/4549
f 4916/3837/4544 4922/3843/4549 4923/3842/4550
f 4917/3838/4545 4916/3837/4544 4923/3842/4550
f 4917/3838/4545 4923/3842/4550 4920/3841/4548
f 4896/3817/4526 4924/3846/4551 4925/3845/4543
f 4896/3817/4526 4925/3845/4543 4897/3818/4527
f 4926/3847/4552 4881/3802/4511 4880/3803/4510
f 4926/3847/4552 4880/3803/4510 4891/3812/4521
f 4927/3848/4553 4890/3811/4520 4888/3809/4518
f 4927/3848/4553 4888/3809/4518 4910/3831/4539
f 4927/3848/4553 4926/3847/4552 4891/3812/4521
f 4927/3848/4553 4891/3812/4521 4890/3811/4520
f 4928/3849/4554 4892/3813/4522 4886/3805/4516
f 4928/3849/4554 4886/3805/4516 4885/3806/4515
f 4929/3850/4555 4894/3815/4524 4892/3813/4522
f 4929/3850/4555 4892/3813/4522 4928/3849/4554
f 4929/3850/4555 4924/3846/4551 4896/3817/4526
f 4929/3850/4555 4896/3817/4526 4894/3815/4524
f 4930/3851/4515 4931/3853/4556 4932/3852/4557
f 4932/3852/4557 4931/3853/4556 4933/3855/4558
f 4932/3852/4557 4933/3855/4558 4934/3854/4559
f 4935/3856/4560 4936/3857/4539 4912/3834/4481
f 4935/3856/4560 4912/3834/4481 4911/3832/4540
f 4937/3858/4561 4935/3856/4560 4911/3832/4540
f 4937/3858/4561 4911/3832/4540 4913/3833/4541
f 4920/3841/4548 4923/3842/4550 4937/3858/4561
f 4920/3841/4548 4937/3858/4561 4919/3840/4547
f 4937/3858/4561 4918/3839/4546 4919/3840/4547
f 4937/3858/4561 4913/3833/4541 4914/3835/4542
f 4937/3858/4561 4914/3835/4542 4918/3839/4546
f 4921/3844/4543 4938/3860/4551 4939/3859/4562
f 4921/3844/4543 4939/3859/4562 4922/3843/4549
f 4922/3843/4549 4939/3859/4562 4937/3858/4561
f 4922/3843/4549 4937/3858/4561 4923/3842/4550
f 4940/3861/4563 4941/3862/4564 4936/3857/4539
f 4940/3861/4563 4936/3857/4539 4935/3856/4560
f 4938/3860/4551 4942/3864/4565 4943/3863/4566
f 4938/3860/4551 4943/3863/4566 4939/3859/4562
f 4937/3858/4561 4944/3865/4343 4940/3861/4563
f 4937/3858/4561 4940/3861/4563 4935/3856/4560
f 4945/3866/4567 4946/3867/4554 4930/3851/4515
f 4945/3866/4567 4930/3851/4515 4932/3852/4557
f 4943/3863/4566 4942/3864/4565 4946/3867/4554
f 4943/3863/4566 4946/3867/4554 4945/3866/4567
f 4947/3868/4568 4948/3870/4569 4949/3869/4570
f 4950/3871/4571 4947/3868/4568 4949/3869/4570
f 4950/3871/4571 4949/3869/4570 4951/3872/4572
f 4934/3854/4559 4933/3855/4558 4952/3874/4351
f 4934/3854/4559 4952/3874/4351 4953/3873/4350
f 4952/3874/4351 4950/3871/4571 4951/3872/4572
f 4952/3874/4351 4951/3872/4572 4953/3873/4350
f 4948/3870/4569 4954/3876/4552 4955/3875/4573
f 4948/3870/4569 4955/3875/4573 4949/3869/4570
f 4954/3876/4552 4941/3862/4564 4940/3861/4563
f 4954/3876/4552 4940/3861/4563 4955/3875/4573
f 4944/3865/4343 4956/3877/4353 4955/3875/4573
f 4944/3865/4343 4955/3875/4573 4940/3861/4563
f 4932/3852/4557 4956/3877/4353 4945/3866/4567
f 4956/3877/4353 4949/3869/4570 4955/3875/4573
f 4953/3873/4350 4951/3872/4572 4949/3869/4570
f 4953/3873/4350 4949/3869/4570 4956/3877/4353
f 4953/3873/4350 4956/3877/4353 4932/3852/4557
f 4953/3873/4350 4932/3852/4557 4934/3854/4559
f 4944/3865/4343 4937/3858/4561 4939/3859/4562
f 4944/3865/4343 4939/3859/4562 4943/3863/4566
f 4956/3877/4353 4944/3865/4343 4943/3863/4566
f 4956/3877/4353 4943/3863/4566 4945/3866/4567
f 4957/3878/4354 4958/3881/4574 4959/3880/4575
f 4957/3878/4354 4959/3880/4575 4960/3879/4576
f 4961/3882/4577 4962/3885/4578 4963/3884/4579
f 4961/3882/4577 4963/3884/4579 4964/3883/4580
f 4965/3886/4581 4963/3884/4579 4962/3885/4578
f 4965/3886/4581 4962/3885/4578 4966/3887/4582
f 4967/3888/4583 4968/3891/4584 4969/3890/4585
f 4967/3888/4583 4969/3890/4585 4970/3889/4586
f 4971/3892/4587 4968/3891/4584 4967/3888/4583
f 4971/3892/4587 4967/3888/4583 4972/3893/4588
f 4971/3892/4587 4972/3893/4588 4973/3895/4589
f 4971/3892/4587 4973/3895/4589 4974/3894/4590
f 4975/3896/4591 4976/3899/4592 4977/3898/4593
f 4975/3896/4591 4977/3898/4593 4978/3897/4594
f 4979/3900/4595 4975/3896/4591 4978/3897/4594
f 4979/3900/4595 4978/3897/4594 4980/3901/4596
f 4975/3896/4591 4979/3900/4595 4981/3902/4597
f 4975/3896/4591 4981/3902/4597 4961/3882/4577
f 4958/3881/4574 4974/3894/4590 4973/3895/4589
f 4958/3881/4574 4973/3895/4589 4959/3880/4575
f 4976/3899/4592 4982/3904/4598 4983/3903/4599
f 4976/3899/4592 4983/3903/4599 4977/3898/4593
f 4983/3903/4599 4984/3906/4600 4985/3905/4381
f 4983/3903/4599 4985/3905/4381 4977/3898/4593
f 4977/3898/4593 4985/3905/4381 4986/3907/4601
f 4977/3898/4593 4986/3907/4601 4978/3897/4594
f 4978/3897/4594 4986/3907/4601 4987/3908/4602
f 4978/3897/4594 4987/3908/4602 4980/3901/4596
f 4976/3899/4592 4964/3883/4580 4988/3909/4603
f 4976/3899/4592 4988/3909/4603 4982/3904/4598
f 4975/3896/4591 4961/3882/4577 4964/3883/4580
f 4975/3896/4591 4964/3883/4580 4976/3899/4592
f 4989/3910/4604 4990/3913/4605 4991/3912/4606
f 4989/3910/4604 4991/3912/4606 4992/3911/4607
f 4993/3914/4608 4994/3916/4609 4995/3915/4610
f 4995/3915/4610 4994/3916/4609 4996/3918/4611
f 4995/3915/4610 4996/3918/4611 4997/3917/4612
f 4998/3919/4613 4999/3922/4614 5000/3921/4615
f 4998/3919/4613 5000/3921/4615 5001/3920/4616
f 5002/3923/4617 5003/3925/4618 5004/3924/4619
f 5003/3925/4618 5005/3926/4615 5004/3924/4619
f 5000/3921/4615 4999/3922/4614 5006/3927/4619
f 5007/3928/4620 5006/3927/4619 4999/3922/4614
f 5007/3928/4620 4999/3922/4614 5008/3929/4621
f 5007/3928/4620 5008/3929/4621 5009/3931/4622
f 5007/3928/4620 5009/3931/4622 5010/3930/4623
f 4989/3910/4604 5011/3932/4624 5010/3930/4623
f 4989/3910/4604 5010/3930/4623 5009/3931/4622
f 5012/3933/4625 5013/3936/4626 5014/3935/4627
f 5012/3933/4625 5014/3935/4627 5015/3934/4628
f 4982/3904/4598 5016/3937/4625 5015/3934/4628
f 4982/3904/4598 5015/3934/4628 4983/3903/4599
f 4957/3878/4354 4991/3912/4606 4990/3913/4605
f 4957/3878/4354 4990/3913/4605 4958/3881/4574
f 4965/3886/4581 5017/3939/4629 5018/3938/4630
f 4965/3886/4581 5018/3938/4630 4963/3884/4579
f 5019/3940/4610 5018/3938/4630 5017/3939/4629
f 5019/3940/4610 5017/3939/4629 5020/3941/4631
f 4988/3909/4603 5018/3938/4630 5019/3940/4610
f 4988/3909/4603 5019/3940/4610 5021/3942/4612
f 4963/3884/4579 5018/3938/4630 4988/3909/4603
f 4963/3884/4579 4988/3909/4603 4964/3883/4580
f 4968/3891/4584 4998/3919/4613 5001/3920/4616
f 4968/3891/4584 5001/3920/4616 4969/3890/4585
f 4971/3892/4587 5022/3943/4632 4998/3919/4613
f 4971/3892/4587 4998/3919/4613 4968/3891/4584
f 5022/3943/4632 4971/3892/4587 4974/3894/4590
f 5022/3943/4632 4974/3894/4590 5023/3944/4633
f 4958/3881/4574 4990/3913/4605 5023/3944/4633
f 4958/3881/4574 5023/3944/4633 4974/3894/4590
f 5023/3944/4633 4990/3913/4605 4989/3910/4604
f 5023/3944/4633 4989/3910/4604 5009/3931/4622
f 5014/3935/4627 5024/3945/4634 5015/3934/4628
f 4983/3903/4599 5015/3934/4628 5024/3945/4634
f 4983/3903/4599 5024/3945/4634 4984/3906/4600
f 5012/3933/4625 4997/3917/4612 4996/3918/4611
f 5012/3933/4625 4996/3918/4611 5013/3936/4626
f 4982/3904/4598 4988/3909/4603 5021/3942/4612
f 4982/3904/4598 5021/3942/4612 5016/3937/4625
f 5009/3931/4622 5008/3929/4621 5022/3943/4632
f 5009/3931/4622 5022/3943/4632 5023/3944/4633
f 5022/3943/4632 5008/3929/4621 4999/3922/4614
f 5022/3943/4632 4999/3922/4614 4998/3919/4613
f 4989/3910/4604 4992/3911/4607 5025/3946/4635
f 4989/3910/4604 5025/3946/4635 5011/3932/4624
f 5011/3932/4624 5025/3946/4635 5026/3947/4636
f 5011/3932/4624 5026/3947/4636 5010/3930/4623
f 5010/3930/4623 5026/3947/4636 5027/3949/4637
f 5010/3930/4623 5027/3949/4637 5028/3948/4638
f 5028/3948/4638 5027/3949/4637 5002/3923/4617
f 5028/3948/4638 5002/3923/4617 5004/3924/4619
f 5029/3950/4639 5030/3952/4640 5031/3951/4641
f 5031/3951/4641 5030/3952/4640 5032/3953/4642
f 5033/3954/4643 5034/3956/4644 5035/3955/4642
f 5030/3952/4640 5029/3950/4639 5036/3958/4645
f 5030/3952/4640 5036/3958/4645 5037/3957/4646
f 4960/3879/4576 4959/3880/4575 5038/3960/4647
f 4960/3879/4576 5038/3960/4647 5039/3959/4648
f 5034/3956/4644 4967/3888/4583 4970/3889/4586
f 5034/3956/4644 4970/3889/4586 5035/3955/4642
f 4972/3893/4588 4967/3888/4583 5034/3956/4644
f 4972/3893/4588 5034/3956/4644 5040/3961/4649
f 4972/3893/4588 5040/3961/4649 5041/3962/4650
f 4972/3893/4588 5041/3962/4650 4973/3895/4589
f 5042/3963/4651 5043/3966/4652 5044/3965/4653
f 5042/3963/4651 5044/3965/4653 5045/3964/4654
f 5039/3959/4648 5038/3960/4647 5044/3965/4653
f 5039/3959/4648 5044/3965/4653 5043/3966/4652
f 5046/3967/4655 5047/3969/4595 4980/3901/4596
f 5046/3967/4655 4980/3901/4596 5048/3968/4656
f 5047/3969/4595 5046/3967/4655 5049/3971/4657
f 5047/3969/4595 5049/3971/4657 5050/3970/4658
f 5051/3972/4659 5052/3974/4660 5053/3973/4661
f 4962/3885/4578 5054/3976/4662 5055/3975/4660
f 4962/3885/4578 5055/3975/4660 4966/3887/4582
f 5054/3976/4662 4962/3885/4578 4961/3882/4577
f 5054/3976/4662 4961/3882/4577 4981/3902/4597
f 5051/3972/4659 5053/3973/4661 5050/3970/4658
f 5051/3972/4659 5050/3970/4658 5049/3971/4657
f 5040/3961/4649 5034/3956/4644 5033/3954/4643
f 5040/3961/4649 5033/3954/4643 5056/3977/4663
f 5040/3961/4649 5056/3977/4663 5045/3964/4654
f 5040/3961/4649 5045/3964/4654 5041/3962/4650
f 5038/3960/4647 5041/3962/4650 5045/3964/4654
f 5038/3960/4647 5045/3964/4654 5044/3965/4653
f 4973/3895/4589 5041/3962/4650 5038/3960/4647
f 4973/3895/4589 5038/3960/4647 4959/3880/4575
f 4987/3908/4602 5048/3968/4656 4980/3901/4596
f 5042/3963/4651 5045/3964/4654 5037/3957/4646
f 5042/3963/4651 5037/3957/4646 5036/3958/4645
f 5025/3946/4635 5014/3935/4627 5013/3936/4626
f 5025/3946/4635 5013/3936/4626 5026/3947/4636
f 5026/3947/4636 5013/3936/4626 4996/3918/4611
f 5026/3947/4636 4996/3918/4611 5027/3949/4637
f 5027/3949/4637 4996/3918/4611 4994/3916/4609
f 5027/3949/4637 4994/3916/4609 5002/3923/4617
f 5029/3950/4639 5051/3972/4659 5049/3971/4657
f 5029/3950/4639 5049/3971/4657 5036/3958/4645
f 5036/3958/4645 5049/3971/4657 5046/3967/4655
f 5036/3958/4645 5046/3967/4655 5042/3963/4651
f 5042/3963/4651 5046/3967/4655 5048/3968/4656
f 5042/3963/4651 5048/3968/4656 5043/3966/4652
f 4985/3905/4381 4984/3906/4600 4991/3912/4606
f 4985/3905/4381 4991/3912/4606 4957/3878/4354
f 4984/3906/4600 5024/3945/4634 4992/3911/4607
f 4984/3906/4600 4992/3911/4607 4991/3912/4606
f 5024/3945/4634 5014/3935/4627 5025/3946/4635
f 5024/3945/4634 5025/3946/4635 4992/3911/4607
f 4994/3916/4609 4993/3914/4608 5003/3925/4618
f 4994/3916/4609 5003/3925/4618 5002/3923/4617
f 5052/3974/4660 5051/3972/4659 5029/3950/4639
f 5052/3974/4660 5029/3950/4639 5031/3951/4641
f 5048/3968/4656 4987/3908/4602 5039/3959/4648
f 5048/3968/4656 5039/3959/4648 5043/3966/4652
f 4987/3908/4602 4986/3907/4601 4960/3879/4576
f 4987/3908/4602 4960/3879/4576 5039/3959/4648
f 4986/3907/4601 4985/3905/4381 4957/3878/4354
f 4986/3907/4601 4957/3878/4354 4960/3879/4576
f 5057/3978/4664 5058/3979/4665 5059/3980/4666
f 5057/3978/4664 5059/3980/4666 5060/3981/4667
f 5061/3982/4668 5062/3983/4669 5058/3979/4665
f 5061/3982/4668 5058/3979/4665 5057/3978/4664
f 5063/3984/4670 5064/3985/4671 5062/3983/4669
f 5063/3984/4670 5062/3983/4669 5061/3982/4668
f 5064/3985/4671 5063/3984/4670 5065/3986/4672
f 5064/3985/4671 5065/3986/4672 5066/3987/4673
f 5066/3987/4673 5065/3986/4672 5067/3988/4674
f 5067/3988/4674 5068/3989/4675 5069/3990/4676
f 5067/3988/4674 5069/3990/4676 5066/3987/4673
f 5070/3991/4677 5071/3992/4678 5072/3993/4679
f 5070/3991/4677 5072/3993/4679 5073/3994/4680
f 5068/3989/4675 5073/3994/4680 5072/3993/4679
f 5068/3989/4675 5072/3993/4679 5069/3990/4676
f 5058/3979/4665 5074/3995/4681 5075/3996/4682
f 5058/3979/4665 5075/3996/4682 5059/3980/4666
f 5062/3983/4669 5076/3997/4683 5074/3995/4681
f 5062/3983/4669 5074/3995/4681 5058/3979/4665
f 5064/3985/4671 5077/3998/4684 5076/3997/4683
f 5064/3985/4671 5076/3997/4683 5062/3983/4669
f 5078/3999/4685 5075/3996/4682 5074/3995/4681
f 5078/3999/4685 5074/3995/4681 5079/4000/4686
f 5079/4000/4686 5074/3995/4681 5076/3997/4683
f 5079/4000/4686 5076/3997/4683 5080/4001/4687
f 5080/4001/4687 5076/3997/4683 5077/3998/4684
f 5080/4001/4687 5077/3998/4684 5081/4002/4688
f 5077/3998/4684 5064/3985/4671 5066/3987/4673
f 5077/3998/4684 5066/3987/4673 5082/4003/4689
f 5082/4003/4689 5066/3987/4673 5069/3990/4676
f 5082/4003/4689 5069/3990/4676 5083/4004/4690
f 5081/4002/4688 5077/3998/4684 5082/4003/4689
f 5081/4002/4688 5082/4003/4689 5084/4005/4691
f 5084/4005/4691 5082/4003/4689 5083/4004/4690
f 5084/4005/4691 5083/4004/4690 5085/4006/4692
f 5085/4006/4692 5083/4004/4690 5086/4007/4693
f 5085/4006/4692 5086/4007/4693 5087/4008/4694
f 5083/4004/4690 5069/3990/4676 5072/3993/4679
f 5083/4004/4690 5072/3993/4679 5086/4007/4693
f 5088/4009/4695 5089/4010/4696 5090/4011/4697
f 5088/4009/4695 5090/4011/4697 5091/4012/4698
f 5092/4013/4699 5091/4012/4698 5090/4011/4697
f 5092/4013/4699 5090/4011/4697 5093/4014/4700
f 5094/4015/4701 5095/4016/4702 5091/4012/4698
f 5094/4015/4701 5091/4012/4698 5092/4013/4699
f 5088/4009/4695 5096/4017/4703 5097/4018/4704
f 5088/4009/4695 5097/4018/4704 5089/4010/4696
f 5088/4009/4695 5091/4012/4698 5095/4016/4702
f 5088/4009/4695 5095/4016/4702 5098/4019/4705
f 5099/4020/4706 5100/4021/4707 5101/4022/4708
f 5099/4020/4706 5101/4022/4708 5102/4023/4709
f 5103/4024/4710 5104/4025/4711 5101/4022/4708
f 5103/4024/4710 5101/4022/4708 5100/4021/4707
f 5101/4022/4708 5104/4025/4711 5105/4026/4712
f 5101/4022/4708 5105/4026/4712 5102/4023/4709
f 5106/4027/4713 5107/4028/4714 5108/4029/4715
f 5106/4027/4713 5108/4029/4715 5109/4030/4716
f 5106/4027/4713 5097/4018/4704 5096/4017/4703
f 5106/4027/4713 5096/4017/4703 5107/4028/4714
f 5103/4024/4710 5110/4031/4717 5095/4016/4702
f 5103/4024/4710 5095/4016/4702 5094/4015/4701
f 5110/4031/4717 5111/4032/4718 5098/4019/4705
f 5110/4031/4717 5098/4019/4705 5095/4016/4702
f 5107/4028/4714 5096/4017/4703 5111/4032/4718
f 5107/4028/4714 5111/4032/4718 5112/4033/4719
f 5098/4019/4705 5111/4032/4718 5096/4017/4703
f 5098/4019/4705 5096/4017/4703 5088/4009/4695
f 5110/4031/4717 5103/4024/4710 5100/4021/4707
f 5110/4031/4717 5100/4021/4707 5113/4034/4720
f 5113/4034/4720 5114/4035/4721 5112/4033/4719
f 5112/4033/4719 5111/4032/4718 5110/4031/4717
f 5112/4033/4719 5110/4031/4717 5113/4034/4720
f 5115/4036/4722 5113/4034/4720 5100/4021/4707
f 5115/4036/4722 5100/4021/4707 5099/4020/4706
f 5114/4035/4721 5113/4034/4720 5115/4036/4722
f 5114/4035/4721 5115/4036/4722 5116/4037/4723
f 5117/4038/4724 5114/4035/4721 5116/4037/4723
f 5117/4038/4724 5116/4037/4723 5118/4039/4725
f 5112/4033/4719 5114/4035/4721 5117/4038/4724
f 5112/4033/4719 5117/4038/4724 5119/4040/4726
f 5119/4040/4726 5108/4029/4715 5107/4028/4714
f 5119/4040/4726 5107/4028/4714 5112/4033/4719
f 5120/4041/4727 5121/4042/4678 5122/4043/4677
f 5120/4041/4727 5122/4043/4677 5123/4044/4728
f 5124/3288/4729 5120/4041/4727 5123/4044/4728
f 5124/3288/4729 5123/4044/4728 5125/3289/4730
f 5104/4025/4711 5103/4024/4710 5094/4015/4701
f 5104/4025/4711 5094/4015/4701 5126/4045/4731
f 5127/4046/4732 5092/4013/4699 5093/4014/4700
f 5127/4046/4732 5093/4014/4700 5128/4047/4733
f 5126/4045/4731 5094/4015/4701 5092/4013/4699
f 5126/4045/4731 5092/4013/4699 5127/4046/4732
f 5105/4026/4712 5104/4025/4711 5126/4045/4731
f 5105/4026/4712 5126/4045/4731 5129/3290/4734
f 5127/4046/4732 5128/4047/4733 5130/4048/4735
f 5127/4046/4732 5130/4048/4735 5131/3293/4736
f 5129/3290/4734 5126/4045/4731 5127/4046/4732
f 5129/3290/4734 5127/4046/4732 5132/3293/4737
f 5130/4048/4735 5133/4049/4738 5134/3294/4739
f 5130/4048/4735 5134/3294/4739 5131/3293/4736
f 5135/3978/4740 5060/3981/4667 5059/3980/4666
f 5135/3978/4740 5059/3980/4666 5136/3979/4741
f 5137/3982/4742 5135/3978/4740 5136/3979/4741
f 5137/3982/4742 5136/3979/4741 5138/3983/4743
f 5139/3984/4744 5137/3982/4742 5138/3983/4743
f 5139/3984/4744 5138/3983/4743 5140/3985/4745
f 5140/3985/4745 5141/3987/4746 5142/3986/4747
f 5140/3985/4745 5142/3986/4747 5139/3984/4744
f 5141/3987/4746 5143/3988/4748 5142/3986/4747
f 5143/3988/4748 5141/3987/4746 5144/3990/4749
f 5143/3988/4748 5144/3990/4749 5145/3989/4750
f 5146/3991/4751 5147/3994/4752 5148/3993/4753
f 5146/3991/4751 5148/3993/4753 5149/3992/4754
f 5145/3989/4750 5144/3990/4749 5148/3993/4753
f 5145/3989/4750 5148/3993/4753 5147/3994/4752
f 5136/3979/4741 5059/3980/4666 5075/3996/4682
f 5136/3979/4741 5075/3996/4682 5150/3995/4755
f 5138/3983/4743 5136/3979/4741 5150/3995/4755
f 5138/3983/4743 5150/3995/4755 5151/3997/4756
f 5140/3985/4745 5138/3983/4743 5151/3997/4756
f 5140/3985/4745 5151/3997/4756 5152/3998/4757
f 5078/3999/4685 5153/4000/4758 5150/3995/4755
f 5078/3999/4685 5150/3995/4755 5075/3996/4682
f 5153/4000/4758 5154/4001/4759 5151/3997/4756
f 5153/4000/4758 5151/3997/4756 5150/3995/4755
f 5154/4001/4759 5155/4002/4760 5152/3998/4757
f 5154/4001/4759 5152/3998/4757 5151/3997/4756
f 5152/3998/4757 5156/4003/4761 5141/3987/4746
f 5152/3998/4757 5141/3987/4746 5140/3985/4745
f 5156/4003/4761 5157/4004/4762 5144/3990/4749
f 5156/4003/4761 5144/3990/4749 5141/3987/4746
f 5155/4002/4760 5158/4005/4763 5156/4003/4761
f 5155/4002/4760 5156/4003/4761 5152/3998/4757
f 5158/4005/4763 5159/4006/4764 5157/4004/4762
f 5158/4005/4763 5157/4004/4762 5156/4003/4761
f 5149/3992/4754 5148/3993/4753 5160/4007/4765
f 5149/3992/4754 5160/4007/4765 5161/4050/4766
f 5162/4008/4767 5163/4051/4768 5161/4050/4766
f 5162/4008/4767 5161/4050/4766 5160/4007/4765
f 5159/4006/4764 5162/4008/4767 5160/4007/4765
f 5159/4006/4764 5160/4007/4765 5157/4004/4762
f 5157/4004/4762 5160/4007/4765 5148/3993/4753
f 5157/4004/4762 5148/3993/4753 5144/3990/4749
f 5164/4052/4769 5165/4053/4770 5166/4054/4771
f 5164/4052/4769 5166/4054/4771 5167/4055/4772
f 5168/4056/4773 5169/4057/4774 5166/4054/4771
f 5168/4056/4773 5166/4054/4771 5165/4053/4770
f 5170/4058/4775 5168/4056/4773 5165/4053/4770
f 5170/4058/4775 5165/4053/4770 5171/4059/4776
f 5164/4052/4769 5167/4055/4772 5172/4060/4777
f 5164/4052/4769 5172/4060/4777 5173/4061/4778
f 5164/4052/4769 5174/4062/4779 5171/4059/4776
f 5164/4052/4769 5171/4059/4776 5165/4053/4770
f 5175/4063/4780 5176/4064/4781 5177/4065/4782
f 5175/4063/4780 5177/4065/4782 5178/4066/4783
f 5179/4067/4784 5178/4066/4783 5177/4065/4782
f 5179/4067/4784 5177/4065/4782 5180/4068/4785
f 5177/4065/4782 5176/4064/4781 5181/4069/4786
f 5177/4065/4782 5181/4069/4786 5180/4068/4785
f 5182/4070/4787 5183/4071/4716 5184/4072/4715
f 5182/4070/4787 5184/4072/4715 5185/4073/4788
f 5182/4070/4787 5185/4073/4788 5173/4061/4778
f 5182/4070/4787 5173/4061/4778 5172/4060/4777
f 5179/4067/4784 5170/4058/4775 5171/4059/4776
f 5179/4067/4784 5171/4059/4776 5186/4074/4789
f 5186/4074/4789 5171/4059/4776 5174/4062/4779
f 5186/4074/4789 5174/4062/4779 5187/4075/4790
f 5185/4073/4788 5188/4076/4791 5187/4075/4790
f 5185/4073/4788 5187/4075/4790 5173/4061/4778
f 5174/4062/4779 5164/4052/4769 5173/4061/4778
f 5174/4062/4779 5173/4061/4778 5187/4075/4790
f 5186/4074/4789 5189/4077/4792 5178/4066/4783
f 5186/4074/4789 5178/4066/4783 5179/4067/4784
f 5189/4077/4792 5188/4076/4791 5190/4078/4793
f 5188/4076/4791 5189/4077/4792 5186/4074/4789
f 5188/4076/4791 5186/4074/4789 5187/4075/4790
f 5191/4079/4794 5175/4063/4780 5178/4066/4783
f 5191/4079/4794 5178/4066/4783 5189/4077/4792
f 5190/4078/4793 5192/4080/4795 5191/4079/4794
f 5190/4078/4793 5191/4079/4794 5189/4077/4792
f 5193/4081/4724 5194/4082/4725 5192/4080/4795
f 5193/4081/4724 5192/4080/4795 5190/4078/4793
f 5188/4076/4791 5195/4083/4726 5193/4081/4724
f 5188/4076/4791 5193/4081/4724 5190/4078/4793
f 5195/4083/4726 5188/4076/4791 5185/4073/4788
f 5195/4083/4726 5185/4073/4788 5184/4072/4715
f 5196/4084/4796 5197/4085/4797 5198/4086/4798
f 5196/4084/4796 5198/4086/4798 5199/4087/4754
f 5200/4088/4799 5201/4089/4800 5197/4085/4797
f 5200/4088/4799 5197/4085/4797 5196/4084/4796
f 5180/4068/4785 5202/4090/4801 5170/4058/4775
f 5180/4068/4785 5170/4058/4775 5179/4067/4784
f 5203/4091/4802 5204/4092/4803 5169/4057/4774
f 5203/4091/4802 5169/4057/4774 5168/4056/4773
f 5202/4090/4801 5203/4091/4802 5168/4056/4773
f 5202/4090/4801 5168/4056/4773 5170/4058/4775
f 5181/4069/4786 5205/4093/4804 5202/4090/4801
f 5181/4069/4786 5202/4090/4801 5180/4068/4785
f 5203/4091/4802 5206/4094/4805 5207/4095/4806
f 5203/4091/4802 5207/4095/4806 5204/4092/4803
f 5205/4093/4804 5208/4094/4807 5203/4091/4802
f 5205/4093/4804 5203/4091/4802 5202/4090/4801
f 5207/4095/4806 5206/4094/4805 5209/4096/4808
f 5207/4095/4806 5209/4096/4808 5210/4097/4809
f 5211/4098/4810 5212/4099/4811 5213/4100/4812
f 5211/4098/4810 5213/4100/4812 5214/4101/4813
f 5212/4099/4811 5211/4098/4810 5215/4102/4814
f 5212/4099/4811 5215/4102/4814 5216/4103/4815
f 5217/4088/4816 5216/4103/4815 5215/4102/4814
f 5217/4088/4816 5215/4102/4814 5218/4089/4817
f 5212/4099/4811 5219/4104/4818 5220/4093/4819
f 5212/4099/4811 5220/4093/4819 5213/4100/4812
f 5221/4094/4820 5219/4104/4818 5222/4096/4821
f 5219/4104/4818 5221/4094/4820 5220/4093/4819
f 4061/3292/3784 5223/4105/4822 4057/3288/3780
f 4061/3292/3784 4057/3288/3780 4055/3286/3778
f 4064/3295/3787 5224/4106/4823 4061/3292/3784
f 5224/4106/4823 5223/4105/4822 4061/3292/3784
f 5071/3992/4678 5225/4050/4824 5086/4007/4693
f 5071/3992/4678 5086/4007/4693 5072/3993/4679
f 5087/4008/4694 5086/4007/4693 5225/4050/4824
f 5087/4008/4694 5225/4050/4824 5226/4051/4825
f 5120/4041/4727 5227/4107/4826 5228/4108/4824
f 5120/4041/4727 5228/4108/4824 5121/4042/4678
f 5229/4109/4825 5228/4108/4824 5227/4107/4826
f 5229/4109/4825 5227/4107/4826 5230/4110/4827
f 5231/4105/4828 5227/4107/4826 5120/4041/4727
f 5231/4105/4828 5120/4041/4727 5124/3288/4729
s 0
f 5232/3295/4829 5233/4111/4829 5234/4106/4829
s 1
f 5235/4110/4830 5236/4106/4830 5237/4111/4830
f 5238/3295/4831 5239/3294/4831 5240/4049/4832
f 5238/3295/4831 5240/4049/4832 5241/4111/4833
f 5231/4105/4828 5242/4106/4834 5230/4110/4827
f 5231/4105/4828 5230/4110/4827 5227/4107/4826
f 5196/4084/4796 5199/4087/4754 5243/4112/4835
f 5196/4084/4796 5243/4112/4835 5244/4113/4836
f 5245/4114/4768 5246/4115/4837 5244/4113/4836
f 5245/4114/4768 5244/4113/4836 5243/4112/4835
f 5247/4116/4838 5200/4088/4799 5196/4084/4796
f 5247/4116/4838 5196/4084/4796 5244/4113/4836
s 0
f 5248/4117/4839 5249/4118/4839 5250/4119/4839
s 1
f 5251/4118/4840 5252/4115/4840 5253/4119/4840
f 5254/4097/4841 5255/4096/4842 5256/4117/4842
f 5254/4097/4841 5256/4117/4842 5257/4119/4843
f 5258/4120/4844 5216/4103/4815 5217/4088/4816
f 5258/4120/4844 5217/4088/4816 5259/4116/4845
f 5258/4120/4844 5219/4104/4818 5212/4099/4811
f 5258/4120/4844 5212/4099/4811 5216/4103/4815
f 5260/4117/4846 5258/4120/4844 5261/4118/4847
f 5261/4118/4847 5258/4120/4844 5259/4116/4845
f 5260/4117/4846 5222/4096/4821 5219/4104/4818
f 5260/4117/4846 5219/4104/4818 5258/4120/4844
f 5246/4115/4837 5262/4118/4848 5247/4116/4838
f 5246/4115/4837 5247/4116/4838 5244/4113/4836
o Object_5
v -6.137955 66.205208 86.522446
v -6.137955 81.158455 94.773956
v 1.417045 81.103935 95.192520
v 1.906547 65.988838 86.933029
v -6.137955 83.904839 96.830437
v 1.338730 83.688995 97.107742
v 9.303037 80.880554 95.961571
v 9.139770 83.402397 97.815308
v 12.528362 83.237312 98.531563
v 14.963764 82.570541 98.641327
v 15.166475 80.402298 97.089340
v 16.201809 81.301323 98.241562
v 16.409088 80.148705 97.517044
v 15.369488 69.900375 91.331940
v 16.969587 69.684822 91.779762
v 16.573641 76.947487 95.759018
v 10.096163 65.970924 87.825844
v 14.741665 65.948982 88.987732
v 15.438137 66.349129 89.385071
v 16.573788 66.977280 90.075058
v 4.785651 65.768929 169.593155
v 3.948636 87.456909 157.976196
v -6.137955 88.048531 158.633102
v -6.137955 66.575150 170.171539
v 15.750216 64.382233 168.506058
v 13.489073 86.568321 156.848816
v 3.763110 88.954956 156.808029
v -6.137955 89.547729 157.367752
v 13.223969 88.143517 155.732803
v 20.305765 85.353935 155.348633
v 20.030632 86.982460 154.282715
v 24.196264 62.548096 166.801010
v 22.347393 86.483772 153.588959
v 22.701433 84.741478 154.734024
v 23.445387 85.600990 153.534210
v 24.070723 84.079628 154.225861
v 26.304028 62.177956 166.115860
v 27.123993 62.418640 165.494995
v 27.547657 64.128754 164.219482
v -14.182456 65.988838 86.933029
v -13.692955 81.103935 95.192520
v -13.614639 83.688995 97.107742
v -21.578945 80.880554 95.961571
v -21.415680 83.402397 97.815308
v -24.804272 83.237312 98.531563
v -27.442385 80.402298 97.089340
v -27.239674 82.570541 98.641327
v -28.477718 81.301323 98.241562
v -28.684998 80.148705 97.517044
v -27.645397 69.900375 91.331940
v -29.245497 69.684822 91.779762
v -28.849550 76.947487 95.759018
v -22.372072 65.970924 87.825844
v -27.017574 65.948982 88.987732
v -27.714046 66.349129 89.385071
v -28.849697 66.977280 90.075058
v -17.061562 65.768929 169.593155
v -16.224545 87.456909 157.976196
v -28.026125 64.382233 168.506058
v -25.764982 86.568321 156.848816
v -16.039021 88.954956 156.808029
v -25.499878 88.143517 155.732803
v -32.306541 86.982460 154.282715
v -32.581673 85.353935 155.348633
v -36.472176 62.548096 166.801010
v -34.623302 86.483772 153.588959
v -34.977341 84.741478 154.734024
v -35.721298 85.600990 153.534210
v -36.346634 84.079628 154.225861
v -38.579937 62.177956 166.115860
v -39.399902 62.418640 165.494995
v -39.823566 64.128754 164.219482
v 25.149902 84.715462 131.504395
v 25.664232 80.600502 130.452209
v 25.064981 84.054955 124.867950
v 25.177418 85.051979 139.162842
v 28.957916 60.921371 134.233337
v 26.286564 77.043060 131.971283
v 26.222652 78.474251 141.805176
v 29.085972 61.473236 147.300812
v 25.177418 85.051979 139.162842
v 25.269224 84.427910 142.775574
v 25.520193 83.050285 146.019012
v 26.173992 79.558296 149.253769
v 25.520193 83.050285 146.019012
v 29.188229 61.914352 157.748199
v 28.816830 60.314690 119.875580
v 26.363789 75.299141 119.988678
v 25.844315 78.454056 120.012558
v 25.105886 83.277031 120.046593
v -37.425812 84.715462 131.504395
v -37.340889 84.054955 124.867950
v -37.940140 80.600502 130.452209
v -37.453327 85.051979 139.162842
v -41.233826 60.921371 134.233337
v -41.361881 61.473236 147.300812
v -38.498562 78.474251 141.805176
v -38.562473 77.043060 131.971283
v -37.453327 85.051979 139.162842
v -37.545135 84.427910 142.775574
v -37.796104 83.050285 146.019012
v -38.449902 79.558296 149.253769
v -37.796104 83.050285 146.019012
v -41.464138 61.914352 157.748199
v -41.092739 60.314690 119.875580
v -38.639698 75.299141 119.988678
v -37.381798 83.277031 120.046593
v -38.120224 78.454056 120.012558
v -38.239674 77.030334 113.087959
v -37.628754 80.990074 113.111214
v -37.912525 78.952454 111.248276
v -38.300041 76.305901 109.564560
v -37.424706 82.484520 115.527504
v -37.628754 80.990074 113.111214
v -38.169727 77.864029 117.142845
v -37.362083 83.083405 117.267029
v 25.963764 77.030334 113.087959
v 26.024132 76.305901 109.564560
v 25.636616 78.952454 111.248276
v 25.352842 80.990074 113.111214
v 25.352842 80.990074 113.111214
v 25.148798 82.484520 115.527504
v 25.086176 83.083405 117.267029
v 25.893818 77.864029 117.142845
v 26.412567 74.197601 112.419861
v 26.439369 73.588127 108.232170
v 28.786488 60.176231 116.717499
v 28.690636 59.928902 108.552612
v 26.382591 74.874504 117.070961
v 28.111393 63.026184 104.385086
v 28.650764 59.826599 105.176353
v 26.412567 74.197601 112.419861
v 28.650764 59.826599 105.176353
v 28.514282 60.574577 104.372421
v 28.111393 63.026184 104.385086
v -38.688477 74.197601 112.419861
v -38.715279 73.588127 108.232170
v -41.062397 60.176231 116.717499
v -38.658501 74.874504 117.070961
v -40.966545 59.928902 108.552612
v -40.387302 63.026184 104.385086
v -40.926674 59.826599 105.176353
v -38.688477 74.197601 112.419861
v -40.387302 63.026184 104.385086
v -40.790192 60.574577 104.372421
v -40.926674 59.826599 105.176353
vn -0.0000 0.4820 -0.8761
vn -0.0000 0.5004 -0.8658
vn 0.0756 0.4993 -0.8631
vn 0.0765 0.4808 -0.8735
vn -0.0000 0.5978 -0.8017
vn 0.0709 0.5957 -0.8001
vn 0.1365 0.4946 -0.8583
vn 0.1125 0.5936 -0.7969
vn 0.1976 0.5851 -0.7866
vn 0.2092 0.5831 -0.7850
vn 0.2160 0.4916 -0.8436
vn 0.3513 0.5585 -0.7514
vn 0.3624 0.5088 -0.7809
vn 0.2164 0.4747 -0.8531
vn 0.2986 0.4664 -0.8327
vn 0.3717 0.4616 -0.8055
vn 0.1271 0.4795 -0.8683
vn 0.2159 0.4726 -0.8544
vn 0.2320 0.4711 -0.8510
vn 0.2643 0.4708 -0.8417
vn 0.1162 0.4722 0.8738
vn 0.1137 0.4826 0.8684
vn -0.0000 0.4859 0.8740
vn -0.0000 0.4739 0.8806
vn 0.2073 0.4712 0.8573
vn 0.1964 0.4795 0.8553
vn 0.1119 0.6191 0.7773
vn -0.0000 0.6335 0.7738
vn 0.1922 0.5931 0.7819
vn 0.2834 0.4751 0.8331
vn 0.2850 0.5700 0.7707
vn 0.2895 0.4686 0.8346
vn 0.3717 0.5556 0.7437
vn 0.3667 0.4733 0.8009
vn 0.4915 0.5345 0.6876
vn 0.4949 0.4620 0.7359
vn 0.3663 0.4656 0.8056
vn 0.4495 0.4586 0.7666
vn 0.4504 0.4586 0.7661
vn -0.0765 0.4808 -0.8735
vn -0.0756 0.4993 -0.8631
vn -0.0709 0.5957 -0.8001
vn -0.1366 0.4946 -0.8583
vn -0.1125 0.5940 -0.7966
vn -0.1976 0.5851 -0.7866
vn -0.2160 0.4916 -0.8436
vn -0.2092 0.5831 -0.7850
vn -0.3513 0.5585 -0.7514
vn -0.3624 0.5088 -0.7809
vn -0.2164 0.4747 -0.8532
vn -0.2986 0.4664 -0.8327
vn -0.3717 0.4616 -0.8055
vn -0.1271 0.4795 -0.8683
vn -0.2159 0.4726 -0.8544
vn -0.2320 0.4711 -0.8510
vn -0.2643 0.4708 -0.8417
vn -0.1162 0.4722 0.8738
vn -0.1137 0.4826 0.8684
vn -0.2073 0.4712 0.8573
vn -0.1964 0.4795 0.8553
vn -0.1119 0.6191 0.7773
vn -0.1922 0.5931 0.7819
vn -0.2850 0.5700 0.7707
vn -0.2834 0.4751 0.8331
vn -0.2895 0.4686 0.8346
vn -0.3717 0.5556 0.7437
vn -0.3667 0.4733 0.8009
vn -0.4915 0.5345 0.6876
vn -0.4949 0.4620 0.7359
vn -0.3663 0.4656 0.8056
vn -0.4495 0.4586 0.7666
vn -0.4504 0.4586 0.7661
vn 0.9917 0.1278 -0.0152
vn 0.9880 0.1533 -0.0180
vn 0.9888 0.1483 -0.0155
vn 0.9919 0.1263 -0.0091
vn 0.9868 0.1611 -0.0166
vn 0.9869 0.1606 -0.0172
vn 0.9869 0.1602 -0.0165
vn 0.9868 0.1608 -0.0168
vn 0.9877 0.1554 -0.0160
vn 0.9873 0.1586 -0.0028
vn 0.9873 0.1586 -0.0031
vn 0.9868 0.1610 -0.0167
vn 0.9856 0.1679 -0.0180
vn 0.9868 0.1608 -0.0166
vn 0.9869 0.1603 -0.0166
vn 0.9869 0.1607 -0.0169
vn 0.9869 0.1607 -0.0164
vn 0.9867 0.1614 -0.0168
vn 0.9867 0.1619 -0.0169
vn 0.9873 0.1583 -0.0160
vn 0.9886 0.1501 -0.0145
vn -0.9917 0.1278 -0.0152
vn -0.9888 0.1483 -0.0155
vn -0.9880 0.1533 -0.0180
vn -0.9919 0.1263 -0.0091
vn -0.9868 0.1611 -0.0166
vn -0.9868 0.1608 -0.0168
vn -0.9869 0.1602 -0.0165
vn -0.9869 0.1605 -0.0172
vn -0.9877 0.1554 -0.0160
vn -0.9873 0.1586 -0.0028
vn -0.9873 0.1586 -0.0031
vn -0.9868 0.1610 -0.0167
vn -0.9856 0.1679 -0.0180
vn -0.9869 0.1607 -0.0164
vn -0.9868 0.1608 -0.0166
vn -0.9869 0.1607 -0.0169
vn -0.9869 0.1603 -0.0166
vn -0.9867 0.1614 -0.0168
vn -0.9867 0.1619 -0.0169
vn -0.9886 0.1501 -0.0144
vn -0.9873 0.1583 -0.0160
vn -0.9874 0.1573 -0.0158
vn -0.9881 0.1533 -0.0155
vn -0.9880 0.1534 -0.0154
vn -0.9873 0.1580 -0.0160
vn -0.9880 0.1539 -0.0151
vn -0.9882 0.1525 -0.0109
vn -0.9875 0.1569 -0.0158
vn -0.9880 0.1539 -0.0154
vn 0.9874 0.1574 -0.0159
vn 0.9873 0.1580 -0.0160
vn 0.9880 0.1535 -0.0153
vn 0.9880 0.1534 -0.0155
vn 0.9882 0.1525 -0.0109
vn 0.9880 0.1539 -0.0151
vn 0.9880 0.1539 -0.0154
vn 0.9875 0.1569 -0.0158
vn 0.9867 0.1615 -0.0168
vn 0.9866 0.1620 -0.0172
vn 0.9867 0.1619 -0.0168
vn 0.9867 0.1620 -0.0165
vn 0.9867 0.1619 -0.0167
vn 0.9866 0.1625 -0.0173
vn 0.9866 0.1620 -0.0166
vn 0.9866 0.1622 -0.0170
vn 0.9866 0.1621 -0.0167
vn 0.9866 0.1622 -0.0169
vn -0.9867 0.1617 -0.0168
vn -0.9866 0.1620 -0.0172
vn -0.9867 0.1618 -0.0169
vn -0.9867 0.1618 -0.0172
vn -0.9867 0.1620 -0.0165
vn -0.9867 0.1619 -0.0168
vn -0.9867 0.1617 -0.0167
vn -0.9866 0.1625 -0.0173
vn -0.9866 0.1620 -0.0166
vn -0.9866 0.1622 -0.0169
vn -0.9866 0.1621 -0.0167
vt 0.773918 0.450957
vt 0.773915 0.401345
vt 0.750118 0.399909
vt 0.746382 0.449798
vt 0.773914 0.391400
vt 0.750706 0.390583
vt 0.725280 0.396804
vt 0.726470 0.387817
vt 0.715923 0.385157
vt 0.708116 0.385209
vt 0.706595 0.392783
vt 0.703702 0.387819
vt 0.702446 0.391540
vt 0.701977 0.427374
vt 0.696442 0.425896
vt 0.700634 0.402062
vt 0.718600 0.445749
vt 0.702655 0.441105
vt 0.700415 0.439072
vt 0.696766 0.435643
vt 0.736321 0.096216
vt 0.742521 0.167138
vt 0.773905 0.165857
vt 0.773902 0.095472
vt 0.698752 0.098976
vt 0.712487 0.170526
vt 0.743334 0.172628
vt 0.773906 0.171555
vt 0.713844 0.175983
vt 0.690225 0.174807
vt 0.691991 0.180276
vt 0.669184 0.102902
vt 0.684327 0.182852
vt 0.682044 0.177092
vt 0.680098 0.182473
vt 0.676878 0.178669
vt 0.661393 0.105869
vt 0.658364 0.109007
vt 0.657308 0.116347
vt 0.801455 0.449794
vt 0.797711 0.399905
vt 0.797122 0.390580
vt 0.822549 0.396797
vt 0.821357 0.387810
vt 0.831904 0.385148
vt 0.841233 0.392773
vt 0.839711 0.385199
vt 0.844125 0.387808
vt 0.845381 0.391530
vt 0.845857 0.427364
vt 0.851391 0.425884
vt 0.847196 0.402051
vt 0.829236 0.445741
vt 0.845181 0.441094
vt 0.847420 0.439061
vt 0.851069 0.435632
vt 0.811482 0.096212
vt 0.805290 0.167135
vt 0.849052 0.098968
vt 0.835325 0.170519
vt 0.804477 0.172625
vt 0.833968 0.175977
vt 0.855822 0.180267
vt 0.857587 0.174798
vt 0.878621 0.102891
vt 0.863486 0.182842
vt 0.865768 0.177082
vt 0.867715 0.182463
vt 0.870934 0.178659
vt 0.886412 0.105857
vt 0.889441 0.108994
vt 0.890498 0.116334
vt 0.661983 0.265557
vt 0.651356 0.270175
vt 0.662046 0.289712
vt 0.661733 0.237443
vt 0.597125 0.260358
vt 0.641825 0.265308
vt 0.643613 0.229258
vt 0.595381 0.213229
vt 0.659998 0.224109
vt 0.655983 0.212091
vt 0.644754 0.202160
vt 0.593705 0.175741
vt 0.599344 0.311915
vt 0.640519 0.308775
vt 0.649032 0.308504
vt 0.661674 0.307431
vt 0.885828 0.265557
vt 0.885766 0.289712
vt 0.896456 0.270175
vt 0.886079 0.237443
vt 0.950687 0.260358
vt 0.952431 0.213229
vt 0.904199 0.229258
vt 0.905987 0.265308
vt 0.887814 0.224109
vt 0.891829 0.212091
vt 0.903058 0.202160
vt 0.954107 0.175741
vt 0.948467 0.311915
vt 0.907293 0.308775
vt 0.886137 0.307431
vt 0.898780 0.308504
vt 0.900321 0.333928
vt 0.889444 0.333750
vt 0.893912 0.342113
vt 0.901755 0.346825
vt 0.886576 0.324082
vt 0.899419 0.319040
vt 0.885620 0.317621
vt 0.647491 0.333928
vt 0.646057 0.346825
vt 0.653900 0.342113
vt 0.658368 0.333750
vt 0.661236 0.324082
vt 0.662191 0.317621
vt 0.648393 0.319040
vt 0.639694 0.336231
vt 0.638839 0.351461
vt 0.599823 0.323260
vt 0.601342 0.352552
vt 0.640201 0.319359
vt 0.610742 0.366965
vt 0.601801 0.364656
vt 0.604027 0.367412
vt 0.908118 0.336231
vt 0.908973 0.351461
vt 0.947989 0.323260
vt 0.907611 0.319359
vt 0.946470 0.352552
vt 0.937070 0.366965
vt 0.946011 0.364656
vt 0.943785 0.367412
s 1
usemtl Windows_SG
f 5263/4121/4849 5264/4122/4850 5265/4123/4851
f 5263/4121/4849 5265/4123/4851 5266/4124/4852
f 5265/4123/4851 5264/4122/4850 5267/4125/4853
f 5265/4123/4851 5267/4125/4853 5268/4126/4854
f 5269/4127/4855 5265/4123/4851 5268/4126/4854
f 5269/4127/4855 5268/4126/4854 5270/4128/4856
f 5271/4129/4857 5272/4130/4858 5273/4131/4859
f 5271/4129/4857 5273/4131/4859 5269/4127/4855
f 5274/4132/4860 5275/4133/4861 5273/4131/4859
f 5274/4132/4860 5273/4131/4859 5272/4130/4858
f 5269/4127/4855 5270/4128/4856 5271/4129/4857
f 5276/4134/4862 5273/4131/4859 5277/4135/4863
f 5277/4135/4863 5273/4131/4859 5278/4136/4864
f 5273/4131/4859 5275/4133/4861 5278/4136/4864
f 5265/4123/4851 5269/4127/4855 5279/4137/4865
f 5265/4123/4851 5279/4137/4865 5266/4124/4852
f 5269/4127/4855 5273/4131/4859 5276/4134/4862
f 5269/4127/4855 5276/4134/4862 5279/4137/4865
f 5280/4138/4866 5276/4134/4862 5281/4139/4867
f 5281/4139/4867 5276/4134/4862 5282/4140/4868
f 5276/4134/4862 5277/4135/4863 5282/4140/4868
f 5280/4138/4866 5279/4137/4865 5276/4134/4862
f 5283/4141/4869 5284/4142/4870 5285/4143/4871
f 5283/4141/4869 5285/4143/4871 5286/4144/4872
f 5287/4145/4873 5288/4146/4874 5284/4142/4870
f 5287/4145/4873 5284/4142/4870 5283/4141/4869
f 5285/4143/4871 5284/4142/4870 5289/4147/4875
f 5285/4143/4871 5289/4147/4875 5290/4148/4876
f 5284/4142/4870 5288/4146/4874 5291/4149/4877
f 5284/4142/4870 5291/4149/4877 5289/4147/4875
f 5288/4146/4874 5292/4150/4878 5293/4151/4879
f 5288/4146/4874 5293/4151/4879 5291/4149/4877
f 5292/4150/4878 5288/4146/4874 5287/4145/4873
f 5292/4150/4878 5287/4145/4873 5294/4152/4880
f 5295/4153/4881 5293/4151/4879 5292/4150/4878
f 5295/4153/4881 5292/4150/4878 5296/4154/4882
f 5297/4155/4883 5295/4153/4881 5296/4154/4882
f 5297/4155/4883 5296/4154/4882 5298/4156/4884
f 5296/4154/4882 5292/4150/4878 5294/4152/4880
f 5296/4154/4882 5294/4152/4880 5299/4157/4885
f 5300/4158/4886 5301/4159/4887 5296/4154/4882
f 5300/4158/4886 5296/4154/4882 5299/4157/4885
f 5301/4159/4887 5298/4156/4884 5296/4154/4882
f 5263/4121/4849 5302/4160/4888 5303/4161/4889
f 5263/4121/4849 5303/4161/4889 5264/4122/4850
f 5303/4161/4889 5304/4162/4890 5267/4125/4853
f 5303/4161/4889 5267/4125/4853 5264/4122/4850
f 5305/4163/4891 5306/4164/4892 5304/4162/4890
f 5305/4163/4891 5304/4162/4890 5303/4161/4889
f 5307/4165/4893 5305/4163/4891 5308/4166/4894
f 5307/4165/4893 5308/4166/4894 5309/4167/4895
f 5310/4168/4896 5309/4167/4895 5308/4166/4894
f 5310/4168/4896 5308/4166/4894 5311/4169/4897
f 5305/4163/4891 5307/4165/4893 5306/4164/4892
f 5312/4170/4898 5313/4171/4899 5308/4166/4894
f 5313/4171/4899 5314/4172/4900 5308/4166/4894
f 5308/4166/4894 5314/4172/4900 5311/4169/4897
f 5303/4161/4889 5302/4160/4888 5315/4173/4901
f 5303/4161/4889 5315/4173/4901 5305/4163/4891
f 5305/4163/4891 5315/4173/4901 5312/4170/4898
f 5305/4163/4891 5312/4170/4898 5308/4166/4894
f 5316/4174/4902 5317/4175/4903 5312/4170/4898
f 5317/4175/4903 5318/4176/4904 5312/4170/4898
f 5312/4170/4898 5318/4176/4904 5313/4171/4899
f 5316/4174/4902 5312/4170/4898 5315/4173/4901
f 5319/4177/4905 5286/4144/4872 5285/4143/4871
f 5319/4177/4905 5285/4143/4871 5320/4178/4906
f 5321/4179/4907 5319/4177/4905 5320/4178/4906
f 5321/4179/4907 5320/4178/4906 5322/4180/4908
f 5285/4143/4871 5290/4148/4876 5323/4181/4909
f 5285/4143/4871 5323/4181/4909 5320/4178/4906
f 5320/4178/4906 5323/4181/4909 5324/4182/4910
f 5320/4178/4906 5324/4182/4910 5322/4180/4908
f 5322/4180/4908 5324/4182/4910 5325/4183/4911
f 5322/4180/4908 5325/4183/4911 5326/4184/4912
f 5326/4184/4912 5327/4185/4913 5321/4179/4907
f 5326/4184/4912 5321/4179/4907 5322/4180/4908
f 5328/4186/4914 5329/4187/4915 5326/4184/4912
f 5328/4186/4914 5326/4184/4912 5325/4183/4911
f 5330/4188/4916 5331/4189/4917 5329/4187/4915
f 5330/4188/4916 5329/4187/4915 5328/4186/4914
f 5329/4187/4915 5332/4190/4918 5327/4185/4913
f 5329/4187/4915 5327/4185/4913 5326/4184/4912
f 5333/4191/4919 5332/4190/4918 5329/4187/4915
f 5333/4191/4919 5329/4187/4915 5334/4192/4920
f 5334/4192/4920 5329/4187/4915 5331/4189/4917
f 5335/4193/4921 5336/4194/4922 5337/4195/4923
f 5336/4194/4922 5335/4193/4921 5338/4196/4924
f 5339/4197/4925 5340/4198/4926 5341/4199/4927
f 5339/4197/4925 5341/4199/4927 5342/4200/4928
f 5340/4198/4926 5336/4194/4922 5343/4196/4929
f 5340/4198/4926 5343/4196/4929 5341/4199/4927
f 5344/4201/4930 5345/4202/4931 5341/4199/4927
f 5344/4201/4930 5341/4199/4927 5343/4196/4929
f 5346/4203/4932 5341/4199/4927 5347/4202/4933
s 0
f 5342/4200/4934 5341/4199/4935 5346/4203/4936
f 5342/4200/4937 5346/4203/4937 5348/4204/4937
s 1
f 5349/4205/4938 5350/4206/4939 5340/4198/4926
f 5349/4205/4938 5340/4198/4926 5339/4197/4925
f 5337/4195/4923 5336/4194/4922 5351/4207/4940
f 5337/4195/4923 5351/4207/4940 5352/4208/4941
f 5336/4194/4922 5340/4198/4926 5350/4206/4939
f 5336/4194/4922 5350/4206/4939 5351/4207/4940
f 5353/4209/4942 5354/4210/4943 5355/4211/4944
f 5355/4211/4944 5356/4212/4945 5353/4209/4942
f 5357/4213/4946 5358/4214/4947 5359/4215/4948
f 5357/4213/4946 5359/4215/4948 5360/4216/4949
f 5360/4216/4949 5359/4215/4948 5361/4212/4950
f 5360/4216/4949 5361/4212/4950 5355/4211/4944
f 5362/4217/4951 5361/4212/4950 5359/4215/4948
f 5362/4217/4951 5359/4215/4948 5363/4218/4952
f 5364/4219/4953 5365/4218/4954 5359/4215/4948
s 0
f 5358/4214/4955 5366/4220/4955 5364/4219/4955
f 5358/4214/4956 5364/4219/4957 5359/4215/4958
s 1
f 5367/4221/4959 5357/4213/4946 5360/4216/4949
f 5367/4221/4959 5360/4216/4949 5368/4222/4960
f 5354/4210/4943 5369/4223/4961 5370/4224/4962
f 5354/4210/4943 5370/4224/4962 5355/4211/4944
f 5355/4211/4944 5370/4224/4962 5368/4222/4960
f 5355/4211/4944 5368/4222/4960 5360/4216/4949
f 5371/4225/4963 5372/4226/4964 5373/4227/4965
f 5371/4225/4963 5373/4227/4965 5374/4228/4966
f 5371/4225/4963 5375/4229/4967 5376/4226/4968
f 5375/4229/4967 5371/4225/4963 5377/4230/4969
f 5375/4229/4967 5377/4230/4969 5378/4231/4970
f 5379/4232/4971 5380/4233/4972 5381/4234/4973
f 5379/4232/4971 5381/4234/4973 5382/4235/4974
f 5379/4232/4971 5383/4235/4975 5384/4236/4976
f 5384/4236/4976 5385/4237/4977 5386/4238/4978
f 5384/4236/4976 5386/4238/4978 5379/4232/4971
f 5387/4239/4979 5388/4240/4980 5380/4233/4972
f 5387/4239/4979 5380/4233/4972 5379/4232/4971
s 0
f 5389/4241/4981 5390/4242/4981 5387/4239/4982
s 1
f 5389/4241/4983 5387/4239/4979 5391/4243/4979
f 5391/4243/4979 5387/4239/4979 5379/4232/4971
f 5391/4243/4979 5379/4232/4971 5386/4238/4978
f 5387/4239/4979 5392/4244/4984 5388/4240/4980
s 0
f 5393/4245/4985 5387/4239/4985 5390/4242/4939
f 5394/4239/4986 5395/4245/4987 5396/4246/4987
f 5394/4239/4987 5396/4246/4988 5397/4244/4988
s 1
f 5398/4247/4989 5371/4225/4963 5374/4228/4966
f 5398/4247/4989 5374/4228/4966 5399/4248/4990
s 0
f 5400/4249/4960 5401/4250/4991 5398/4247/4992
f 5400/4249/4993 5398/4247/4993 5402/4251/4994
s 1
f 5401/4250/4995 5377/4230/4969 5371/4225/4963
f 5401/4250/4995 5371/4225/4963 5398/4247/4989
f 5403/4252/4996 5398/4247/4989 5399/4248/4990
s 0
f 5398/4247/4997 5404/4253/4997 5402/4251/4960
f 5405/4247/4998 5406/4252/4998 5407/4254/4998
f 5405/4247/4999 5407/4254/4999 5408/4253/4999
